{"language": "Solidity", "sources": {"checked_called_by_unchecked.sol": {"content": "contract C {\n    function add(uint16 a, uint16 b) public returns (uint16) {\n        return a + b;\n    }\n\n    function f(uint16 a, uint16 b, uint16 c) public returns (uint16) {\n        unchecked { return add(a, b) + c; }\n    }\n}\n// ----\n// f(uint16,uint16,uint16): 0xe000, 0xe500, 2 -> FAILURE, hex\"4e487b71\", 0x11\n// f(uint16,uint16,uint16): 0xe000, 0x1000, 0x1000 -> 0x00\n"}}, "settings": {"optimizer": {"enabled": true, "runs": 200}, "outputSelection": {"*": {"*": ["abi", "metadata", "evm.bytecode", "evm.deployedBytecode", "evm.methodIdentifiers", "evm.legacyAssembly", "evm.bytecode.opcodes", "yulCFGJson"]}}, "metadata": {"appendCBOR": false}, "viaIR": true}}