{"language": "Solidity", "sources": {"calldata_array_function_types.sol": {"content": "pragma abicoder               v2;\n\ncontract C {\n    function f(function() external returns (uint)[] calldata s) external returns (uint, uint, uint) {\n        assert(s.length == 3);\n        return (s[0](), s[1](), s[2]());\n    }\n    function f_reenc(function() external returns (uint)[] calldata s) external returns (uint, uint, uint) {\n        return this.f(s);\n    }\n    function getter1() external returns (uint) {\n        return 23;\n    }\n    function getter2() external returns (uint) {\n        return 37;\n    }\n    function getter3() external returns (uint) {\n        return 71;\n    }\n    function g(bool reenc) external returns (uint, uint, uint) {\n        function() external returns (uint)[] memory a = new function() external returns (uint)[](3);\n        a[0] = this.getter1;\n        a[1] = this.getter2;\n        a[2] = this.getter3;\n        return reenc ? this.f_reenc(a) : this.f(a);\n    }\n}\n// ----\n// g(bool): false -> 23, 37, 71\n// g(bool): true -> 23, 37, 71\n"}}, "settings": {"optimizer": {"enabled": true, "runs": 200}, "outputSelection": {"*": {"*": ["abi", "metadata", "evm.bytecode", "evm.deployedBytecode", "evm.methodIdentifiers", "evm.legacyAssembly", "evm.bytecode.opcodes", "yulCFGJson"]}}, "metadata": {"appendCBOR": false}, "viaIR": true}}