{"language": "Solidity", "sources": {"struct_function.sol": {"content": "pragma abicoder               v2;\n\ncontract C {\n    struct S { function () external returns (uint) f; uint b; }\n    function f(S memory s) public returns (uint, uint) {\n        return (s.f(), s.b);\n    }\n    function test() public returns (uint, uint) {\n        return this.f(S(this.g, 3));\n    }\n    function g() public returns (uint) { return 7; }\n}\n// ----\n// test() -> 7, 3\n"}}, "settings": {"optimizer": {"enabled": true, "runs": 200}, "outputSelection": {"*": {"*": ["abi", "metadata", "evm.bytecode", "evm.deployedBytecode", "evm.methodIdentifiers", "evm.legacyAssembly", "evm.bytecode.opcodes", "yulCFGJson"]}}, "metadata": {"appendCBOR": false}, "viaIR": true}}