{"language": "Solidity", "sources": {"@openzeppelin/contracts/utils/Base64.sol": {"content": "// SPDX-License-Identifier: MIT\n// OpenZeppelin Contracts (last updated v4.7.0) (utils/Base64.sol)\n\npragma solidity ^0.8.30;\n\n/**\n * @dev Provides a set of functions to operate with Base64 strings.\n *\n * _Available since v4.5._\n */\nlibrary Base64 {\n    /**\n     * @dev Base64 Encoding/Decoding Table\n     */\n    string internal constant _TABLE = \"ABCDEFGHIJKLMNOPQRSTUVWXYZabcdefghijklmnopqrstuvwxyz0123456789+/\";\n\n    /**\n     * @dev Converts a `bytes` to its Bytes64 `string` representation.\n     */\n    function encode(bytes memory data) internal pure returns (string memory) {\n        /**\n         * Inspired by Brecht Devos (Brechtpd) implementation - MIT licence\n         * https://github.com/Brechtpd/base64/blob/e78d9fd951e7b0977ddca77d92dc85183770daf4/base64.sol\n         */\n        if (data.length == 0) return \"\";\n\n        // Loads the table into memory\n        string memory table = _TABLE;\n\n        // Encoding takes 3 bytes chunks of binary data from `bytes` data parameter\n        // and split into 4 numbers of 6 bits.\n        // The final Base64 length should be `bytes` data length multiplied by 4/3 rounded up\n        // - `data.length + 2`  -> Round up\n        // - `/ 3`              -> Number of 3-bytes chunks\n        // - `4 *`              -> 4 characters for each chunk\n        string memory result = new string(4 * ((data.length + 2) / 3));\n\n        /// @solidity memory-safe-assembly\n        assembly {\n            // Prepare the lookup table (skip the first \"length\" byte)\n            let tablePtr := add(table, 1)\n\n            // Prepare result pointer, jump over length\n            let resultPtr := add(result, 32)\n\n            // Run over the input, 3 bytes at a time\n            for {\n                let dataPtr := data\n                let endPtr := add(data, mload(data))\n            } lt(dataPtr, endPtr) {\n\n            } {\n                // Advance 3 bytes\n                dataPtr := add(dataPtr, 3)\n                let input := mload(dataPtr)\n\n                // To write each character, shift the 3 bytes (18 bits) chunk\n                // 4 times in blocks of 6 bits for each character (18, 12, 6, 0)\n                // and apply logical AND with 0x3F which is the number of\n                // the previous character in the ASCII table prior to the Base64 Table\n                // The result is then added to the table to get the character to write,\n                // and finally write it in the result pointer but with a left shift\n                // of 256 (1 byte) - 8 (1 ASCII char) = 248 bits\n\n                mstore8(resultPtr, mload(add(tablePtr, and(shr(18, input), 0x3F))))\n                resultPtr := add(resultPtr, 1) // Advance\n\n                mstore8(resultPtr, mload(add(tablePtr, and(shr(12, input), 0x3F))))\n                resultPtr := add(resultPtr, 1) // Advance\n\n                mstore8(resultPtr, mload(add(tablePtr, and(shr(6, input), 0x3F))))\n                resultPtr := add(resultPtr, 1) // Advance\n\n                mstore8(resultPtr, mload(add(tablePtr, and(input, 0x3F))))\n                resultPtr := add(resultPtr, 1) // Advance\n            }\n\n            // When data `bytes` is not exactly 3 bytes long\n            // it is padded with `=` characters at the end\n            switch mod(mload(data), 3)\n            case 1 {\n                mstore8(sub(resultPtr, 1), 0x3d)\n                mstore8(sub(resultPtr, 2), 0x3d)\n            }\n            case 2 {\n                mstore8(sub(resultPtr, 1), 0x3d)\n            }\n        }\n\n        return result;\n    }\n}\n"}, "@openzeppelin/contracts/utils/math/Math.sol": {"content": "// SPDX-License-Identifier: MIT\n// OpenZeppelin Contracts (last updated v4.8.0) (utils/math/Math.sol)\n\npragma solidity ^0.8.30;\n\n/**\n * @dev Standard math utilities missing in the Solidity language.\n */\nlibrary Math {\n    enum Rounding {\n        Down, // Toward negative infinity\n        Up, // Toward infinity\n        Zero // Toward zero\n    }\n\n    /**\n     * @dev Returns the largest of two numbers.\n     */\n    function max(uint256 a, uint256 b) internal pure returns (uint256) {\n        return a > b ? a : b;\n    }\n\n    /**\n     * @dev Returns the smallest of two numbers.\n     */\n    function min(uint256 a, uint256 b) internal pure returns (uint256) {\n        return a < b ? a : b;\n    }\n\n    /**\n     * @dev Returns the average of two numbers. The result is rounded towards\n     * zero.\n     */\n    function average(uint256 a, uint256 b) internal pure returns (uint256) {\n        // (a + b) / 2 can overflow.\n        return (a & b) + (a ^ b) / 2;\n    }\n\n    /**\n     * @dev Returns the ceiling of the division of two numbers.\n     *\n     * This differs from standard division with `/` in that it rounds up instead\n     * of rounding down.\n     */\n    function ceilDiv(uint256 a, uint256 b) internal pure returns (uint256) {\n        // (a + b - 1) / b can overflow on addition, so we distribute.\n        return a == 0 ? 0 : (a - 1) / b + 1;\n    }\n\n    /**\n     * @notice Calculates floor(x * y / denominator) with full precision. Throws if result overflows a uint256 or denominator == 0\n     * @dev Original credit to Remco Bloemen under MIT license (https://xn--2-umb.com/21/muldiv)\n     * with further edits by Uniswap Labs also under MIT license.\n     */\n    function mulDiv(\n        uint256 x,\n        uint256 y,\n        uint256 denominator\n    ) internal pure returns (uint256 result) {\n        unchecked {\n            // 512-bit multiply [prod1 prod0] = x * y. Compute the product mod 2^256 and mod 2^256 - 1, then use\n            // use the Chinese Remainder Theorem to reconstruct the 512 bit result. The result is stored in two 256\n            // variables such that product = prod1 * 2^256 + prod0.\n            uint256 prod0; // Least significant 256 bits of the product\n            uint256 prod1; // Most significant 256 bits of the product\n            assembly {\n                let mm := mulmod(x, y, not(0))\n                prod0 := mul(x, y)\n                prod1 := sub(sub(mm, prod0), lt(mm, prod0))\n            }\n\n            // Handle non-overflow cases, 256 by 256 division.\n            if (prod1 == 0) {\n                return prod0 / denominator;\n            }\n\n            // Make sure the result is less than 2^256. Also prevents denominator == 0.\n            require(denominator > prod1);\n\n            ///////////////////////////////////////////////\n            // 512 by 256 division.\n            ///////////////////////////////////////////////\n\n            // Make division exact by subtracting the remainder from [prod1 prod0].\n            uint256 remainder;\n            assembly {\n                // Compute remainder using mulmod.\n                remainder := mulmod(x, y, denominator)\n\n                // Subtract 256 bit number from 512 bit number.\n                prod1 := sub(prod1, gt(remainder, prod0))\n                prod0 := sub(prod0, remainder)\n            }\n\n            // Factor powers of two out of denominator and compute largest power of two divisor of denominator. Always >= 1.\n            // See https://cs.stackexchange.com/q/138556/92363.\n\n            // Does not overflow because the denominator cannot be zero at this stage in the function.\n            uint256 twos = denominator & (~denominator + 1);\n            assembly {\n                // Divide denominator by twos.\n                denominator := div(denominator, twos)\n\n                // Divide [prod1 prod0] by twos.\n                prod0 := div(prod0, twos)\n\n                // Flip twos such that it is 2^256 / twos. If twos is zero, then it becomes one.\n                twos := add(div(sub(0, twos), twos), 1)\n            }\n\n            // Shift in bits from prod1 into prod0.\n            prod0 |= prod1 * twos;\n\n            // Invert denominator mod 2^256. Now that denominator is an odd number, it has an inverse modulo 2^256 such\n            // that denominator * inv = 1 mod 2^256. Compute the inverse by starting with a seed that is correct for\n            // four bits. That is, denominator * inv = 1 mod 2^4.\n            uint256 inverse = (3 * denominator) ^ 2;\n\n            // Use the Newton-Raphson iteration to improve the precision. Thanks to Hensel's lifting lemma, this also works\n            // in modular arithmetic, doubling the correct bits in each step.\n            inverse *= 2 - denominator * inverse; // inverse mod 2^8\n            inverse *= 2 - denominator * inverse; // inverse mod 2^16\n            inverse *= 2 - denominator * inverse; // inverse mod 2^32\n            inverse *= 2 - denominator * inverse; // inverse mod 2^64\n            inverse *= 2 - denominator * inverse; // inverse mod 2^128\n            inverse *= 2 - denominator * inverse; // inverse mod 2^256\n\n            // Because the division is now exact we can divide by multiplying with the modular inverse of denominator.\n            // This will give us the correct result modulo 2^256. Since the preconditions guarantee that the outcome is\n            // less than 2^256, this is the final result. We don't need to compute the high bits of the result and prod1\n            // is no longer required.\n            result = prod0 * inverse;\n            return result;\n        }\n    }\n\n    /**\n     * @notice Calculates x * y / denominator with full precision, following the selected rounding direction.\n     */\n    function mulDiv(\n        uint256 x,\n        uint256 y,\n        uint256 denominator,\n        Rounding rounding\n    ) internal pure returns (uint256) {\n        uint256 result = mulDiv(x, y, denominator);\n        if (rounding == Rounding.Up && mulmod(x, y, denominator) > 0) {\n            result += 1;\n        }\n        return result;\n    }\n\n    /**\n     * @dev Returns the square root of a number. If the number is not a perfect square, the value is rounded down.\n     *\n     * Inspired by Henry S. Warren, Jr.'s \"Hacker's Delight\" (Chapter 11).\n     */\n    function sqrt(uint256 a) internal pure returns (uint256) {\n        if (a == 0) {\n            return 0;\n        }\n\n        // For our first guess, we get the biggest power of 2 which is smaller than the square root of the target.\n        //\n        // We know that the \"msb\" (most significant bit) of our target number `a` is a power of 2 such that we have\n        // `msb(a) <= a < 2*msb(a)`. This value can be written `msb(a)=2**k` with `k=log2(a)`.\n        //\n        // This can be rewritten `2**log2(a) <= a < 2**(log2(a) + 1)`\n        // \u2192 `sqrt(2**k) <= sqrt(a) < sqrt(2**(k+1))`\n        // \u2192 `2**(k/2) <= sqrt(a) < 2**((k+1)/2) <= 2**(k/2 + 1)`\n        //\n        // Consequently, `2**(log2(a) / 2)` is a good first approximation of `sqrt(a)` with at least 1 correct bit.\n        uint256 result = 1 << (log2(a) >> 1);\n\n        // At this point `result` is an estimation with one bit of precision. We know the true value is a uint128,\n        // since it is the square root of a uint256. Newton's method converges quadratically (precision doubles at\n        // every iteration). We thus need at most 7 iteration to turn our partial result with one bit of precision\n        // into the expected uint128 result.\n        unchecked {\n            result = (result + a / result) >> 1;\n            result = (result + a / result) >> 1;\n            result = (result + a / result) >> 1;\n            result = (result + a / result) >> 1;\n            result = (result + a / result) >> 1;\n            result = (result + a / result) >> 1;\n            result = (result + a / result) >> 1;\n            return min(result, a / result);\n        }\n    }\n\n    /**\n     * @notice Calculates sqrt(a), following the selected rounding direction.\n     */\n    function sqrt(uint256 a, Rounding rounding) internal pure returns (uint256) {\n        unchecked {\n            uint256 result = sqrt(a);\n            return result + (rounding == Rounding.Up && result * result < a ? 1 : 0);\n        }\n    }\n\n    /**\n     * @dev Return the log in base 2, rounded down, of a positive value.\n     * Returns 0 if given 0.\n     */\n    function log2(uint256 value) internal pure returns (uint256) {\n        uint256 result = 0;\n        unchecked {\n            if (value >> 128 > 0) {\n                value >>= 128;\n                result += 128;\n            }\n            if (value >> 64 > 0) {\n                value >>= 64;\n                result += 64;\n            }\n            if (value >> 32 > 0) {\n                value >>= 32;\n                result += 32;\n            }\n            if (value >> 16 > 0) {\n                value >>= 16;\n                result += 16;\n            }\n            if (value >> 8 > 0) {\n                value >>= 8;\n                result += 8;\n            }\n            if (value >> 4 > 0) {\n                value >>= 4;\n                result += 4;\n            }\n            if (value >> 2 > 0) {\n                value >>= 2;\n                result += 2;\n            }\n            if (value >> 1 > 0) {\n                result += 1;\n            }\n        }\n        return result;\n    }\n\n    /**\n     * @dev Return the log in base 2, following the selected rounding direction, of a positive value.\n     * Returns 0 if given 0.\n     */\n    function log2(uint256 value, Rounding rounding) internal pure returns (uint256) {\n        unchecked {\n            uint256 result = log2(value);\n            return result + (rounding == Rounding.Up && 1 << result < value ? 1 : 0);\n        }\n    }\n\n    /**\n     * @dev Return the log in base 10, rounded down, of a positive value.\n     * Returns 0 if given 0.\n     */\n    function log10(uint256 value) internal pure returns (uint256) {\n        uint256 result = 0;\n        unchecked {\n            if (value >= 10**64) {\n                value /= 10**64;\n                result += 64;\n            }\n            if (value >= 10**32) {\n                value /= 10**32;\n                result += 32;\n            }\n            if (value >= 10**16) {\n                value /= 10**16;\n                result += 16;\n            }\n            if (value >= 10**8) {\n                value /= 10**8;\n                result += 8;\n            }\n            if (value >= 10**4) {\n                value /= 10**4;\n                result += 4;\n            }\n            if (value >= 10**2) {\n                value /= 10**2;\n                result += 2;\n            }\n            if (value >= 10**1) {\n                result += 1;\n            }\n        }\n        return result;\n    }\n\n    /**\n     * @dev Return the log in base 10, following the selected rounding direction, of a positive value.\n     * Returns 0 if given 0.\n     */\n    function log10(uint256 value, Rounding rounding) internal pure returns (uint256) {\n        unchecked {\n            uint256 result = log10(value);\n            return result + (rounding == Rounding.Up && 10**result < value ? 1 : 0);\n        }\n    }\n\n    /**\n     * @dev Return the log in base 256, rounded down, of a positive value.\n     * Returns 0 if given 0.\n     *\n     * Adding one to the result gives the number of pairs of hex symbols needed to represent `value` as a hex string.\n     */\n    function log256(uint256 value) internal pure returns (uint256) {\n        uint256 result = 0;\n        unchecked {\n            if (value >> 128 > 0) {\n                value >>= 128;\n                result += 16;\n            }\n            if (value >> 64 > 0) {\n                value >>= 64;\n                result += 8;\n            }\n            if (value >> 32 > 0) {\n                value >>= 32;\n                result += 4;\n            }\n            if (value >> 16 > 0) {\n                value >>= 16;\n                result += 2;\n            }\n            if (value >> 8 > 0) {\n                result += 1;\n            }\n        }\n        return result;\n    }\n\n    /**\n     * @dev Return the log in base 10, following the selected rounding direction, of a positive value.\n     * Returns 0 if given 0.\n     */\n    function log256(uint256 value, Rounding rounding) internal pure returns (uint256) {\n        unchecked {\n            uint256 result = log256(value);\n            return result + (rounding == Rounding.Up && 1 << (result * 8) < value ? 1 : 0);\n        }\n    }\n}\n"}, "@openzeppelin/contracts/utils/Strings.sol": {"content": "// SPDX-License-Identifier: MIT\n// OpenZeppelin Contracts (last updated v4.8.0) (utils/Strings.sol)\n\npragma solidity ^0.8.30;\n\nimport \"./math/Math.sol\";\n\n/**\n * @dev String operations.\n */\nlibrary Strings {\n    bytes16 private constant _SYMBOLS = \"0123456789abcdef\";\n    uint8 private constant _ADDRESS_LENGTH = 20;\n\n    /**\n     * @dev Converts a `uint256` to its ASCII `string` decimal representation.\n     */\n    function toString(uint256 value) internal pure returns (string memory) {\n        unchecked {\n            uint256 length = Math.log10(value) + 1;\n            string memory buffer = new string(length);\n            uint256 ptr;\n            /// @solidity memory-safe-assembly\n            assembly {\n                ptr := add(buffer, add(32, length))\n            }\n            while (true) {\n                ptr--;\n                /// @solidity memory-safe-assembly\n                assembly {\n                    mstore8(ptr, byte(mod(value, 10), _SYMBOLS))\n                }\n                value /= 10;\n                if (value == 0) break;\n            }\n            return buffer;\n        }\n    }\n\n    /**\n     * @dev Converts a `uint256` to its ASCII `string` hexadecimal representation.\n     */\n    function toHexString(uint256 value) internal pure returns (string memory) {\n        unchecked {\n            return toHexString(value, Math.log256(value) + 1);\n        }\n    }\n\n    /**\n     * @dev Converts a `uint256` to its ASCII `string` hexadecimal representation with fixed length.\n     */\n    function toHexString(uint256 value, uint256 length) internal pure returns (string memory) {\n        bytes memory buffer = new bytes(2 * length + 2);\n        buffer[0] = \"0\";\n        buffer[1] = \"x\";\n        for (uint256 i = 2 * length + 1; i > 1; --i) {\n            buffer[i] = _SYMBOLS[value & 0xf];\n            value >>= 4;\n        }\n        require(value == 0, \"Strings: hex length insufficient\");\n        return string(buffer);\n    }\n\n    /**\n     * @dev Converts an `address` with fixed length of 20 bytes to its not checksummed ASCII `string` hexadecimal representation.\n     */\n    function toHexString(address addr) internal pure returns (string memory) {\n        return toHexString(uint256(uint160(addr)), _ADDRESS_LENGTH);\n    }\n}\n"}, "contracts/IMonstersDecoder.sol": {"content": "// SPDX-License-Identifier: MIT\n\n/*********************************\n*                                *\n*            (o.O)               *\n*           (^^^^^)              *\n*                                *\n *********************************/\n\npragma solidity ^0.8.30;\n\ninterface IMonstersDecoder {\n    function tokenURI(uint256 tokenId, uint256 seed) external view returns (string memory);\n}"}, "contracts/MonstersDecoder.sol": {"content": "// SPDX-License-Identifier: MIT\n\n/*********************************\n*                                *\n*            (o.O)               *\n*           (^^^^^)              *\n*                                *\n *********************************/\n\npragma solidity ^0.8.30;\n\nimport \"@openzeppelin/contracts/utils/Strings.sol\";\nimport \"@openzeppelin/contracts/utils/Base64.sol\";\nimport \"./IMonstersDecoder.sol\";\n\ncontract MonstersDecoder is IMonstersDecoder {\n    struct Color {\n        string value;\n        string name;\n    }\n    struct Trait {\n        string content;\n        string name;\n        Color color;\n    }\n    using Strings for uint256;\n\n    string private constant SVG_END_TAG = '</svg>';\n\n    function tokenURI(uint256 tokenId, uint256 seed) external pure override returns (string memory) {\n        uint256[6] memory colors = [seed % 10000000000000000000000 / 100000000000000000000, seed % 1000000000000000000 / 10000000000000000, seed % 100000000000000 / 1000000000000, seed % 10000000000 / 100000000, seed % 1000000 / 10000, seed % 100];\n        Trait memory head = getHead(seed / 10000000000000000000000, colors[0]);\n        Trait memory face = getFace(seed % 100000000000000000000 / 1000000000000000000, colors[1]);\n        Trait memory mouth = getMouth(seed % 10000000000000000 / 100000000000000, colors[2]);\n        Trait memory neck = getNeck(seed % 1000000000000 / 10000000000, colors[3]);\n        Trait memory body = getBody(seed % 100000000 / 1000000, colors[4]);\n        Trait memory feet = getFeet(seed % 10000 / 100, colors[5]);\n        uint256 neckSeed = seed % 1000000000000 / 10000000000;\n        bool noNeck = neckSeed == 10 || neckSeed == 11 || neckSeed == 12;\n        uint256 neckValue = 0;\n        if (noNeck) {\n            colors[3] = 0;\n            neckValue = 1;\n        }\n        uint256 colorCount = calculateColorCount(colors) - neckValue;\n        string memory rawSvg = string(\n            abi.encodePacked(\n                '<svg width=\"320\" height=\"320\" viewBox=\"0 0 320 320\" xmlns=\"http://www.w3.org/2000/svg\">',\n                '<rect width=\"100%\" height=\"100%\" fill=\"#121212\"/>',\n                '<text x=\"160\" y=\"130\" font-family=\"Courier,monospace\" font-weight=\"700\" font-size=\"20\" text-anchor=\"middle\" letter-spacing=\"1\">',\n                head.content,\n                face.content,\n                mouth.content,\n                neck.content,\n                body.content,\n                feet.content,\n                '</text>',\n                SVG_END_TAG\n            )\n        );\n\n        string memory encodedSvg = Base64.encode(bytes(rawSvg));\n        string memory description = 'Monsters Club';\n\n        return string(\n            abi.encodePacked(\n                'data:application/json;base64,',\n                Base64.encode(\n                    bytes(\n                        abi.encodePacked(\n                            '{',\n                            '\"name\":\"Monster #', tokenId.toString(), '\",',\n                            '\"description\":\"', description, '\",',\n                            '\"image\": \"', 'data:image/svg+xml;base64,', encodedSvg, '\",',\n                            '\"attributes\": [{\"trait_type\": \"Head\", \"value\": \"', head.name,' (',head.color.name,')', '\"},',\n                            '{\"trait_type\": \"Face\", \"value\": \"', face.name,' (',face.color.name,')', '\"},',\n                            '{\"trait_type\": \"Body\", \"value\": \"', body.name,' (',body.color.name,')', '\"},',\n                            '{\"trait_type\": \"Mouth\", \"value\": \"', mouth.name,' (',mouth.color.name,')', '\"},',\n                            '{\"trait_type\": \"Neck\", \"value\": \"', neck.name,' (',neck.color.name,')', '\"},',\n                            '{\"trait_type\": \"Feet\", \"value\": \"', feet.name,' (',feet.color.name,')', '\"},',\n                            '{\"trait_type\": \"Colors\", \"value\": ', colorCount.toString(), '}',\n                            ']',\n                            '}')\n                    )\n                )\n            )\n        );\n    }\n\n    function getColor(uint256 seed) private pure returns (Color memory) {\n        if (seed == 10) {\n            return Color(\"#e60049\", \"UA Red\");\n        }\n        if (seed == 11) {\n            return Color(\"#82b6b9\", \"Pewter Blue\");\n        }\n        if (seed == 12) {\n            return Color(\"#b3d4ff\", \"Pale Blue\");\n        }\n        if (seed == 13) {\n            return Color(\"#00ffff\", \"Aqua\");\n        }\n        if (seed == 14) {\n            return Color(\"#0bb4ff\", \"Blue Bolt\");\n        }\n        if (seed == 15) {\n            return Color(\"#1853ff\", \"Blue RYB\");\n        }\n        if (seed == 16) {\n            return Color(\"#35d435\", \"Lime Green\");\n        }\n        if (seed == 17) {\n            return Color(\"#61ff75\", \"Screamin Green\");\n        }\n        if (seed == 18) {\n            return Color(\"#00bfa0\", \"Aqua\");\n        }\n        if (seed == 19) {\n            return Color(\"#ffa300\", \"Orange\");\n        }\n        if (seed == 20) {\n            return Color(\"#fd7f6f\", \"Coral Reef\");\n        }\n        if (seed == 21) {\n            return Color(\"#d0f400\", \"Volt\");\n        }\n        if (seed == 22) {\n            return Color(\"#9b19f5\", \"Purple X11\");\n        }\n        if (seed == 23) {\n            return Color(\"#dc0ab4\", \"Deep Magenta\");\n        }\n        if (seed == 24) {\n            return Color(\"#f46a9b\", \"Cyclamen\");\n        }\n        if (seed == 25) {\n            return Color(\"#bd7ebe\", \"African Violet\");\n        }\n        if (seed == 26) {\n            return Color(\"#fdcce5\", \"Classic Rose\");\n        }\n        if (seed == 27) {\n            return Color(\"#FCE74C\", \"Gargoyle Gas\");\n        }\n        if (seed == 28) {\n            return Color(\"#eeeeee\", \"Bright Gray\");\n        }\n        if (seed == 29) {\n            return Color(\"#7f766d\", \"Sonic Silver\");\n        }\n\n        return Color('','');\n    }\n\n    function getHead(uint256 seed, uint256 colorSeed) private pure returns (Trait memory) {\n        Color memory color = getColor(colorSeed);\n        string memory content;\n        string memory name;\n        if (seed == 10) {\n            content = \"'--'\";\n            name = \"Ears\";\n        }\n        if (seed == 11) {\n            content = \"---\";\n            name = \"Bald\";\n        }\n        if (seed == 12) {\n            content = \"$___$\";\n            name = \"Pigtails\";\n        }\n        if (seed == 13) {\n            content = \"///\";\n            name = \"Punk Right\";\n        }\n        if (seed == 14) {\n            content = \"***\";\n            name = \"Short Hair\";\n        }\n        if (seed == 15) {\n            content = \"(___)\";\n            name = \"Horns\";\n        }\n        if (seed == 16) {\n            content = \"~~~\";\n            name = \"Curly Hair\";\n        }\n        if (seed == 17) {\n            content = '\\\\|/';\n            name = 'Spikes';\n        }\n        if (seed == 18) {\n            content = '|';\n            name = 'Punk Crest';\n        }\n        if (seed == 19) {\n            content = '|||';\n            name = 'Standing Spikes';\n        }\n        if (seed == 20) {\n            content = '(((';\n            name = 'Left Curve Hair';\n        }\n        if (seed == 21) {\n            content = ')))';\n            name = 'Right Curve Hair';\n        }\n        if (seed == 22) {\n            content = '(_^_)';\n            name = 'Viking Helmet';\n        }\n        if (seed == 23) {\n            content = '(_@_)';\n            name = 'Hypnotic Hat';\n        }\n        if (seed == 24) {\n            content = '(_0_)';   \n            name = 'Third eye';\n        }\n        if (seed == 25) {\n            content = '(_|_)';\n            name = 'Crown';\n        }\n        if (seed == 26) {\n            content = '\\\\|||/';\n            name = 'Crazy Spikes';\n        }\n        if (seed == 27) {\n            content = '|-|-|';\n            name = 'Crown of Thorns';\n        }\n        if (seed == 28) {\n            content = '\\u00ba\\u00ba\\u00ba';\n            name = 'Small Curly Hair';\n        }\n        if (seed == 29) {\n            content = \"\\\\\\\\\";\n            name = \"Punk Left\";\n        }\n\n        return Trait(string(abi.encodePacked('<tspan fill=\"', color.value, '\">', content, '</tspan>')), name, color);\n    }\n\n    function getFace(uint256 seed, uint256 colorSeed) private pure returns (Trait memory) {\n        Color memory color = getColor(colorSeed);\n        string memory content;\n        string memory name;\n        if (seed == 10) {\n            content = \"(o.o)\";\n            name = \"Classic\";\n        }\n        if (seed == 11) {\n            content = \"(-.-)\";\n            name = \"Sleeping\";\n        }\n        if (seed == 12) {\n            content = \"(o.-)\";\n            name = \"Wink\";\n        }\n        if (seed == 13) {\n            content = \"(o.O)\";\n            name = \"Suspicious\";\n        }\n        if (seed == 14) {\n            content = \"(0.0)\";\n            name = \"Wide-eyed\";\n        }\n        if (seed == 15) {\n            content = \"(o-o)\";\n            name = \"Glasses\";\n        }\n        if (seed == 16) {\n            content = \"(*.*)\";\n            name = \"Stunned\";\n        }\n        if (seed == 17) {\n            content = \"()...()\";\n            name = \"Frog Wide Eyes\";\n        }\n        if (seed == 18) {\n            content = \"(~.~)\";\n            name = \"Dizzy\";\n        }\n        if (seed == 19) {\n            content = \"(\\u00ac.\\u00ac)\";\n            name = \"Sarcastic\";\n        }\n        if (seed == 20) {\n            content = \"0...0\";\n            name = \"Frog\";\n        }\n        if (seed == 21) {\n            content = \"(@.@)\";\n            name = \"Hypno\";\n        }\n\n        return Trait(string(abi.encodePacked('<tspan dy=\"20\" x=\"160\" fill=\"', color.value, '\">', content, '</tspan>')), name, color);\n    }\n\n    function getMouth(uint256 seed, uint256 colorSeed) private pure returns (Trait memory) {\n        Color memory color = getColor(colorSeed);\n        string memory content;\n        string memory name;\n        if (seed == 10) {\n            content = \"\\u0028\\u221e\\u221e\\u221e\\u221e\\u221e\\u0029\";\n            name = \"Zipped Lips\";\n        }\n        if (seed == 11) {\n            content = \"\\u0028\\u005e\\u00b4\\u005e\\u00b4\\u005e\\u0029\";\n            name = \"Three Fangs\";\n        }\n        if (seed == 12) {\n            content = \"\\u0028\\u00b7\\u00b7\\u00b7\\u00b7\\u00b7\\u0029\";\n            name = \"Double Teeth\";\n        }\n        if (seed == 13) {\n            content = \"(\\\"\\\"\\\"\\\"\\\")\";\n            name = \"Buck Teeth\";\n        }\n        if (seed == 14) {\n            content = \"(^^^^^)\";\n            name = \"Upper Fangs\";\n        }\n        if (seed == 15) {\n            content = \"(=====)\";\n            name = \"Biting\";\n        }\n        if (seed == 16) {\n            content = \"(vvvvv)\";\n            name = \"Fangs\";\n        }\n\n        return Trait(string(abi.encodePacked('<tspan dy=\"25\" x=\"160\" fill=\"', color.value, '\">', content, '</tspan>')), name, color);\n    }\n\n    function getNeck(uint256 seed, uint256 colorSeed) private pure returns (Trait memory) {\n        Color memory color = getColor(colorSeed);\n        string memory content;\n        string memory name;\n        uint256 y = 25;\n        if (seed == 10 || seed == 11 || seed == 12) {\n            return Trait(\"\", \"None\", Color(\"None\", \"None\"));\n        }\n        if (seed == 13) {\n            content = \"|^|\";\n            name = \"Adam's apple\";\n        }\n        if (seed == 14) {\n            content = \"| |\";\n            name = \"Classic\";\n        }\n        if (seed == 15) {\n            content = \"|o|\";\n            name = \"Neck Hole\";\n        }\n        if (seed == 16) {\n            content = \"|=|\";\n            name = \"Turtleneck\";\n        }\n        if (seed == 17) {\n            content = \"|.|\";\n            name = \"Mole\";\n        }\n\n        return Trait(string(abi.encodePacked('<tspan dy=\"',y.toString(),'\" x=\"160\" fill=\"', color.value, '\">', content, '</tspan>')), name, color);\n    }\n\n    function getBody(uint256 seed, uint256 colorSeed) private pure returns (Trait memory) {\n        Color memory color = getColor(colorSeed);\n        string memory content;\n        string memory name;\n        uint256 y = 25;\n        if (seed == 10) {\n            content = \"{'\\\"'}\";\n            name = \"Suit\";\n        }\n        if (seed == 11) {\n            content = \"//{\\\\S/}\\\\\\\\\";\n            name = \"Super Monster\";\n        }\n        if (seed == 12) {\n            content = \"{=|=}\";\n            name = \"Jacket\";\n        }\n        if (seed == 13) {\n            content = \"(\\\\+/)\";\n            name = \"Priest\";\n        }\n        if (seed == 14) {\n            content = \"{ :~}\";\n            name = \"Shirt\";\n        }\n        if (seed == 15) {\n            content = \"{\\\\:/}\";\n            name = \"Suit\";\n        }\n        if (seed == 16) {\n            content = \"{\\\\~/}\";\n            name = \"Tuxedo\";\n        }\n        if (seed == 17) {\n            content = \"\\u002f\\u002d\\u0028\\u005c\\u002a\\u002f\\u0029\\u002d\\u005c\";\n            name = \"Small Wings\";\n        }\n        if (seed == 18) {\n            content = \"\\u0028\\u005c\\u007e\\u002f\\u0029\";\n            name = \"Classic Tuxedo\";\n        }\n\n        return Trait(string(abi.encodePacked('<tspan dy=\"',y.toString(),'\" x=\"160\" fill=\"', color.value, '\">', content, '</tspan>')), name, color);\n    }\n\n    function getFeet(uint256 seed, uint256 colorSeed) private pure returns (Trait memory) {\n        Color memory color = getColor(colorSeed);\n        string memory content;\n        string memory name;\n        uint256 y;\n        if (seed == 10) {\n            content = \"(\\\") (\\\")\";\n            name = \"Sitting\";\n            y = 30;\n        }\n        if (seed == 11) {\n            content = \"^   ^\";\n            name = \"Small Feets\";\n            y = 30;\n        }\n        if (seed == 12) {\n            content = \"(^) (^)\";\n            name = \"Claws\";\n            y = 30;\n        }\n        if (seed == 13) {\n            content = \"\\u0028\\u00a8\\u0029 \\u0028\\u00a8\\u0029\";\n            name = \"Small Claws\";\n            y = 30;\n        }\n\n        return Trait(string(abi.encodePacked('<tspan dy=\"',y.toString(),'\" x=\"160\" fill=\"', color.value, '\">', content, '</tspan>')), name, color);\n    }\n\n    function calculateColorCount(uint256[6] memory colors) private pure returns (uint256) {\n        uint256 count;\n\n        for (uint256 i = 0; i < 6; i++) {\n            for (uint256 j = 0; j < 6; j++) {\n                if (colors[i] == colors[j]) {\n                    count++;\n                }\n            }       \n        }\n\n        if (count == 6) {\n            return 6;\n        }\n\n        if (count == 8) {\n            return 5;\n        }\n\n        if (count == 10 || count == 12) {\n            return 4;\n        }\n\n        if (count == 18 || count == 14) {\n            return 3;\n        }\n\n        if (count == 26 || count == 20 || count == 18) {\n            return 2;\n        }\n\n        if (count == 36) {\n            return 1;\n        }\n\n        return 0;\n    }\n}"}}, "settings": {"optimizer": {"enabled": true, "runs": 200}, "viaIR": true, "outputSelection": {"*": {"*": ["abi", "metadata", "evm.bytecode", "evm.deployedBytecode", "evm.methodIdentifiers", "evm.legacyAssembly", "evm.bytecode.opcodes"]}}, "libraries": {}, "metadata": {"appendCBOR": false}}}