{"language": "Solidity", "sources": {"error_in_library_and_interface.sol": {"content": "error E(uint a);\nlibrary L {\n    error E(uint a, uint b);\n}\ninterface I {\n    error E(uint a, uint b, uint c);\n}\ncontract C {\n    function f() public pure {\n        revert E(1);\n    }\n    function g() public pure {\n        revert L.E(1, 2);\n    }\n    function h() public pure {\n        revert I.E(1, 2, 3);\n    }\n}\n// ----\n// f() -> FAILURE, hex\"002ff067\", hex\"0000000000000000000000000000000000000000000000000000000000000001\"\n// g() -> FAILURE, hex\"85208890\", hex\"0000000000000000000000000000000000000000000000000000000000000001\", hex\"0000000000000000000000000000000000000000000000000000000000000002\"\n// h() -> FAILURE, hex\"7924ea7c\", hex\"0000000000000000000000000000000000000000000000000000000000000001\", hex\"0000000000000000000000000000000000000000000000000000000000000002\", hex\"0000000000000000000000000000000000000000000000000000000000000003\"\n"}}, "settings": {"optimizer": {"enabled": true, "runs": 200}, "outputSelection": {"*": {"*": ["abi", "metadata", "evm.bytecode", "evm.deployedBytecode", "evm.methodIdentifiers", "evm.legacyAssembly", "evm.bytecode.opcodes", "yulCFGJson"]}}, "metadata": {"appendCBOR": false}, "viaIR": true}}