{"language": "Solidity", "sources": {"array_copy_calldata_storage.sol": {"content": "contract c {\n    uint[9] m_data;\n    uint[] m_data_dyn;\n    uint8[][] m_byte_data;\n    function store(uint[9] calldata a, uint8[3][] calldata b) external returns (uint8) {\n        m_data = a;\n        m_data_dyn = a;\n        m_byte_data = b;\n        return b[3][1]; // note that access and declaration are reversed to each other\n    }\n    function retrieve() public returns (uint a, uint b, uint c, uint d, uint e, uint f, uint g) {\n        a = m_data.length;\n        b = m_data[7];\n        c = m_data_dyn.length;\n        d = m_data_dyn[7];\n        e = m_byte_data.length;\n        f = m_byte_data[3].length;\n        g = m_byte_data[3][1];\n    }\n}\n// ----\n// store(uint256[9],uint8[3][]): 21, 22, 23, 24, 25, 26, 27, 28, 29, 0x140, 4, 1, 2, 3, 11, 12, 13, 21, 22, 23, 31, 32, 33 -> 32\n// gas irOptimized: 647725\n// gas legacy: 694354\n// gas legacyOptimized: 693849\n// retrieve() -> 9, 28, 9, 28, 4, 3, 32\n"}}, "settings": {"optimizer": {"enabled": true, "runs": 200}, "outputSelection": {"*": {"*": ["abi", "metadata", "evm.bytecode", "evm.deployedBytecode", "evm.methodIdentifiers", "evm.legacyAssembly", "evm.bytecode.opcodes", "yulCFGJson"]}}, "metadata": {"appendCBOR": false}, "viaIR": true}}