{"language": "Solidity", "sources": {"cleanup_bytes_types_v2.sol": {"content": "pragma abicoder               v2;\n\n\n// Checks that bytesXX types are properly cleaned before they are compared.\ncontract C {\n    function f(bytes2 a, uint16 x) public returns (uint256) {\n        if (a != \"ab\") return 1;\n        if (x != 0x0102) return 2;\n        if (bytes3(uint24(x)) != 0x000102) return 3;\n        return 0;\n    }\n}\n// ----\n// f(bytes2,uint16): \"abc\", 0x40102 -> FAILURE # We input longer data on purpose. #\n"}}, "settings": {"optimizer": {"enabled": true, "runs": 200}, "outputSelection": {"*": {"*": ["abi", "metadata", "evm.bytecode", "evm.deployedBytecode", "evm.methodIdentifiers", "evm.legacyAssembly", "evm.bytecode.opcodes", "yulCFGJson"]}}, "metadata": {"appendCBOR": false}, "viaIR": true}}