{"language": "Solidity", "sources": {"inline_array_return.sol": {"content": "contract C {\n    uint8[] tester;\n\n    function f() public returns (uint8[5] memory) {\n        return ([1, 2, 3, 4, 5]);\n    }\n\n    function test() public returns (uint8, uint8, uint8, uint8, uint8) {\n        tester = f();\n        return (tester[0], tester[1], tester[2], tester[3], tester[4]);\n    }\n}\n// ----\n// f() -> 1, 2, 3, 4, 5\n"}}, "settings": {"optimizer": {"enabled": true, "runs": 200}, "outputSelection": {"*": {"*": ["abi", "metadata", "evm.bytecode", "evm.deployedBytecode", "evm.methodIdentifiers", "evm.legacyAssembly", "evm.bytecode.opcodes", "yulCFGJson"]}}, "metadata": {"appendCBOR": false}, "viaIR": true}}