{"language": "Solidity", "sources": {"calldata_struct_dynamic.sol": {"content": "pragma abicoder               v2;\n\ncontract C {\n    struct S { uint256[] a; }\n\n    function f(S calldata s) external returns (bytes memory) {\n        return abi.encode(s);\n    }\n\n    function g(S calldata s) external returns (bytes memory) {\n        return this.f(s);\n    }\n}\n// ====\n// EVMVersion: >homestead\n// ----\n// f((uint256[])): 0x20, 0x20, 3, 42, 23, 17 -> 32, 192, 0x20, 0x20, 3, 42, 23, 17\n// g((uint256[])): 0x20, 0x20, 3, 42, 23, 17 -> 32, 192, 0x20, 0x20, 3, 42, 23, 17\n"}}, "settings": {"optimizer": {"enabled": true, "runs": 200}, "outputSelection": {"*": {"*": ["abi", "metadata", "evm.bytecode", "evm.deployedBytecode", "evm.methodIdentifiers", "evm.legacyAssembly", "evm.bytecode.opcodes", "yulCFGJson"]}}, "metadata": {"appendCBOR": false}, "viaIR": true}}