{"language": "Solidity", "sources": {"cleanup.sol": {"content": "pragma abicoder               v2;\n\ncontract C {\n    function f(uint16 a, int16 b, address c, bytes3 d, bool e)\n            public pure returns (uint v, uint w, uint x, uint y, uint z) {\n        assembly { v := a  w := b x := c y := d z := e}\n    }\n}\n// ----\n// f(uint16,int16,address,bytes3,bool): 1, 2, 3, \"a\", true -> 1, 2, 3, \"a\", true\n// f(uint16,int16,address,bytes3,bool): 0xffffff, 0x1ffff, 0xffffffffffffffffffffffffffffffffffffffffffffffffffffffffffffffff, \"abcd\", 1 -> FAILURE\n// f(uint16,int16,address,bytes3,bool): 0xffffff, 0, 0, \"bcd\", 1 -> FAILURE\n// f(uint16,int16,address,bytes3,bool): 0, 0x1ffff, 0, \"ab\", 1 -> FAILURE\n// f(uint16,int16,address,bytes3,bool): 0, 0, 0xffffffffffffffffffffffffffffffffffffffffffffffffffffffffffffffff, \"ad\", 1 -> FAILURE\n// f(uint16,int16,address,bytes3,bool): 0, 0, 0, \"abcd\", 1 -> FAILURE\n// f(uint16,int16,address,bytes3,bool): 0, 0, 0, \"abc\", 2 -> FAILURE\n"}}, "settings": {"optimizer": {"enabled": true, "runs": 200}, "outputSelection": {"*": {"*": ["abi", "metadata", "evm.bytecode", "evm.deployedBytecode", "evm.methodIdentifiers", "evm.legacyAssembly", "evm.bytecode.opcodes", "yulCFGJson"]}}, "metadata": {"appendCBOR": false}, "viaIR": true}}