{"language": "Solidity", "sources": {"abi_decode_simple.sol": {"content": "contract C {\n    function f(bytes memory data) public pure returns (uint256, bytes memory) {\n        return abi.decode(data, (uint256, bytes));\n    }\n}\n// ----\n// f(bytes): 0x20, 0x80, 0x21, 0x40, 0x7, \"abcdefg\" -> 0x21, 0x40, 0x7, \"abcdefg\"\n"}}, "settings": {"optimizer": {"enabled": true, "runs": 200}, "outputSelection": {"*": {"*": ["abi", "metadata", "evm.bytecode", "evm.deployedBytecode", "evm.methodIdentifiers", "evm.legacyAssembly", "evm.bytecode.opcodes", "yulCFGJson"]}}, "metadata": {"appendCBOR": false}, "viaIR": true}}