{"language": "Solidity", "sources": {"dynamic_arrays.sol": {"content": "contract C {\n    function f(uint a, uint16[] memory b, uint c)\n            public pure returns (uint, uint, uint) {\n        return (b.length, b[a], c);\n    }\n}\n// ----\n// f(uint256,uint16[],uint256): 6, 0x60, 9, 7, 11, 12, 13, 14, 15, 16, 17 -> 7, 17, 9\n"}}, "settings": {"optimizer": {"enabled": true, "runs": 200}, "outputSelection": {"*": {"*": ["abi", "metadata", "evm.bytecode", "evm.deployedBytecode", "evm.methodIdentifiers", "evm.legacyAssembly", "evm.bytecode.opcodes", "yulCFGJson"]}}, "metadata": {"appendCBOR": false}, "viaIR": true}}