{"language": "Solidity", "sources": {"inline_array_storage_to_memory_conversion_strings.sol": {"content": "contract C {\n    string s = \"doh\";\n\n    function f() public returns (string memory, string memory) {\n        string memory t = \"ray\";\n        string[3] memory x = [s, t, \"mi\"];\n        return (x[1], x[2]);\n    }\n}\n// ----\n// f() -> 0x40, 0x80, 0x3, \"ray\", 0x2, \"mi\"\n"}}, "settings": {"optimizer": {"enabled": true, "runs": 200}, "outputSelection": {"*": {"*": ["abi", "metadata", "evm.bytecode", "evm.deployedBytecode", "evm.methodIdentifiers", "evm.legacyAssembly", "evm.bytecode.opcodes", "yulCFGJson"]}}, "metadata": {"appendCBOR": false}, "viaIR": true}}