{"language": "Solidity", "sources": {"array_copy_target_simple.sol": {"content": "contract c {\n    bytes8[9] data1; // 4 per slot\n    bytes17[10] data2; // 1 per slot, no offset counter\n\n    function test()\n        public\n        returns (bytes17 a, bytes17 b, bytes17 c, bytes17 d, bytes17 e)\n    {\n        for (uint256 i = 0; i < data1.length; ++i) data1[i] = bytes8(uint64(i));\n        data2[8] = data2[9] = bytes8(uint64(2));\n        data2 = data1;\n        a = data2[1];\n        b = data2[2];\n        c = data2[3];\n        d = data2[4];\n        e = data2[9];\n    }\n}\n// ----\n// test() -> 0x01000000000000000000000000000000000000000000000000, 0x02000000000000000000000000000000000000000000000000, 0x03000000000000000000000000000000000000000000000000, 0x04000000000000000000000000000000000000000000000000, 0x0\n// gas irOptimized: 273543\n// gas legacy: 282601\n// gas legacyOptimized: 281510\n"}}, "settings": {"optimizer": {"enabled": true, "runs": 200}, "outputSelection": {"*": {"*": ["abi", "metadata", "evm.bytecode", "evm.deployedBytecode", "evm.methodIdentifiers", "evm.legacyAssembly", "evm.bytecode.opcodes", "yulCFGJson"]}}, "metadata": {"appendCBOR": false}, "viaIR": true}}