{"language": "Solidity", "sources": {"block_inside_unchecked.sol": {"content": "contract C {\n  function f() public returns (uint y) {\n    unchecked{{\n        uint max = type(uint).max;\n        uint x = max + 1;\n        y = x;\n    }}\n  }\n}\n// ----\n// f() -> 0x00\n"}}, "settings": {"optimizer": {"enabled": true, "runs": 200}, "outputSelection": {"*": {"*": ["abi", "metadata", "evm.bytecode", "evm.deployedBytecode", "evm.methodIdentifiers", "evm.legacyAssembly", "evm.bytecode.opcodes", "yulCFGJson"]}}, "metadata": {"appendCBOR": false}, "viaIR": true}}