{"language": "Solidity", "sources": {"array_push_packed_array.sol": {"content": "contract c {\n    uint80[] x;\n\n    function test() public returns (uint80, uint80, uint80, uint80) {\n        x.push(1);\n        x.push(2);\n        x.push(3);\n        x.push(4);\n        x.push(5);\n        x.pop();\n        return (x[0], x[1], x[2], x[3]);\n    }\n}\n// ----\n// test() -> 1, 2, 3, 4\n// gas irOptimized: 93017\n// gas legacy: 92798\n// gas legacyOptimized: 92062\n"}}, "settings": {"optimizer": {"enabled": true, "runs": 200}, "outputSelection": {"*": {"*": ["abi", "metadata", "evm.bytecode", "evm.deployedBytecode", "evm.methodIdentifiers", "evm.legacyAssembly", "evm.bytecode.opcodes", "yulCFGJson"]}}, "metadata": {"appendCBOR": false}, "viaIR": true}}