{"language": "Solidity", "sources": {"array_push_nested_from_calldata.sol": {"content": "contract C {\n    uint8 b = 23;\n    uint120[][] s;\n    uint8 a = 17;\n    function f(uint120[] calldata c) public returns(uint120) {\n        s.push(c);\n        assert(s.length == 1);\n        assert(s[0].length == c.length);\n        assert(s[0].length > 0);\n        return s[0][0];\n    }\n}\n// ----\n// f(uint120[]): 0x20, 3, 1, 2, 3 -> 1\n// gas irOptimized: 112852\n// gas legacy: 113657\n// gas legacyOptimized: 113465\n"}}, "settings": {"optimizer": {"enabled": true, "runs": 200}, "outputSelection": {"*": {"*": ["abi", "metadata", "evm.bytecode", "evm.deployedBytecode", "evm.methodIdentifiers", "evm.legacyAssembly", "evm.bytecode.opcodes", "yulCFGJson"]}}, "metadata": {"appendCBOR": false}, "viaIR": true}}