{"language": "Solidity", "sources": {"checked_add_v1.sol": {"content": "pragma abicoder v1;\ncontract C {\n    // Input is still not checked - this needs ABIEncoderV2!\n    function f(uint16 a, uint16 b) public returns (uint16) {\n        return a + b;\n    }\n}\n// ====\n// ABIEncoderV1Only: true\n// compileViaYul: false\n// ----\n// f(uint16,uint16): 65534, 0 -> 0xfffe\n// f(uint16,uint16): 65536, 0 -> 0x00\n// f(uint16,uint16): 65535, 0 -> 0xffff\n// f(uint16,uint16): 65535, 1 -> FAILURE, hex\"4e487b71\", 0x11\n"}}, "settings": {"optimizer": {"enabled": true, "runs": 200}, "outputSelection": {"*": {"*": ["abi", "metadata", "evm.bytecode", "evm.deployedBytecode", "evm.methodIdentifiers", "evm.legacyAssembly", "evm.bytecode.opcodes", "yulCFGJson"]}}, "metadata": {"appendCBOR": false}, "viaIR": true}}