{"language": "Solidity", "sources": {"calldata_array_static_to_memory.sol": {"content": "contract C {\n    function f(uint256[2] calldata c) public returns (uint256, uint256) {\n        uint256[2] memory m1 = c;\n        return (m1[0], m1[1]);\n    }\n}\n// ----\n// f(uint256[2]): 43, 57 -> 43, 57\n"}}, "settings": {"optimizer": {"enabled": true, "runs": 200}, "outputSelection": {"*": {"*": ["abi", "metadata", "evm.bytecode", "evm.deployedBytecode", "evm.methodIdentifiers", "evm.legacyAssembly", "evm.bytecode.opcodes", "yulCFGJson"]}}, "metadata": {"appendCBOR": false}, "viaIR": true}}