{"language": "Solidity", "sources": {"push_no_args_struct.sol": {"content": "contract C {\n\tstruct S {\n\t\tuint x;\n\t}\n\n\tS[] array;\n\n\tfunction f(uint y) public {\n\t\tS storage s = array.push();\n\t\tg(s, y);\n\t}\n\n\tfunction g(S storage s, uint y) internal {\n\t\ts.x = y;\n\t}\n\n\tfunction h(uint y) public {\n\t\tg(array.push(), y);\n\t}\n\n\tfunction lv(uint y) public {\n\t\tarray.push().x = y;\n\t}\n\n\tfunction a(uint i) public returns (uint) {\n\t\treturn array[i].x;\n\t}\n\n\tfunction l() public returns (uint) {\n\t\treturn array.length;\n\t}\n\n}\n// ----\n// l() -> 0\n// f(uint256): 42 ->\n// l() -> 1\n// a(uint256): 0 -> 42\n// h(uint256): 84 ->\n// l() -> 2\n// a(uint256): 1 -> 84\n// lv(uint256): 4096 ->\n// l() -> 3\n// a(uint256): 2 -> 4096\n"}}, "settings": {"optimizer": {"enabled": true, "runs": 200}, "outputSelection": {"*": {"*": ["abi", "metadata", "evm.bytecode", "evm.deployedBytecode", "evm.methodIdentifiers", "evm.legacyAssembly", "evm.bytecode.opcodes", "yulCFGJson"]}}, "metadata": {"appendCBOR": false}, "viaIR": true}}