{"language": "Solidity", "sources": {"array_3d_assignment.sol": {"content": "contract C {\n\tfunction f(uint n) public pure returns (uint) {\n\t\tuint[][][] memory a = new uint[][][](2);\n\t\tfor (uint i = 0; i < 2; ++i)\n\t\t{\n\t\t\ta[i] = new uint[][](3);\n\t\t\tfor (uint j = 0; j < 3; ++j)\n\t\t\t\ta[i][j] = new uint[](4);\n\t\t}\n\t\ta[1][1][1] = n;\n\t\tuint[][] memory b = a[1];\n\t\tuint[] memory c = b[1];\n\t\treturn c[1];\n\t}\n}\n// ----\n// f(uint256): 42 -> 42\n"}}, "settings": {"optimizer": {"enabled": true, "runs": 200}, "outputSelection": {"*": {"*": ["abi", "metadata", "evm.bytecode", "evm.deployedBytecode", "evm.methodIdentifiers", "evm.legacyAssembly", "evm.bytecode.opcodes", "yulCFGJson"]}}, "metadata": {"appendCBOR": false}, "viaIR": true}}