{"language": "Solidity", "sources": {"abi_decode_v2_calldata.sol": {"content": "pragma abicoder               v2;\n\n\ncontract C {\n    struct S {\n        uint256 a;\n        uint256[] b;\n    }\n\n    function f(bytes calldata data) external pure returns (S memory) {\n        return abi.decode(data, (S));\n    }\n}\n// ----\n// f(bytes): 0x20, 0xe0, 0x20, 0x21, 0x40, 0x3, 0xa, 0xb, 0xc -> 0x20, 0x21, 0x40, 0x3, 0xa, 0xb, 0xc\n"}}, "settings": {"optimizer": {"enabled": true, "runs": 200}, "outputSelection": {"*": {"*": ["abi", "metadata", "evm.bytecode", "evm.deployedBytecode", "evm.methodIdentifiers", "evm.legacyAssembly", "evm.bytecode.opcodes", "yulCFGJson"]}}, "metadata": {"appendCBOR": false}, "viaIR": true}}