{"language": "Solidity", "sources": {"addmod_mulmod_zero.sol": {"content": "contract C {\n    function f(uint256 d) public pure returns (uint256) {\n        addmod(1, 2, d);\n        return 2;\n    }\n\n    function g(uint256 d) public pure returns (uint256) {\n        mulmod(1, 2, d);\n        return 2;\n    }\n\n    function h() public pure returns (uint256) {\n        mulmod(0, 1, 2);\n        mulmod(1, 0, 2);\n        addmod(0, 1, 2);\n        addmod(1, 0, 2);\n        return 2;\n    }\n}\n// ----\n// f(uint256): 0 -> FAILURE, hex\"4e487b71\", 0x12\n// g(uint256): 0 -> FAILURE, hex\"4e487b71\", 0x12\n// h() -> 2\n"}}, "settings": {"optimizer": {"enabled": true, "runs": 200}, "outputSelection": {"*": {"*": ["abi", "metadata", "evm.bytecode", "evm.deployedBytecode", "evm.methodIdentifiers", "evm.legacyAssembly", "evm.bytecode.opcodes", "yulCFGJson"]}}, "metadata": {"appendCBOR": false}, "viaIR": true}}