{"language": "Solidity", "sources": {"enum_explicit_overflow.sol": {"content": "contract test {\n    enum ActionChoices {GoLeft, GoRight, GoStraight}\n\n    constructor() {}\n\n    function getChoiceExp(uint256 x) public returns (uint256 d) {\n        choice = ActionChoices(x);\n        d = uint256(choice);\n    }\n\n    function getChoiceFromSigned(int256 x) public returns (uint256 d) {\n        choice = ActionChoices(x);\n        d = uint256(choice);\n    }\n\n    function getChoiceFromMax() public returns (uint256 d) {\n        choice = ActionChoices(type(uint).max);\n        d = uint256(choice);\n    }\n\n    ActionChoices choice;\n}\n// ====\n// EVMVersion: >=byzantium\n// ----\n// getChoiceExp(uint256): 2 -> 2\n// getChoiceExp(uint256): 3 -> FAILURE, hex\"4e487b71\", 0x21 # These should throw #\n// getChoiceFromSigned(int256): -1 -> FAILURE, hex\"4e487b71\", 0x21\n// getChoiceFromMax() -> FAILURE, hex\"4e487b71\", 0x21\n// getChoiceExp(uint256): 2 -> 2 # These should work #\n// getChoiceExp(uint256): 0 -> 0\n"}}, "settings": {"optimizer": {"enabled": true, "runs": 200}, "outputSelection": {"*": {"*": ["abi", "metadata", "evm.bytecode", "evm.deployedBytecode", "evm.methodIdentifiers", "evm.legacyAssembly", "evm.bytecode.opcodes", "yulCFGJson"]}}, "metadata": {"appendCBOR": false}, "viaIR": true}}