{"language": "Solidity", "sources": {"bool_out_of_bounds.sol": {"content": "pragma abicoder               v2;\n\ncontract C {\n\tfunction f(bool b) public pure returns (bool) { return b; }\n}\n// ----\n// f(bool): true -> true\n// f(bool): false -> false\n// f(bool): 0x000000 -> false\n// f(bool): 0xffffff -> FAILURE\n"}}, "settings": {"optimizer": {"enabled": true, "runs": 200}, "outputSelection": {"*": {"*": ["abi", "metadata", "evm.bytecode", "evm.deployedBytecode", "evm.methodIdentifiers", "evm.legacyAssembly", "evm.bytecode.opcodes", "yulCFGJson"]}}, "metadata": {"appendCBOR": false}, "viaIR": true}}