{"language": "Solidity", "sources": {"@openzeppelin/contracts/access/Ownable.sol": {"content": "// SPDX-License-Identifier: MIT\n// OpenZeppelin Contracts (last updated v4.7.0) (access/Ownable.sol)\n\npragma solidity ^0.8.30;\n\nimport \"../utils/Context.sol\";\n\n/**\n * @dev Contract module which provides a basic access control mechanism, where\n * there is an account (an owner) that can be granted exclusive access to\n * specific functions.\n *\n * By default, the owner account will be the one that deploys the contract. This\n * can later be changed with {transferOwnership}.\n *\n * This module is used through inheritance. It will make available the modifier\n * `onlyOwner`, which can be applied to your functions to restrict their use to\n * the owner.\n */\nabstract contract Ownable is Context {\n    address private _owner;\n\n    event OwnershipTransferred(address indexed previousOwner, address indexed newOwner);\n\n    /**\n     * @dev Initializes the contract setting the deployer as the initial owner.\n     */\n    constructor() {\n        _transferOwnership(_msgSender());\n    }\n\n    /**\n     * @dev Throws if called by any account other than the owner.\n     */\n    modifier onlyOwner() {\n        _checkOwner();\n        _;\n    }\n\n    /**\n     * @dev Returns the address of the current owner.\n     */\n    function owner() public view virtual returns (address) {\n        return _owner;\n    }\n\n    /**\n     * @dev Throws if the sender is not the owner.\n     */\n    function _checkOwner() internal view virtual {\n        require(owner() == _msgSender(), \"Ownable: caller is not the owner\");\n    }\n\n    /**\n     * @dev Leaves the contract without owner. It will not be possible to call\n     * `onlyOwner` functions anymore. Can only be called by the current owner.\n     *\n     * NOTE: Renouncing ownership will leave the contract without an owner,\n     * thereby removing any functionality that is only available to the owner.\n     */\n    function renounceOwnership() public virtual onlyOwner {\n        _transferOwnership(address(0));\n    }\n\n    /**\n     * @dev Transfers ownership of the contract to a new account (`newOwner`).\n     * Can only be called by the current owner.\n     */\n    function transferOwnership(address newOwner) public virtual onlyOwner {\n        require(newOwner != address(0), \"Ownable: new owner is the zero address\");\n        _transferOwnership(newOwner);\n    }\n\n    /**\n     * @dev Transfers ownership of the contract to a new account (`newOwner`).\n     * Internal function without access restriction.\n     */\n    function _transferOwnership(address newOwner) internal virtual {\n        address oldOwner = _owner;\n        _owner = newOwner;\n        emit OwnershipTransferred(oldOwner, newOwner);\n    }\n}\n"}, "@openzeppelin/contracts/interfaces/IERC2981.sol": {"content": "// SPDX-License-Identifier: MIT\n// OpenZeppelin Contracts (last updated v4.6.0) (interfaces/IERC2981.sol)\n\npragma solidity ^0.8.30;\n\nimport \"../utils/introspection/IERC165.sol\";\n\n/**\n * @dev Interface for the NFT Royalty Standard.\n *\n * A standardized way to retrieve royalty payment information for non-fungible tokens (NFTs) to enable universal\n * support for royalty payments across all NFT marketplaces and ecosystem participants.\n *\n * _Available since v4.5._\n */\ninterface IERC2981 is IERC165 {\n    /**\n     * @dev Returns how much royalty is owed and to whom, based on a sale price that may be denominated in any unit of\n     * exchange. The royalty amount is denominated and should be paid in that same unit of exchange.\n     */\n    function royaltyInfo(uint256 tokenId, uint256 salePrice)\n        external\n        view\n        returns (address receiver, uint256 royaltyAmount);\n}\n"}, "@openzeppelin/contracts/token/ERC1155/ERC1155.sol": {"content": "// SPDX-License-Identifier: MIT\n// OpenZeppelin Contracts (last updated v4.8.0) (token/ERC1155/ERC1155.sol)\n\npragma solidity ^0.8.30;\n\nimport \"./IERC1155.sol\";\nimport \"./IERC1155Receiver.sol\";\nimport \"./extensions/IERC1155MetadataURI.sol\";\nimport \"../../utils/Address.sol\";\nimport \"../../utils/Context.sol\";\nimport \"../../utils/introspection/ERC165.sol\";\n\n/**\n * @dev Implementation of the basic standard multi-token.\n * See https://eips.ethereum.org/EIPS/eip-1155\n * Originally based on code by Enjin: https://github.com/enjin/erc-1155\n *\n * _Available since v3.1._\n */\ncontract ERC1155 is Context, ERC165, IERC1155, IERC1155MetadataURI {\n    using Address for address;\n\n    // Mapping from token ID to account balances\n    mapping(uint256 => mapping(address => uint256)) private _balances;\n\n    // Mapping from account to operator approvals\n    mapping(address => mapping(address => bool)) private _operatorApprovals;\n\n    // Used as the URI for all token types by relying on ID substitution, e.g. https://token-cdn-domain/{id}.json\n    string private _uri;\n\n    /**\n     * @dev See {_setURI}.\n     */\n    constructor(string memory uri_) {\n        _setURI(uri_);\n    }\n\n    /**\n     * @dev See {IERC165-supportsInterface}.\n     */\n    function supportsInterface(bytes4 interfaceId) public view virtual override(ERC165, IERC165) returns (bool) {\n        return\n            interfaceId == type(IERC1155).interfaceId ||\n            interfaceId == type(IERC1155MetadataURI).interfaceId ||\n            super.supportsInterface(interfaceId);\n    }\n\n    /**\n     * @dev See {IERC1155MetadataURI-uri}.\n     *\n     * This implementation returns the same URI for *all* token types. It relies\n     * on the token type ID substitution mechanism\n     * https://eips.ethereum.org/EIPS/eip-1155#metadata[defined in the EIP].\n     *\n     * Clients calling this function must replace the `\\{id\\}` substring with the\n     * actual token type ID.\n     */\n    function uri(uint256) public view virtual override returns (string memory) {\n        return _uri;\n    }\n\n    /**\n     * @dev See {IERC1155-balanceOf}.\n     *\n     * Requirements:\n     *\n     * - `account` cannot be the zero address.\n     */\n    function balanceOf(address account, uint256 id) public view virtual override returns (uint256) {\n        require(account != address(0), \"ERC1155: address zero is not a valid owner\");\n        return _balances[id][account];\n    }\n\n    /**\n     * @dev See {IERC1155-balanceOfBatch}.\n     *\n     * Requirements:\n     *\n     * - `accounts` and `ids` must have the same length.\n     */\n    function balanceOfBatch(address[] memory accounts, uint256[] memory ids)\n        public\n        view\n        virtual\n        override\n        returns (uint256[] memory)\n    {\n        require(accounts.length == ids.length, \"ERC1155: accounts and ids length mismatch\");\n\n        uint256[] memory batchBalances = new uint256[](accounts.length);\n\n        for (uint256 i = 0; i < accounts.length; ++i) {\n            batchBalances[i] = balanceOf(accounts[i], ids[i]);\n        }\n\n        return batchBalances;\n    }\n\n    /**\n     * @dev See {IERC1155-setApprovalForAll}.\n     */\n    function setApprovalForAll(address operator, bool approved) public virtual override {\n        _setApprovalForAll(_msgSender(), operator, approved);\n    }\n\n    /**\n     * @dev See {IERC1155-isApprovedForAll}.\n     */\n    function isApprovedForAll(address account, address operator) public view virtual override returns (bool) {\n        return _operatorApprovals[account][operator];\n    }\n\n    /**\n     * @dev See {IERC1155-safeTransferFrom}.\n     */\n    function safeTransferFrom(\n        address from,\n        address to,\n        uint256 id,\n        uint256 amount,\n        bytes memory data\n    ) public virtual override {\n        require(\n            from == _msgSender() || isApprovedForAll(from, _msgSender()),\n            \"ERC1155: caller is not token owner or approved\"\n        );\n        _safeTransferFrom(from, to, id, amount, data);\n    }\n\n    /**\n     * @dev See {IERC1155-safeBatchTransferFrom}.\n     */\n    function safeBatchTransferFrom(\n        address from,\n        address to,\n        uint256[] memory ids,\n        uint256[] memory amounts,\n        bytes memory data\n    ) public virtual override {\n        require(\n            from == _msgSender() || isApprovedForAll(from, _msgSender()),\n            \"ERC1155: caller is not token owner or approved\"\n        );\n        _safeBatchTransferFrom(from, to, ids, amounts, data);\n    }\n\n    /**\n     * @dev Transfers `amount` tokens of token type `id` from `from` to `to`.\n     *\n     * Emits a {TransferSingle} event.\n     *\n     * Requirements:\n     *\n     * - `to` cannot be the zero address.\n     * - `from` must have a balance of tokens of type `id` of at least `amount`.\n     * - If `to` refers to a smart contract, it must implement {IERC1155Receiver-onERC1155Received} and return the\n     * acceptance magic value.\n     */\n    function _safeTransferFrom(\n        address from,\n        address to,\n        uint256 id,\n        uint256 amount,\n        bytes memory data\n    ) internal virtual {\n        require(to != address(0), \"ERC1155: transfer to the zero address\");\n\n        address operator = _msgSender();\n        uint256[] memory ids = _asSingletonArray(id);\n        uint256[] memory amounts = _asSingletonArray(amount);\n\n        _beforeTokenTransfer(operator, from, to, ids, amounts, data);\n\n        uint256 fromBalance = _balances[id][from];\n        require(fromBalance >= amount, \"ERC1155: insufficient balance for transfer\");\n        unchecked {\n            _balances[id][from] = fromBalance - amount;\n        }\n        _balances[id][to] += amount;\n\n        emit TransferSingle(operator, from, to, id, amount);\n\n        _afterTokenTransfer(operator, from, to, ids, amounts, data);\n\n        _doSafeTransferAcceptanceCheck(operator, from, to, id, amount, data);\n    }\n\n    /**\n     * @dev xref:ROOT:erc1155.adoc#batch-operations[Batched] version of {_safeTransferFrom}.\n     *\n     * Emits a {TransferBatch} event.\n     *\n     * Requirements:\n     *\n     * - If `to` refers to a smart contract, it must implement {IERC1155Receiver-onERC1155BatchReceived} and return the\n     * acceptance magic value.\n     */\n    function _safeBatchTransferFrom(\n        address from,\n        address to,\n        uint256[] memory ids,\n        uint256[] memory amounts,\n        bytes memory data\n    ) internal virtual {\n        require(ids.length == amounts.length, \"ERC1155: ids and amounts length mismatch\");\n        require(to != address(0), \"ERC1155: transfer to the zero address\");\n\n        address operator = _msgSender();\n\n        _beforeTokenTransfer(operator, from, to, ids, amounts, data);\n\n        for (uint256 i = 0; i < ids.length; ++i) {\n            uint256 id = ids[i];\n            uint256 amount = amounts[i];\n\n            uint256 fromBalance = _balances[id][from];\n            require(fromBalance >= amount, \"ERC1155: insufficient balance for transfer\");\n            unchecked {\n                _balances[id][from] = fromBalance - amount;\n            }\n            _balances[id][to] += amount;\n        }\n\n        emit TransferBatch(operator, from, to, ids, amounts);\n\n        _afterTokenTransfer(operator, from, to, ids, amounts, data);\n\n        _doSafeBatchTransferAcceptanceCheck(operator, from, to, ids, amounts, data);\n    }\n\n    /**\n     * @dev Sets a new URI for all token types, by relying on the token type ID\n     * substitution mechanism\n     * https://eips.ethereum.org/EIPS/eip-1155#metadata[defined in the EIP].\n     *\n     * By this mechanism, any occurrence of the `\\{id\\}` substring in either the\n     * URI or any of the amounts in the JSON file at said URI will be replaced by\n     * clients with the token type ID.\n     *\n     * For example, the `https://token-cdn-domain/\\{id\\}.json` URI would be\n     * interpreted by clients as\n     * `https://token-cdn-domain/000000000000000000000000000000000000000000000000000000000004cce0.json`\n     * for token type ID 0x4cce0.\n     *\n     * See {uri}.\n     *\n     * Because these URIs cannot be meaningfully represented by the {URI} event,\n     * this function emits no events.\n     */\n    function _setURI(string memory newuri) internal virtual {\n        _uri = newuri;\n    }\n\n    /**\n     * @dev Creates `amount` tokens of token type `id`, and assigns them to `to`.\n     *\n     * Emits a {TransferSingle} event.\n     *\n     * Requirements:\n     *\n     * - `to` cannot be the zero address.\n     * - If `to` refers to a smart contract, it must implement {IERC1155Receiver-onERC1155Received} and return the\n     * acceptance magic value.\n     */\n    function _mint(\n        address to,\n        uint256 id,\n        uint256 amount,\n        bytes memory data\n    ) internal virtual {\n        require(to != address(0), \"ERC1155: mint to the zero address\");\n\n        address operator = _msgSender();\n        uint256[] memory ids = _asSingletonArray(id);\n        uint256[] memory amounts = _asSingletonArray(amount);\n\n        _beforeTokenTransfer(operator, address(0), to, ids, amounts, data);\n\n        _balances[id][to] += amount;\n        emit TransferSingle(operator, address(0), to, id, amount);\n\n        _afterTokenTransfer(operator, address(0), to, ids, amounts, data);\n\n        _doSafeTransferAcceptanceCheck(operator, address(0), to, id, amount, data);\n    }\n\n    /**\n     * @dev xref:ROOT:erc1155.adoc#batch-operations[Batched] version of {_mint}.\n     *\n     * Emits a {TransferBatch} event.\n     *\n     * Requirements:\n     *\n     * - `ids` and `amounts` must have the same length.\n     * - If `to` refers to a smart contract, it must implement {IERC1155Receiver-onERC1155BatchReceived} and return the\n     * acceptance magic value.\n     */\n    function _mintBatch(\n        address to,\n        uint256[] memory ids,\n        uint256[] memory amounts,\n        bytes memory data\n    ) internal virtual {\n        require(to != address(0), \"ERC1155: mint to the zero address\");\n        require(ids.length == amounts.length, \"ERC1155: ids and amounts length mismatch\");\n\n        address operator = _msgSender();\n\n        _beforeTokenTransfer(operator, address(0), to, ids, amounts, data);\n\n        for (uint256 i = 0; i < ids.length; i++) {\n            _balances[ids[i]][to] += amounts[i];\n        }\n\n        emit TransferBatch(operator, address(0), to, ids, amounts);\n\n        _afterTokenTransfer(operator, address(0), to, ids, amounts, data);\n\n        _doSafeBatchTransferAcceptanceCheck(operator, address(0), to, ids, amounts, data);\n    }\n\n    /**\n     * @dev Destroys `amount` tokens of token type `id` from `from`\n     *\n     * Emits a {TransferSingle} event.\n     *\n     * Requirements:\n     *\n     * - `from` cannot be the zero address.\n     * - `from` must have at least `amount` tokens of token type `id`.\n     */\n    function _burn(\n        address from,\n        uint256 id,\n        uint256 amount\n    ) internal virtual {\n        require(from != address(0), \"ERC1155: burn from the zero address\");\n\n        address operator = _msgSender();\n        uint256[] memory ids = _asSingletonArray(id);\n        uint256[] memory amounts = _asSingletonArray(amount);\n\n        _beforeTokenTransfer(operator, from, address(0), ids, amounts, \"\");\n\n        uint256 fromBalance = _balances[id][from];\n        require(fromBalance >= amount, \"ERC1155: burn amount exceeds balance\");\n        unchecked {\n            _balances[id][from] = fromBalance - amount;\n        }\n\n        emit TransferSingle(operator, from, address(0), id, amount);\n\n        _afterTokenTransfer(operator, from, address(0), ids, amounts, \"\");\n    }\n\n    /**\n     * @dev xref:ROOT:erc1155.adoc#batch-operations[Batched] version of {_burn}.\n     *\n     * Emits a {TransferBatch} event.\n     *\n     * Requirements:\n     *\n     * - `ids` and `amounts` must have the same length.\n     */\n    function _burnBatch(\n        address from,\n        uint256[] memory ids,\n        uint256[] memory amounts\n    ) internal virtual {\n        require(from != address(0), \"ERC1155: burn from the zero address\");\n        require(ids.length == amounts.length, \"ERC1155: ids and amounts length mismatch\");\n\n        address operator = _msgSender();\n\n        _beforeTokenTransfer(operator, from, address(0), ids, amounts, \"\");\n\n        for (uint256 i = 0; i < ids.length; i++) {\n            uint256 id = ids[i];\n            uint256 amount = amounts[i];\n\n            uint256 fromBalance = _balances[id][from];\n            require(fromBalance >= amount, \"ERC1155: burn amount exceeds balance\");\n            unchecked {\n                _balances[id][from] = fromBalance - amount;\n            }\n        }\n\n        emit TransferBatch(operator, from, address(0), ids, amounts);\n\n        _afterTokenTransfer(operator, from, address(0), ids, amounts, \"\");\n    }\n\n    /**\n     * @dev Approve `operator` to operate on all of `owner` tokens\n     *\n     * Emits an {ApprovalForAll} event.\n     */\n    function _setApprovalForAll(\n        address owner,\n        address operator,\n        bool approved\n    ) internal virtual {\n        require(owner != operator, \"ERC1155: setting approval status for self\");\n        _operatorApprovals[owner][operator] = approved;\n        emit ApprovalForAll(owner, operator, approved);\n    }\n\n    /**\n     * @dev Hook that is called before any token transfer. This includes minting\n     * and burning, as well as batched variants.\n     *\n     * The same hook is called on both single and batched variants. For single\n     * transfers, the length of the `ids` and `amounts` arrays will be 1.\n     *\n     * Calling conditions (for each `id` and `amount` pair):\n     *\n     * - When `from` and `to` are both non-zero, `amount` of ``from``'s tokens\n     * of token type `id` will be  transferred to `to`.\n     * - When `from` is zero, `amount` tokens of token type `id` will be minted\n     * for `to`.\n     * - when `to` is zero, `amount` of ``from``'s tokens of token type `id`\n     * will be burned.\n     * - `from` and `to` are never both zero.\n     * - `ids` and `amounts` have the same, non-zero length.\n     *\n     * To learn more about hooks, head to xref:ROOT:extending-contracts.adoc#using-hooks[Using Hooks].\n     */\n    function _beforeTokenTransfer(\n        address operator,\n        address from,\n        address to,\n        uint256[] memory ids,\n        uint256[] memory amounts,\n        bytes memory data\n    ) internal virtual {}\n\n    /**\n     * @dev Hook that is called after any token transfer. This includes minting\n     * and burning, as well as batched variants.\n     *\n     * The same hook is called on both single and batched variants. For single\n     * transfers, the length of the `id` and `amount` arrays will be 1.\n     *\n     * Calling conditions (for each `id` and `amount` pair):\n     *\n     * - When `from` and `to` are both non-zero, `amount` of ``from``'s tokens\n     * of token type `id` will be  transferred to `to`.\n     * - When `from` is zero, `amount` tokens of token type `id` will be minted\n     * for `to`.\n     * - when `to` is zero, `amount` of ``from``'s tokens of token type `id`\n     * will be burned.\n     * - `from` and `to` are never both zero.\n     * - `ids` and `amounts` have the same, non-zero length.\n     *\n     * To learn more about hooks, head to xref:ROOT:extending-contracts.adoc#using-hooks[Using Hooks].\n     */\n    function _afterTokenTransfer(\n        address operator,\n        address from,\n        address to,\n        uint256[] memory ids,\n        uint256[] memory amounts,\n        bytes memory data\n    ) internal virtual {}\n\n    function _doSafeTransferAcceptanceCheck(\n        address operator,\n        address from,\n        address to,\n        uint256 id,\n        uint256 amount,\n        bytes memory data\n    ) private {\n        if (to.isContract()) {\n            try IERC1155Receiver(to).onERC1155Received(operator, from, id, amount, data) returns (bytes4 response) {\n                if (response != IERC1155Receiver.onERC1155Received.selector) {\n                    revert(\"ERC1155: ERC1155Receiver rejected tokens\");\n                }\n            } catch Error(string memory reason) {\n                revert(reason);\n            } catch {\n                revert(\"ERC1155: transfer to non-ERC1155Receiver implementer\");\n            }\n        }\n    }\n\n    function _doSafeBatchTransferAcceptanceCheck(\n        address operator,\n        address from,\n        address to,\n        uint256[] memory ids,\n        uint256[] memory amounts,\n        bytes memory data\n    ) private {\n        if (to.isContract()) {\n            try IERC1155Receiver(to).onERC1155BatchReceived(operator, from, ids, amounts, data) returns (\n                bytes4 response\n            ) {\n                if (response != IERC1155Receiver.onERC1155BatchReceived.selector) {\n                    revert(\"ERC1155: ERC1155Receiver rejected tokens\");\n                }\n            } catch Error(string memory reason) {\n                revert(reason);\n            } catch {\n                revert(\"ERC1155: transfer to non-ERC1155Receiver implementer\");\n            }\n        }\n    }\n\n    function _asSingletonArray(uint256 element) private pure returns (uint256[] memory) {\n        uint256[] memory array = new uint256[](1);\n        array[0] = element;\n\n        return array;\n    }\n}\n"}, "@openzeppelin/contracts/token/ERC1155/extensions/IERC1155MetadataURI.sol": {"content": "// SPDX-License-Identifier: MIT\n// OpenZeppelin Contracts v4.4.1 (token/ERC1155/extensions/IERC1155MetadataURI.sol)\n\npragma solidity ^0.8.30;\n\nimport \"../IERC1155.sol\";\n\n/**\n * @dev Interface of the optional ERC1155MetadataExtension interface, as defined\n * in the https://eips.ethereum.org/EIPS/eip-1155#metadata-extensions[EIP].\n *\n * _Available since v3.1._\n */\ninterface IERC1155MetadataURI is IERC1155 {\n    /**\n     * @dev Returns the URI for token type `id`.\n     *\n     * If the `\\{id\\}` substring is present in the URI, it must be replaced by\n     * clients with the actual token type ID.\n     */\n    function uri(uint256 id) external view returns (string memory);\n}\n"}, "@openzeppelin/contracts/token/ERC1155/IERC1155.sol": {"content": "// SPDX-License-Identifier: MIT\n// OpenZeppelin Contracts (last updated v4.7.0) (token/ERC1155/IERC1155.sol)\n\npragma solidity ^0.8.30;\n\nimport \"../../utils/introspection/IERC165.sol\";\n\n/**\n * @dev Required interface of an ERC1155 compliant contract, as defined in the\n * https://eips.ethereum.org/EIPS/eip-1155[EIP].\n *\n * _Available since v3.1._\n */\ninterface IERC1155 is IERC165 {\n    /**\n     * @dev Emitted when `value` tokens of token type `id` are transferred from `from` to `to` by `operator`.\n     */\n    event TransferSingle(address indexed operator, address indexed from, address indexed to, uint256 id, uint256 value);\n\n    /**\n     * @dev Equivalent to multiple {TransferSingle} events, where `operator`, `from` and `to` are the same for all\n     * transfers.\n     */\n    event TransferBatch(\n        address indexed operator,\n        address indexed from,\n        address indexed to,\n        uint256[] ids,\n        uint256[] values\n    );\n\n    /**\n     * @dev Emitted when `account` grants or revokes permission to `operator` to transfer their tokens, according to\n     * `approved`.\n     */\n    event ApprovalForAll(address indexed account, address indexed operator, bool approved);\n\n    /**\n     * @dev Emitted when the URI for token type `id` changes to `value`, if it is a non-programmatic URI.\n     *\n     * If an {URI} event was emitted for `id`, the standard\n     * https://eips.ethereum.org/EIPS/eip-1155#metadata-extensions[guarantees] that `value` will equal the value\n     * returned by {IERC1155MetadataURI-uri}.\n     */\n    event URI(string value, uint256 indexed id);\n\n    /**\n     * @dev Returns the amount of tokens of token type `id` owned by `account`.\n     *\n     * Requirements:\n     *\n     * - `account` cannot be the zero address.\n     */\n    function balanceOf(address account, uint256 id) external view returns (uint256);\n\n    /**\n     * @dev xref:ROOT:erc1155.adoc#batch-operations[Batched] version of {balanceOf}.\n     *\n     * Requirements:\n     *\n     * - `accounts` and `ids` must have the same length.\n     */\n    function balanceOfBatch(address[] calldata accounts, uint256[] calldata ids)\n        external\n        view\n        returns (uint256[] memory);\n\n    /**\n     * @dev Grants or revokes permission to `operator` to transfer the caller's tokens, according to `approved`,\n     *\n     * Emits an {ApprovalForAll} event.\n     *\n     * Requirements:\n     *\n     * - `operator` cannot be the caller.\n     */\n    function setApprovalForAll(address operator, bool approved) external;\n\n    /**\n     * @dev Returns true if `operator` is approved to transfer ``account``'s tokens.\n     *\n     * See {setApprovalForAll}.\n     */\n    function isApprovedForAll(address account, address operator) external view returns (bool);\n\n    /**\n     * @dev Transfers `amount` tokens of token type `id` from `from` to `to`.\n     *\n     * Emits a {TransferSingle} event.\n     *\n     * Requirements:\n     *\n     * - `to` cannot be the zero address.\n     * - If the caller is not `from`, it must have been approved to spend ``from``'s tokens via {setApprovalForAll}.\n     * - `from` must have a balance of tokens of type `id` of at least `amount`.\n     * - If `to` refers to a smart contract, it must implement {IERC1155Receiver-onERC1155Received} and return the\n     * acceptance magic value.\n     */\n    function safeTransferFrom(\n        address from,\n        address to,\n        uint256 id,\n        uint256 amount,\n        bytes calldata data\n    ) external;\n\n    /**\n     * @dev xref:ROOT:erc1155.adoc#batch-operations[Batched] version of {safeTransferFrom}.\n     *\n     * Emits a {TransferBatch} event.\n     *\n     * Requirements:\n     *\n     * - `ids` and `amounts` must have the same length.\n     * - If `to` refers to a smart contract, it must implement {IERC1155Receiver-onERC1155BatchReceived} and return the\n     * acceptance magic value.\n     */\n    function safeBatchTransferFrom(\n        address from,\n        address to,\n        uint256[] calldata ids,\n        uint256[] calldata amounts,\n        bytes calldata data\n    ) external;\n}\n"}, "@openzeppelin/contracts/token/ERC1155/IERC1155Receiver.sol": {"content": "// SPDX-License-Identifier: MIT\n// OpenZeppelin Contracts (last updated v4.5.0) (token/ERC1155/IERC1155Receiver.sol)\n\npragma solidity ^0.8.30;\n\nimport \"../../utils/introspection/IERC165.sol\";\n\n/**\n * @dev _Available since v3.1._\n */\ninterface IERC1155Receiver is IERC165 {\n    /**\n     * @dev Handles the receipt of a single ERC1155 token type. This function is\n     * called at the end of a `safeTransferFrom` after the balance has been updated.\n     *\n     * NOTE: To accept the transfer, this must return\n     * `bytes4(keccak256(\"onERC1155Received(address,address,uint256,uint256,bytes)\"))`\n     * (i.e. 0xf23a6e61, or its own function selector).\n     *\n     * @param operator The address which initiated the transfer (i.e. msg.sender)\n     * @param from The address which previously owned the token\n     * @param id The ID of the token being transferred\n     * @param value The amount of tokens being transferred\n     * @param data Additional data with no specified format\n     * @return `bytes4(keccak256(\"onERC1155Received(address,address,uint256,uint256,bytes)\"))` if transfer is allowed\n     */\n    function onERC1155Received(\n        address operator,\n        address from,\n        uint256 id,\n        uint256 value,\n        bytes calldata data\n    ) external returns (bytes4);\n\n    /**\n     * @dev Handles the receipt of a multiple ERC1155 token types. This function\n     * is called at the end of a `safeBatchTransferFrom` after the balances have\n     * been updated.\n     *\n     * NOTE: To accept the transfer(s), this must return\n     * `bytes4(keccak256(\"onERC1155BatchReceived(address,address,uint256[],uint256[],bytes)\"))`\n     * (i.e. 0xbc197c81, or its own function selector).\n     *\n     * @param operator The address which initiated the batch transfer (i.e. msg.sender)\n     * @param from The address which previously owned the token\n     * @param ids An array containing ids of each token being transferred (order and length must match values array)\n     * @param values An array containing amounts of each token being transferred (order and length must match ids array)\n     * @param data Additional data with no specified format\n     * @return `bytes4(keccak256(\"onERC1155BatchReceived(address,address,uint256[],uint256[],bytes)\"))` if transfer is allowed\n     */\n    function onERC1155BatchReceived(\n        address operator,\n        address from,\n        uint256[] calldata ids,\n        uint256[] calldata values,\n        bytes calldata data\n    ) external returns (bytes4);\n}\n"}, "@openzeppelin/contracts/utils/Address.sol": {"content": "// SPDX-License-Identifier: MIT\n// OpenZeppelin Contracts (last updated v4.8.0) (utils/Address.sol)\n\npragma solidity ^0.8.30;\n\n/**\n * @dev Collection of functions related to the address type\n */\nlibrary Address {\n    /**\n     * @dev Returns true if `account` is a contract.\n     *\n     * [IMPORTANT]\n     * ====\n     * It is unsafe to assume that an address for which this function returns\n     * false is an externally-owned account (EOA) and not a contract.\n     *\n     * Among others, `isContract` will return false for the following\n     * types of addresses:\n     *\n     *  - an externally-owned account\n     *  - a contract in construction\n     *  - an address where a contract will be created\n     *  - an address where a contract lived, but was destroyed\n     * ====\n     *\n     * [IMPORTANT]\n     * ====\n     * You shouldn't rely on `isContract` to protect against flash loan attacks!\n     *\n     * Preventing calls from contracts is highly discouraged. It breaks composability, breaks support for smart wallets\n     * like Gnosis Safe, and does not provide security since it can be circumvented by calling from a contract\n     * constructor.\n     * ====\n     */\n    function isContract(address account) internal view returns (bool) {\n        // This method relies on extcodesize/address.code.length, which returns 0\n        // for contracts in construction, since the code is only stored at the end\n        // of the constructor execution.\n\n        return account.code.length > 0;\n    }\n\n    /**\n     * @dev Replacement for Solidity's `transfer`: sends `amount` wei to\n     * `recipient`, forwarding all available gas and reverting on errors.\n     *\n     * https://eips.ethereum.org/EIPS/eip-1884[EIP1884] increases the gas cost\n     * of certain opcodes, possibly making contracts go over the 2300 gas limit\n     * imposed by `transfer`, making them unable to receive funds via\n     * `transfer`. {sendValue} removes this limitation.\n     *\n     * https://diligence.consensys.net/posts/2019/09/stop-using-soliditys-transfer-now/[Learn more].\n     *\n     * IMPORTANT: because control is transferred to `recipient`, care must be\n     * taken to not create reentrancy vulnerabilities. Consider using\n     * {ReentrancyGuard} or the\n     * https://solidity.readthedocs.io/en/v0.5.11/security-considerations.html#use-the-checks-effects-interactions-pattern[checks-effects-interactions pattern].\n     */\n    function sendValue(address payable recipient, uint256 amount) internal {\n        require(address(this).balance >= amount, \"Address: insufficient balance\");\n\n        (bool success, ) = recipient.call{value: amount}(\"\");\n        require(success, \"Address: unable to send value, recipient may have reverted\");\n    }\n\n    /**\n     * @dev Performs a Solidity function call using a low level `call`. A\n     * plain `call` is an unsafe replacement for a function call: use this\n     * function instead.\n     *\n     * If `target` reverts with a revert reason, it is bubbled up by this\n     * function (like regular Solidity function calls).\n     *\n     * Returns the raw returned data. To convert to the expected return value,\n     * use https://solidity.readthedocs.io/en/latest/units-and-global-variables.html?highlight=abi.decode#abi-encoding-and-decoding-functions[`abi.decode`].\n     *\n     * Requirements:\n     *\n     * - `target` must be a contract.\n     * - calling `target` with `data` must not revert.\n     *\n     * _Available since v3.1._\n     */\n    function functionCall(address target, bytes memory data) internal returns (bytes memory) {\n        return functionCallWithValue(target, data, 0, \"Address: low-level call failed\");\n    }\n\n    /**\n     * @dev Same as {xref-Address-functionCall-address-bytes-}[`functionCall`], but with\n     * `errorMessage` as a fallback revert reason when `target` reverts.\n     *\n     * _Available since v3.1._\n     */\n    function functionCall(\n        address target,\n        bytes memory data,\n        string memory errorMessage\n    ) internal returns (bytes memory) {\n        return functionCallWithValue(target, data, 0, errorMessage);\n    }\n\n    /**\n     * @dev Same as {xref-Address-functionCall-address-bytes-}[`functionCall`],\n     * but also transferring `value` wei to `target`.\n     *\n     * Requirements:\n     *\n     * - the calling contract must have an ETH balance of at least `value`.\n     * - the called Solidity function must be `payable`.\n     *\n     * _Available since v3.1._\n     */\n    function functionCallWithValue(\n        address target,\n        bytes memory data,\n        uint256 value\n    ) internal returns (bytes memory) {\n        return functionCallWithValue(target, data, value, \"Address: low-level call with value failed\");\n    }\n\n    /**\n     * @dev Same as {xref-Address-functionCallWithValue-address-bytes-uint256-}[`functionCallWithValue`], but\n     * with `errorMessage` as a fallback revert reason when `target` reverts.\n     *\n     * _Available since v3.1._\n     */\n    function functionCallWithValue(\n        address target,\n        bytes memory data,\n        uint256 value,\n        string memory errorMessage\n    ) internal returns (bytes memory) {\n        require(address(this).balance >= value, \"Address: insufficient balance for call\");\n        (bool success, bytes memory returndata) = target.call{value: value}(data);\n        return verifyCallResultFromTarget(target, success, returndata, errorMessage);\n    }\n\n    /**\n     * @dev Same as {xref-Address-functionCall-address-bytes-}[`functionCall`],\n     * but performing a static call.\n     *\n     * _Available since v3.3._\n     */\n    function functionStaticCall(address target, bytes memory data) internal view returns (bytes memory) {\n        return functionStaticCall(target, data, \"Address: low-level static call failed\");\n    }\n\n    /**\n     * @dev Same as {xref-Address-functionCall-address-bytes-string-}[`functionCall`],\n     * but performing a static call.\n     *\n     * _Available since v3.3._\n     */\n    function functionStaticCall(\n        address target,\n        bytes memory data,\n        string memory errorMessage\n    ) internal view returns (bytes memory) {\n        (bool success, bytes memory returndata) = target.staticcall(data);\n        return verifyCallResultFromTarget(target, success, returndata, errorMessage);\n    }\n\n    /**\n     * @dev Same as {xref-Address-functionCall-address-bytes-}[`functionCall`],\n     * but performing a delegate call.\n     *\n     * _Available since v3.4._\n     */\n    function functionDelegateCall(address target, bytes memory data) internal returns (bytes memory) {\n        return functionDelegateCall(target, data, \"Address: low-level delegate call failed\");\n    }\n\n    /**\n     * @dev Same as {xref-Address-functionCall-address-bytes-string-}[`functionCall`],\n     * but performing a delegate call.\n     *\n     * _Available since v3.4._\n     */\n    function functionDelegateCall(\n        address target,\n        bytes memory data,\n        string memory errorMessage\n    ) internal returns (bytes memory) {\n        (bool success, bytes memory returndata) = target.delegatecall(data);\n        return verifyCallResultFromTarget(target, success, returndata, errorMessage);\n    }\n\n    /**\n     * @dev Tool to verify that a low level call to smart-contract was successful, and revert (either by bubbling\n     * the revert reason or using the provided one) in case of unsuccessful call or if target was not a contract.\n     *\n     * _Available since v4.8._\n     */\n    function verifyCallResultFromTarget(\n        address target,\n        bool success,\n        bytes memory returndata,\n        string memory errorMessage\n    ) internal view returns (bytes memory) {\n        if (success) {\n            if (returndata.length == 0) {\n                // only check isContract if the call was successful and the return data is empty\n                // otherwise we already know that it was a contract\n                require(isContract(target), \"Address: call to non-contract\");\n            }\n            return returndata;\n        } else {\n            _revert(returndata, errorMessage);\n        }\n    }\n\n    /**\n     * @dev Tool to verify that a low level call was successful, and revert if it wasn't, either by bubbling the\n     * revert reason or using the provided one.\n     *\n     * _Available since v4.3._\n     */\n    function verifyCallResult(\n        bool success,\n        bytes memory returndata,\n        string memory errorMessage\n    ) internal pure returns (bytes memory) {\n        if (success) {\n            return returndata;\n        } else {\n            _revert(returndata, errorMessage);\n        }\n    }\n\n    function _revert(bytes memory returndata, string memory errorMessage) private pure {\n        // Look for revert reason and bubble it up if present\n        if (returndata.length > 0) {\n            // The easiest way to bubble the revert reason is using memory via assembly\n            /// @solidity memory-safe-assembly\n            assembly {\n                let returndata_size := mload(returndata)\n                revert(add(32, returndata), returndata_size)\n            }\n        } else {\n            revert(errorMessage);\n        }\n    }\n}\n"}, "@openzeppelin/contracts/utils/Base64.sol": {"content": "// SPDX-License-Identifier: MIT\n// OpenZeppelin Contracts (last updated v4.7.0) (utils/Base64.sol)\n\npragma solidity ^0.8.30;\n\n/**\n * @dev Provides a set of functions to operate with Base64 strings.\n *\n * _Available since v4.5._\n */\nlibrary Base64 {\n    /**\n     * @dev Base64 Encoding/Decoding Table\n     */\n    string internal constant _TABLE = \"ABCDEFGHIJKLMNOPQRSTUVWXYZabcdefghijklmnopqrstuvwxyz0123456789+/\";\n\n    /**\n     * @dev Converts a `bytes` to its Bytes64 `string` representation.\n     */\n    function encode(bytes memory data) internal pure returns (string memory) {\n        /**\n         * Inspired by Brecht Devos (Brechtpd) implementation - MIT licence\n         * https://github.com/Brechtpd/base64/blob/e78d9fd951e7b0977ddca77d92dc85183770daf4/base64.sol\n         */\n        if (data.length == 0) return \"\";\n\n        // Loads the table into memory\n        string memory table = _TABLE;\n\n        // Encoding takes 3 bytes chunks of binary data from `bytes` data parameter\n        // and split into 4 numbers of 6 bits.\n        // The final Base64 length should be `bytes` data length multiplied by 4/3 rounded up\n        // - `data.length + 2`  -> Round up\n        // - `/ 3`              -> Number of 3-bytes chunks\n        // - `4 *`              -> 4 characters for each chunk\n        string memory result = new string(4 * ((data.length + 2) / 3));\n\n        /// @solidity memory-safe-assembly\n        assembly {\n            // Prepare the lookup table (skip the first \"length\" byte)\n            let tablePtr := add(table, 1)\n\n            // Prepare result pointer, jump over length\n            let resultPtr := add(result, 32)\n\n            // Run over the input, 3 bytes at a time\n            for {\n                let dataPtr := data\n                let endPtr := add(data, mload(data))\n            } lt(dataPtr, endPtr) {\n\n            } {\n                // Advance 3 bytes\n                dataPtr := add(dataPtr, 3)\n                let input := mload(dataPtr)\n\n                // To write each character, shift the 3 bytes (18 bits) chunk\n                // 4 times in blocks of 6 bits for each character (18, 12, 6, 0)\n                // and apply logical AND with 0x3F which is the number of\n                // the previous character in the ASCII table prior to the Base64 Table\n                // The result is then added to the table to get the character to write,\n                // and finally write it in the result pointer but with a left shift\n                // of 256 (1 byte) - 8 (1 ASCII char) = 248 bits\n\n                mstore8(resultPtr, mload(add(tablePtr, and(shr(18, input), 0x3F))))\n                resultPtr := add(resultPtr, 1) // Advance\n\n                mstore8(resultPtr, mload(add(tablePtr, and(shr(12, input), 0x3F))))\n                resultPtr := add(resultPtr, 1) // Advance\n\n                mstore8(resultPtr, mload(add(tablePtr, and(shr(6, input), 0x3F))))\n                resultPtr := add(resultPtr, 1) // Advance\n\n                mstore8(resultPtr, mload(add(tablePtr, and(input, 0x3F))))\n                resultPtr := add(resultPtr, 1) // Advance\n            }\n\n            // When data `bytes` is not exactly 3 bytes long\n            // it is padded with `=` characters at the end\n            switch mod(mload(data), 3)\n            case 1 {\n                mstore8(sub(resultPtr, 1), 0x3d)\n                mstore8(sub(resultPtr, 2), 0x3d)\n            }\n            case 2 {\n                mstore8(sub(resultPtr, 1), 0x3d)\n            }\n        }\n\n        return result;\n    }\n}\n"}, "@openzeppelin/contracts/utils/Context.sol": {"content": "// SPDX-License-Identifier: MIT\n// OpenZeppelin Contracts v4.4.1 (utils/Context.sol)\n\npragma solidity ^0.8.30;\n\n/**\n * @dev Provides information about the current execution context, including the\n * sender of the transaction and its data. While these are generally available\n * via msg.sender and msg.data, they should not be accessed in such a direct\n * manner, since when dealing with meta-transactions the account sending and\n * paying for execution may not be the actual sender (as far as an application\n * is concerned).\n *\n * This contract is only required for intermediate, library-like contracts.\n */\nabstract contract Context {\n    function _msgSender() internal view virtual returns (address) {\n        return msg.sender;\n    }\n\n    function _msgData() internal view virtual returns (bytes calldata) {\n        return msg.data;\n    }\n}\n"}, "@openzeppelin/contracts/utils/introspection/ERC165.sol": {"content": "// SPDX-License-Identifier: MIT\n// OpenZeppelin Contracts v4.4.1 (utils/introspection/ERC165.sol)\n\npragma solidity ^0.8.30;\n\nimport \"./IERC165.sol\";\n\n/**\n * @dev Implementation of the {IERC165} interface.\n *\n * Contracts that want to implement ERC165 should inherit from this contract and override {supportsInterface} to check\n * for the additional interface id that will be supported. For example:\n *\n * ```solidity\n * function supportsInterface(bytes4 interfaceId) public view virtual override returns (bool) {\n *     return interfaceId == type(MyInterface).interfaceId || super.supportsInterface(interfaceId);\n * }\n * ```\n *\n * Alternatively, {ERC165Storage} provides an easier to use but more expensive implementation.\n */\nabstract contract ERC165 is IERC165 {\n    /**\n     * @dev See {IERC165-supportsInterface}.\n     */\n    function supportsInterface(bytes4 interfaceId) public view virtual override returns (bool) {\n        return interfaceId == type(IERC165).interfaceId;\n    }\n}\n"}, "@openzeppelin/contracts/utils/introspection/IERC165.sol": {"content": "// SPDX-License-Identifier: MIT\n// OpenZeppelin Contracts v4.4.1 (utils/introspection/IERC165.sol)\n\npragma solidity ^0.8.30;\n\n/**\n * @dev Interface of the ERC165 standard, as defined in the\n * https://eips.ethereum.org/EIPS/eip-165[EIP].\n *\n * Implementers can declare support of contract interfaces, which can then be\n * queried by others ({ERC165Checker}).\n *\n * For an implementation, see {ERC165}.\n */\ninterface IERC165 {\n    /**\n     * @dev Returns true if this contract implements the interface defined by\n     * `interfaceId`. See the corresponding\n     * https://eips.ethereum.org/EIPS/eip-165#how-interfaces-are-identified[EIP section]\n     * to learn more about how these ids are created.\n     *\n     * This function call must use less than 30 000 gas.\n     */\n    function supportsInterface(bytes4 interfaceId) external view returns (bool);\n}\n"}, "@openzeppelin/contracts/utils/math/Math.sol": {"content": "// SPDX-License-Identifier: MIT\n// OpenZeppelin Contracts (last updated v4.8.0) (utils/math/Math.sol)\n\npragma solidity ^0.8.30;\n\n/**\n * @dev Standard math utilities missing in the Solidity language.\n */\nlibrary Math {\n    enum Rounding {\n        Down, // Toward negative infinity\n        Up, // Toward infinity\n        Zero // Toward zero\n    }\n\n    /**\n     * @dev Returns the largest of two numbers.\n     */\n    function max(uint256 a, uint256 b) internal pure returns (uint256) {\n        return a > b ? a : b;\n    }\n\n    /**\n     * @dev Returns the smallest of two numbers.\n     */\n    function min(uint256 a, uint256 b) internal pure returns (uint256) {\n        return a < b ? a : b;\n    }\n\n    /**\n     * @dev Returns the average of two numbers. The result is rounded towards\n     * zero.\n     */\n    function average(uint256 a, uint256 b) internal pure returns (uint256) {\n        // (a + b) / 2 can overflow.\n        return (a & b) + (a ^ b) / 2;\n    }\n\n    /**\n     * @dev Returns the ceiling of the division of two numbers.\n     *\n     * This differs from standard division with `/` in that it rounds up instead\n     * of rounding down.\n     */\n    function ceilDiv(uint256 a, uint256 b) internal pure returns (uint256) {\n        // (a + b - 1) / b can overflow on addition, so we distribute.\n        return a == 0 ? 0 : (a - 1) / b + 1;\n    }\n\n    /**\n     * @notice Calculates floor(x * y / denominator) with full precision. Throws if result overflows a uint256 or denominator == 0\n     * @dev Original credit to Remco Bloemen under MIT license (https://xn--2-umb.com/21/muldiv)\n     * with further edits by Uniswap Labs also under MIT license.\n     */\n    function mulDiv(\n        uint256 x,\n        uint256 y,\n        uint256 denominator\n    ) internal pure returns (uint256 result) {\n        unchecked {\n            // 512-bit multiply [prod1 prod0] = x * y. Compute the product mod 2^256 and mod 2^256 - 1, then use\n            // use the Chinese Remainder Theorem to reconstruct the 512 bit result. The result is stored in two 256\n            // variables such that product = prod1 * 2^256 + prod0.\n            uint256 prod0; // Least significant 256 bits of the product\n            uint256 prod1; // Most significant 256 bits of the product\n            assembly {\n                let mm := mulmod(x, y, not(0))\n                prod0 := mul(x, y)\n                prod1 := sub(sub(mm, prod0), lt(mm, prod0))\n            }\n\n            // Handle non-overflow cases, 256 by 256 division.\n            if (prod1 == 0) {\n                return prod0 / denominator;\n            }\n\n            // Make sure the result is less than 2^256. Also prevents denominator == 0.\n            require(denominator > prod1);\n\n            ///////////////////////////////////////////////\n            // 512 by 256 division.\n            ///////////////////////////////////////////////\n\n            // Make division exact by subtracting the remainder from [prod1 prod0].\n            uint256 remainder;\n            assembly {\n                // Compute remainder using mulmod.\n                remainder := mulmod(x, y, denominator)\n\n                // Subtract 256 bit number from 512 bit number.\n                prod1 := sub(prod1, gt(remainder, prod0))\n                prod0 := sub(prod0, remainder)\n            }\n\n            // Factor powers of two out of denominator and compute largest power of two divisor of denominator. Always >= 1.\n            // See https://cs.stackexchange.com/q/138556/92363.\n\n            // Does not overflow because the denominator cannot be zero at this stage in the function.\n            uint256 twos = denominator & (~denominator + 1);\n            assembly {\n                // Divide denominator by twos.\n                denominator := div(denominator, twos)\n\n                // Divide [prod1 prod0] by twos.\n                prod0 := div(prod0, twos)\n\n                // Flip twos such that it is 2^256 / twos. If twos is zero, then it becomes one.\n                twos := add(div(sub(0, twos), twos), 1)\n            }\n\n            // Shift in bits from prod1 into prod0.\n            prod0 |= prod1 * twos;\n\n            // Invert denominator mod 2^256. Now that denominator is an odd number, it has an inverse modulo 2^256 such\n            // that denominator * inv = 1 mod 2^256. Compute the inverse by starting with a seed that is correct for\n            // four bits. That is, denominator * inv = 1 mod 2^4.\n            uint256 inverse = (3 * denominator) ^ 2;\n\n            // Use the Newton-Raphson iteration to improve the precision. Thanks to Hensel's lifting lemma, this also works\n            // in modular arithmetic, doubling the correct bits in each step.\n            inverse *= 2 - denominator * inverse; // inverse mod 2^8\n            inverse *= 2 - denominator * inverse; // inverse mod 2^16\n            inverse *= 2 - denominator * inverse; // inverse mod 2^32\n            inverse *= 2 - denominator * inverse; // inverse mod 2^64\n            inverse *= 2 - denominator * inverse; // inverse mod 2^128\n            inverse *= 2 - denominator * inverse; // inverse mod 2^256\n\n            // Because the division is now exact we can divide by multiplying with the modular inverse of denominator.\n            // This will give us the correct result modulo 2^256. Since the preconditions guarantee that the outcome is\n            // less than 2^256, this is the final result. We don't need to compute the high bits of the result and prod1\n            // is no longer required.\n            result = prod0 * inverse;\n            return result;\n        }\n    }\n\n    /**\n     * @notice Calculates x * y / denominator with full precision, following the selected rounding direction.\n     */\n    function mulDiv(\n        uint256 x,\n        uint256 y,\n        uint256 denominator,\n        Rounding rounding\n    ) internal pure returns (uint256) {\n        uint256 result = mulDiv(x, y, denominator);\n        if (rounding == Rounding.Up && mulmod(x, y, denominator) > 0) {\n            result += 1;\n        }\n        return result;\n    }\n\n    /**\n     * @dev Returns the square root of a number. If the number is not a perfect square, the value is rounded down.\n     *\n     * Inspired by Henry S. Warren, Jr.'s \"Hacker's Delight\" (Chapter 11).\n     */\n    function sqrt(uint256 a) internal pure returns (uint256) {\n        if (a == 0) {\n            return 0;\n        }\n\n        // For our first guess, we get the biggest power of 2 which is smaller than the square root of the target.\n        //\n        // We know that the \"msb\" (most significant bit) of our target number `a` is a power of 2 such that we have\n        // `msb(a) <= a < 2*msb(a)`. This value can be written `msb(a)=2**k` with `k=log2(a)`.\n        //\n        // This can be rewritten `2**log2(a) <= a < 2**(log2(a) + 1)`\n        // \u2192 `sqrt(2**k) <= sqrt(a) < sqrt(2**(k+1))`\n        // \u2192 `2**(k/2) <= sqrt(a) < 2**((k+1)/2) <= 2**(k/2 + 1)`\n        //\n        // Consequently, `2**(log2(a) / 2)` is a good first approximation of `sqrt(a)` with at least 1 correct bit.\n        uint256 result = 1 << (log2(a) >> 1);\n\n        // At this point `result` is an estimation with one bit of precision. We know the true value is a uint128,\n        // since it is the square root of a uint256. Newton's method converges quadratically (precision doubles at\n        // every iteration). We thus need at most 7 iteration to turn our partial result with one bit of precision\n        // into the expected uint128 result.\n        unchecked {\n            result = (result + a / result) >> 1;\n            result = (result + a / result) >> 1;\n            result = (result + a / result) >> 1;\n            result = (result + a / result) >> 1;\n            result = (result + a / result) >> 1;\n            result = (result + a / result) >> 1;\n            result = (result + a / result) >> 1;\n            return min(result, a / result);\n        }\n    }\n\n    /**\n     * @notice Calculates sqrt(a), following the selected rounding direction.\n     */\n    function sqrt(uint256 a, Rounding rounding) internal pure returns (uint256) {\n        unchecked {\n            uint256 result = sqrt(a);\n            return result + (rounding == Rounding.Up && result * result < a ? 1 : 0);\n        }\n    }\n\n    /**\n     * @dev Return the log in base 2, rounded down, of a positive value.\n     * Returns 0 if given 0.\n     */\n    function log2(uint256 value) internal pure returns (uint256) {\n        uint256 result = 0;\n        unchecked {\n            if (value >> 128 > 0) {\n                value >>= 128;\n                result += 128;\n            }\n            if (value >> 64 > 0) {\n                value >>= 64;\n                result += 64;\n            }\n            if (value >> 32 > 0) {\n                value >>= 32;\n                result += 32;\n            }\n            if (value >> 16 > 0) {\n                value >>= 16;\n                result += 16;\n            }\n            if (value >> 8 > 0) {\n                value >>= 8;\n                result += 8;\n            }\n            if (value >> 4 > 0) {\n                value >>= 4;\n                result += 4;\n            }\n            if (value >> 2 > 0) {\n                value >>= 2;\n                result += 2;\n            }\n            if (value >> 1 > 0) {\n                result += 1;\n            }\n        }\n        return result;\n    }\n\n    /**\n     * @dev Return the log in base 2, following the selected rounding direction, of a positive value.\n     * Returns 0 if given 0.\n     */\n    function log2(uint256 value, Rounding rounding) internal pure returns (uint256) {\n        unchecked {\n            uint256 result = log2(value);\n            return result + (rounding == Rounding.Up && 1 << result < value ? 1 : 0);\n        }\n    }\n\n    /**\n     * @dev Return the log in base 10, rounded down, of a positive value.\n     * Returns 0 if given 0.\n     */\n    function log10(uint256 value) internal pure returns (uint256) {\n        uint256 result = 0;\n        unchecked {\n            if (value >= 10**64) {\n                value /= 10**64;\n                result += 64;\n            }\n            if (value >= 10**32) {\n                value /= 10**32;\n                result += 32;\n            }\n            if (value >= 10**16) {\n                value /= 10**16;\n                result += 16;\n            }\n            if (value >= 10**8) {\n                value /= 10**8;\n                result += 8;\n            }\n            if (value >= 10**4) {\n                value /= 10**4;\n                result += 4;\n            }\n            if (value >= 10**2) {\n                value /= 10**2;\n                result += 2;\n            }\n            if (value >= 10**1) {\n                result += 1;\n            }\n        }\n        return result;\n    }\n\n    /**\n     * @dev Return the log in base 10, following the selected rounding direction, of a positive value.\n     * Returns 0 if given 0.\n     */\n    function log10(uint256 value, Rounding rounding) internal pure returns (uint256) {\n        unchecked {\n            uint256 result = log10(value);\n            return result + (rounding == Rounding.Up && 10**result < value ? 1 : 0);\n        }\n    }\n\n    /**\n     * @dev Return the log in base 256, rounded down, of a positive value.\n     * Returns 0 if given 0.\n     *\n     * Adding one to the result gives the number of pairs of hex symbols needed to represent `value` as a hex string.\n     */\n    function log256(uint256 value) internal pure returns (uint256) {\n        uint256 result = 0;\n        unchecked {\n            if (value >> 128 > 0) {\n                value >>= 128;\n                result += 16;\n            }\n            if (value >> 64 > 0) {\n                value >>= 64;\n                result += 8;\n            }\n            if (value >> 32 > 0) {\n                value >>= 32;\n                result += 4;\n            }\n            if (value >> 16 > 0) {\n                value >>= 16;\n                result += 2;\n            }\n            if (value >> 8 > 0) {\n                result += 1;\n            }\n        }\n        return result;\n    }\n\n    /**\n     * @dev Return the log in base 10, following the selected rounding direction, of a positive value.\n     * Returns 0 if given 0.\n     */\n    function log256(uint256 value, Rounding rounding) internal pure returns (uint256) {\n        unchecked {\n            uint256 result = log256(value);\n            return result + (rounding == Rounding.Up && 1 << (result * 8) < value ? 1 : 0);\n        }\n    }\n}\n"}, "@openzeppelin/contracts/utils/Strings.sol": {"content": "// SPDX-License-Identifier: MIT\n// OpenZeppelin Contracts (last updated v4.8.0) (utils/Strings.sol)\n\npragma solidity ^0.8.30;\n\nimport \"./math/Math.sol\";\n\n/**\n * @dev String operations.\n */\nlibrary Strings {\n    bytes16 private constant _SYMBOLS = \"0123456789abcdef\";\n    uint8 private constant _ADDRESS_LENGTH = 20;\n\n    /**\n     * @dev Converts a `uint256` to its ASCII `string` decimal representation.\n     */\n    function toString(uint256 value) internal pure returns (string memory) {\n        unchecked {\n            uint256 length = Math.log10(value) + 1;\n            string memory buffer = new string(length);\n            uint256 ptr;\n            /// @solidity memory-safe-assembly\n            assembly {\n                ptr := add(buffer, add(32, length))\n            }\n            while (true) {\n                ptr--;\n                /// @solidity memory-safe-assembly\n                assembly {\n                    mstore8(ptr, byte(mod(value, 10), _SYMBOLS))\n                }\n                value /= 10;\n                if (value == 0) break;\n            }\n            return buffer;\n        }\n    }\n\n    /**\n     * @dev Converts a `uint256` to its ASCII `string` hexadecimal representation.\n     */\n    function toHexString(uint256 value) internal pure returns (string memory) {\n        unchecked {\n            return toHexString(value, Math.log256(value) + 1);\n        }\n    }\n\n    /**\n     * @dev Converts a `uint256` to its ASCII `string` hexadecimal representation with fixed length.\n     */\n    function toHexString(uint256 value, uint256 length) internal pure returns (string memory) {\n        bytes memory buffer = new bytes(2 * length + 2);\n        buffer[0] = \"0\";\n        buffer[1] = \"x\";\n        for (uint256 i = 2 * length + 1; i > 1; --i) {\n            buffer[i] = _SYMBOLS[value & 0xf];\n            value >>= 4;\n        }\n        require(value == 0, \"Strings: hex length insufficient\");\n        return string(buffer);\n    }\n\n    /**\n     * @dev Converts an `address` with fixed length of 20 bytes to its not checksummed ASCII `string` hexadecimal representation.\n     */\n    function toHexString(address addr) internal pure returns (string memory) {\n        return toHexString(uint256(uint160(addr)), _ADDRESS_LENGTH);\n    }\n}\n"}, "contracts/CreatorProvenance.sol": {"content": "// SPDX-License-Identifier: Unlicense\n\npragma solidity ^0.8.30;\n\nimport \"./ICreatorProvenance.sol\";\n\nabstract contract CreatorProvenance is ICreatorProvenance {\n    struct Creator {\n        address creator;\n        bool isVerified;\n    }\n\n    mapping(uint256 => Creator) private _tokenCreators;\n\n    function provenanceTokenInfo(\n        uint256 tokenId\n    ) public view returns (address, bool) {\n        Creator memory creator = _tokenCreators[tokenId];\n        return (creator.creator, creator.isVerified);\n    }\n\n    function verifyTokenProvenance(uint256 tokenId) public {\n        require(\n            msg.sender == _tokenCreators[tokenId].creator,\n            \"CreatorProvenance: not creator\"\n        );\n        _tokenCreators[tokenId].isVerified = true;\n    }\n\n    /**\n     * @dev Sets the creator information for a specific token id.\n     *\n     * Requirements:\n     *\n     * - `creators` cannot include a zero address.\n     */\n    function _setTokenCreator(\n        uint256 tokenId,\n        address creator\n    ) internal virtual {\n        require(creator != address(0), \"CreatorProvenance: invalid creator\");\n\n        _tokenCreators[tokenId] = Creator(creator, false);\n    }\n\n    /**\n     * @dev Deletes creator information for the specified token.\n     */\n    function _deleteTokenProvenance(uint256 tokenId) internal virtual {\n        delete _tokenCreators[tokenId];\n    }\n}\n"}, "contracts/Edition.sol": {"content": "// SPDX-License-Identifier: Unlicense\npragma solidity ^0.8.30;\n\n//     ____  __  ______  __________\n//    / __ \\/ / / / __ \\/_  __/ __ \\\n//   / /_/ / /_/ / / / / / / / / / /\n//  / ____/ __  / /_/ / / / / /_/ /\n// /_/ __/_/_/_/\\____/_/_/__\\____/___  _   _______\n//    / ____/ __ \\/  _/_  __/  _/ __ \\/ | / / ___/\n//   / __/ / / / // /  / /  / // / / /  |/ /\\__ \\\n//  / /___/ /_/ // /  / / _/ // /_/ / /|  /___/ /\n// /_____/_____/___/ /_/ /___/\\____/_/ |_//____/\n\nimport \"@openzeppelin/contracts/token/ERC1155/ERC1155.sol\";\nimport \"@openzeppelin/contracts/token/ERC1155/IERC1155.sol\";\nimport \"@openzeppelin/contracts/interfaces/IERC2981.sol\";\nimport \"@openzeppelin/contracts/access/Ownable.sol\";\nimport \"./CreatorProvenance.sol\";\nimport \"./IDelegationRegistryExcerpt.sol\";\nimport \"./URIHandler.sol\";\nimport \"./IERC4906.sol\";\n\n/// @author shawnprice.eth\n/// @title Photo Editions by Shawn Price\n\n//     __________  ______    __________________\n//    / ____/ __ \\/ ____/   <  <  / ____/ ____/\n//   / __/ / /_/ / /  ______/ // /___ \\/___ \\\n//  / /___/ _, _/ /__/_____/ // /___/ /___/ /\n// /_____/_/ |_|\\____/    /_//_/_____/_____/\n\ncontract Edition is\n    ERC1155,\n    IERC2981,\n    IERC4906,\n    Ownable,\n    URIHandler,\n    CreatorProvenance\n{\n    string public name = \"Editions by Shawn Price\";\n    string public symbol = \"SP1\";\n\n    uint256 private nextEditionId = 1;\n    uint256 public totalSupply = 0;\n\n    string public contractURI;\n\n    address private immutable _DELEGATION_REGISTRY =\n        0x00000000000076A84feF008CDAbe6409d2FE638B;\n    address private EDITION_CONTRACT;\n\n    mapping(uint256 => uint256) private mintPrices;\n    mapping(uint256 => uint256) private mintCloseBlocktimes;\n    mapping(uint256 => uint256) private editionSupply;\n    mapping(uint256 => bool) private editionIsSealed;\n\n    // EIP-2981 NFT Royalty Standard\n    mapping(uint256 => uint256) private royaltyBps;\n    mapping(uint256 => address) private royaltyRecipient;\n\n    struct PhotoDetails {\n        string name;\n        string createdBy;\n        string description;\n        uint256 imageBytes;\n        string imageHash;\n        uint256 height;\n        string uri;\n        uint256 width;\n        string aperture;\n        uint256 iso;\n        string lensModel;\n        string shutterSpeed;\n        string camera;\n        string format;\n        string license;\n        uint256 createdAt;\n    }\n\n    mapping(uint => PhotoDetails) private photos;\n\n    error MintClosed();\n    error EditionIsSealed();\n    error NotEnoughValueSent();\n    error EditionDoesNotExist();\n    error TokenCreatorAlreadySet();\n    error NotDelegatedOnContract();\n\n    constructor() ERC1155(\"\") {}\n\n    //     ____        __    ___\n    //    / __ \\__  __/ /_  / (_)____\n    //   / /_/ / / / / __ \\/ / / ___/\n    //  / ____/ /_/ / /_/ / / / /__\n    // /_/ ___\\__,_/_.___/_/_/\\___/_  _\n    //    / ____/_  ______  _____/ /_(_)___  ____  _____\n    //   / /_  / / / / __ \\/ ___/ __/ / __ \\/ __ \\/ ___/\n    //  / __/ / /_/ / / / / /__/ /_/ / /_/ / / / (__  )\n    // /_/    \\__,_/_/ /_/\\___/\\__/_/\\____/_/ /_/____/\n\n    function mint(\n        address _vault,\n        address _recipient,\n        uint256 _id,\n        uint256 _quantity\n    ) external payable {\n        if (_id >= nextEditionId || _id < 1) revert EditionDoesNotExist();\n        if (mintCloseBlocktimes[_id] < block.timestamp) revert MintClosed();\n        if (msg.value < (mintPrices[_id] * _quantity)) {\n            revert NotEnoughValueSent();\n        }\n\n        address recipient = _recipient;\n\n        if (_vault != address(0) && _vault != msg.sender) {\n            if (\n                !(\n                    IDelegationRegistry(_DELEGATION_REGISTRY)\n                        .checkDelegateForContract(\n                            msg.sender,\n                            _vault,\n                            EDITION_CONTRACT\n                        )\n                )\n            ) {\n                revert NotDelegatedOnContract();\n            }\n            recipient = _vault;\n        }\n\n        _mint(recipient, _id, _quantity, \"\");\n\n        unchecked {\n            editionSupply[_id] += _quantity;\n            totalSupply += _quantity;\n        }\n    }\n\n    //  _    ___\n    // | |  / (_)__ _      __\n    // | | / / / _ \\ | /| / /\n    // | |/ / /  __/ |/ |/ /\n    // |___/_/\\___/|__/|__/       __  _\n    //    / ____/_  ______  _____/ /_(_)___  ____  _____\n    //   / /_  / / / / __ \\/ ___/ __/ / __ \\/ __ \\/ ___/\n    //  / __/ / /_/ / / / / /__/ /_/ / /_/ / / / (__  )\n    // /_/    \\__,_/_/ /_/\\___/\\__/_/\\____/_/ /_/____/\n\n    function uri(\n        uint256 _id\n    ) public view virtual override returns (string memory) {\n        if (_id >= nextEditionId || _id < 1) revert EditionDoesNotExist();\n\n        PhotoDetails memory photo = photos[_id];\n\n        return\n            generateURI(\n                photo.name,\n                photo.createdBy,\n                photo.description,\n                photo.aperture,\n                photo.imageBytes,\n                photo.imageHash,\n                photo.height,\n                photo.uri,\n                photo.width,\n                photo.iso,\n                photo.lensModel,\n                photo.shutterSpeed,\n                photo.camera,\n                photo.format,\n                photo.license,\n                photo.createdAt\n            );\n    }\n\n    function royaltyInfo(\n        uint256 _id,\n        uint256 _value\n    ) external view returns (address, uint256) {\n        return (royaltyRecipient[_id], (_value * royaltyBps[_id]) / 10000);\n    }\n\n    function mintPrice(uint256 _id) external view returns (uint256) {\n        if (_id >= nextEditionId || _id < 1) revert EditionDoesNotExist();\n        return mintPrices[_id];\n    }\n\n    function mintCloseBlocktime(uint256 _id) external view returns (uint256) {\n        if (_id >= nextEditionId || _id < 1) revert EditionDoesNotExist();\n        return mintCloseBlocktimes[_id];\n    }\n\n    function tokenIsSealed(uint256 _id) external view returns (bool) {\n        if (_id >= nextEditionId || _id < 1) revert EditionDoesNotExist();\n        return editionIsSealed[_id];\n    }\n\n    function getEditionSupply(uint256 _id) external view returns (uint256) {\n        if (_id >= nextEditionId || _id < 1) revert EditionDoesNotExist();\n        return editionSupply[_id];\n    }\n\n    function supportsInterface(\n        bytes4 interfaceId\n    ) public view virtual override(IERC165, ERC1155) returns (bool) {\n        return\n            interfaceId == 0x01ffc9a7 || // ERC165 interface id\n            interfaceId == 0xd9b67a26 || // ERC1155 interface id\n            interfaceId == 0x0e89341c || // ERC1155 MetadataURI interface id\n            interfaceId == 0x49064906 || // ERC4906 Metadata Update interface id\n            interfaceId == 0x2a55205a; // ERC2981 Royalties interface id\n    }\n\n    //    ____\n    //   / __ \\_      ______  ___  _____\n    //  / / / / | /| / / __ \\/ _ \\/ ___/\n    // / /_/ /| |/ |/ / / / /  __/ /\n    // \\____/_|__/|__/_/ /_/\\___/_/_  _\n    //    / ____/_  ______  _____/ /_(_)___  ____  _____\n    //   / /_  / / / / __ \\/ ___/ __/ / __ \\/ __ \\/ ___/\n    //  / __/ / /_/ / / / / /__/ /_/ / /_/ / / / (__  )\n    // /_/    \\__,_/_/ /_/\\___/\\__/_/\\____/_/ /_/____/\n\n    function createEdition(\n        uint256 _mintPrice,\n        string memory _name,\n        string memory _createdBy,\n        string memory _description,\n        string memory _aperture,\n        uint256 _bytes,\n        string memory _hash,\n        uint256 _height,\n        uint256 _iso,\n        string memory _lensModel,\n        string memory _shutterSpeed,\n        string memory _uri,\n        uint256 _width,\n        string memory _camera,\n        string memory _format,\n        string memory _license,\n        uint256 _createdAt\n    ) external onlyOwner {\n        mintPrices[nextEditionId] = _mintPrice;\n\n        photos[nextEditionId] = PhotoDetails(\n            _name,\n            _createdBy,\n            _description,\n            _bytes,\n            _hash,\n            _height,\n            _uri,\n            _width,\n            _aperture,\n            _iso,\n            _lensModel,\n            _shutterSpeed,\n            _camera,\n            _format,\n            _license,\n            _createdAt\n        );\n\n        string memory newUri = generateURI(\n            _name,\n            _createdBy,\n            _description,\n            _aperture,\n            _bytes,\n            _hash,\n            _height,\n            _uri,\n            _width,\n            _iso,\n            _lensModel,\n            _shutterSpeed,\n            _camera,\n            _format,\n            _license,\n            _createdAt\n        );\n\n        emit URI(newUri, nextEditionId);\n\n        unchecked {\n            editionSupply[nextEditionId] = 0;\n            ++nextEditionId;\n        }\n    }\n\n    function setMintPrice(uint256 _id, uint256 _mintPrice) external onlyOwner {\n        if (_id >= nextEditionId || _id < 1) revert EditionDoesNotExist();\n        mintPrices[_id] = _mintPrice;\n    }\n\n    function setMintCloseBlocktime(\n        uint256 _id,\n        uint256 _mintCloseBlocktime\n    ) external onlyOwner {\n        if (_id >= nextEditionId || _id < 1) revert EditionDoesNotExist();\n        if (editionIsSealed[_id] == true) revert EditionIsSealed();\n        mintCloseBlocktimes[_id] = _mintCloseBlocktime;\n    }\n\n    function sealEdition(uint256 _id) external onlyOwner {\n        if (_id >= nextEditionId || _id < 1) revert EditionDoesNotExist();\n        editionIsSealed[_id] = true;\n    }\n\n    function setRoyaltyInfo(\n        address payable _recipient,\n        uint256 _bps,\n        uint256 _id\n    ) external onlyOwner {\n        if (_id >= nextEditionId || _id < 1) revert EditionDoesNotExist();\n        royaltyRecipient[_id] = _recipient;\n        royaltyBps[_id] = _bps;\n    }\n\n    function setTokenCreator(\n        uint256 _id,\n        address _createdBy\n    ) external onlyOwner {\n        if (_id >= nextEditionId || _id < 1) revert EditionDoesNotExist();\n        (, bool isCreatorVerified) = provenanceTokenInfo(_id);\n        if (isCreatorVerified == true) revert TokenCreatorAlreadySet();\n\n        _setTokenCreator(_id, _createdBy);\n    }\n\n    /*\n     * @notice\n     *\n     * This NFT, and nearly all others we know today, will die over\n     * the coming decades, centuries, and millennia due to digital decay.\n     *\n     * This smart contract explores the edges of what a Long NFT could look like.\n     *\n     * A Long NFT is one that is designed to make it to the end of the final\n     * blockchain.\n     */\n    function setEditionImageURI(\n        uint256 _id,\n        string memory _uri\n    ) external onlyOwner {\n        if (_id >= nextEditionId || _id < 1) revert EditionDoesNotExist();\n        photos[_id].uri = _uri;\n        emit MetadataUpdate(_id);\n    }\n\n    function setContractURI(string memory _contractURI) external onlyOwner {\n        contractURI = _contractURI;\n    }\n\n    function setContractAddress(address _contractAddress) external onlyOwner {\n        EDITION_CONTRACT = _contractAddress;\n    }\n\n    function withdraw() external onlyOwner {\n        (bool success, ) = payable(msg.sender).call{\n            value: address(this).balance\n        }(\"\");\n        require(success, \"transfer failed\");\n    }\n}\n"}, "contracts/ICreatorProvenance.sol": {"content": "// SPDX-License-Identifier: Unlicense\n\npragma solidity ^0.8.30;\n\n/**\n * @dev Interface for a proposed NFT Creator Provenance Standard.\n *\n * A proposed standardized way to retrieve creator information for non-fungible tokens (NFTs)\n * to enable universal support for the consistant use and display of initial provenance information\n * across NFT marketplaces and ecosystem participants.\n *\n */\ninterface ICreatorProvenance {\n    /**\n     * @dev Returns the address of the token creator or creators and whether\n     *      the creator has verified their provenance.\n     */\n    function provenanceTokenInfo(\n        uint256 tokenId\n    ) external view returns (address creators, bool isVerified);\n\n    /**\n     * @dev Allows the provenance of a token to be verified by the creator.\n     */\n    function verifyTokenProvenance(uint256 tokenId) external;\n}\n"}, "contracts/IDelegationRegistryExcerpt.sol": {"content": "// SPDX-License-Identifier: CC0-1.0\npragma solidity ^0.8.30;\n\n/**\n * @title A partial interface taken from the IDelegationRegistry provided under\n *  the CC0-1.0 Creative Commons license by delegate.cash\n */\ninterface IDelegationRegistry {\n    function checkDelegateForContract(\n        address delegate,\n        address vault,\n        address contract_\n    ) external returns (bool);\n}\n"}, "contracts/IERC4906.sol": {"content": "// SPDX-License-Identifier: Unlicense\npragma solidity ^0.8.30;\n\nimport \"@openzeppelin/contracts/utils/introspection/IERC165.sol\";\n\n/// @title EIP-721 Metadata Update Extension\ninterface IERC4906 is IERC165 {\n    /// @dev This event emits when the metadata of a token is changed.\n    /// So that the third-party platforms such as NFT market could\n    /// timely update the images and related attributes of the NFT.\n    event MetadataUpdate(uint256 _tokenId);\n\n    /// @dev This event emits when the metadata of a range of tokens is changed.\n    /// So that the third-party platforms such as NFT market could\n    /// timely update the images and related attributes of the NFTs.\n    event BatchMetadataUpdate(uint256 _fromTokenId, uint256 _toTokenId);\n}\n"}, "contracts/URIHandler.sol": {"content": "// SPDX-License-Identifier: Unlicense\npragma solidity ^0.8.30;\n\n//    __  ______  ____\n//   / / / / __ \\/  _/\n//  / / / / /_/ // /\n// / /_/ / _, _// /\n// \\____/_/ |_/___/\n\n/// @author shawnprice.eth\n/// @title URI Handler\n\nimport \"@openzeppelin/contracts/utils/Strings.sol\";\nimport \"@openzeppelin/contracts/utils/Base64.sol\";\n\ncontract URIHandler {\n    using Strings for uint256;\n\n    function generateURI(\n        string memory _name,\n        string memory _createdBy,\n        string memory _description,\n        string memory _aperture,\n        uint256 _imageBytes,\n        string memory _imageHash,\n        uint256 _height,\n        string memory _uri,\n        uint256 _width,\n        uint256 _iso,\n        string memory _lensModel,\n        string memory _shutterSpeed,\n        string memory _camera,\n        string memory _format,\n        string memory _license,\n        uint256 _createdAt\n    ) internal pure returns (string memory) {\n        bytes memory nameAndDescription = abi.encodePacked(\n            '\"name\":\"',\n            _name,\n            '\",\"created_by\":\"',\n            _createdBy,\n            '\",\"description\":\"',\n            _description,\n            '\"'\n        );\n\n        bytes memory attributes = abi.encodePacked(\n            '\"attributes\":[{',\n            '\"trait_type\":\"Aperture\",',\n            '\"value\":\"',\n            _aperture,\n            '\"},{'\n            '\"trait_type\":\"Shutter Speed\",',\n            '\"value\":\"',\n            _shutterSpeed,\n            '\"},{'\n            '\"trait_type\":\"ISO\",',\n            '\"value\":\"',\n            _iso.toString(),\n            '\"},{'\n            '\"trait_type\":\"Camera\",',\n            '\"value\":\"',\n            _camera,\n            '\"},{'\n            '\"trait_type\":\"License\",',\n            '\"value\":\"',\n            _license,\n            '\"},{'\n            '\"trait_type\":\"Lens\",',\n            '\"value\":\"',\n            _lensModel,\n            '\"}]'\n        );\n\n        bytes memory imageURIDetails = abi.encodePacked(\n            '\"image\":\"',\n            _uri,\n            '\",'\n            '\"image_url\":\"',\n            _uri,\n            '\"'\n        );\n\n        bytes memory imageDetails = abi.encodePacked(\n            '\"image_details\":{',\n            '\"bytes\":',\n            _imageBytes.toString(),\n            ',\"format\":\"',\n            _format,\n            '\",\"sha256\":\"',\n            _imageHash,\n            '\",\"created_at\":',\n            _createdAt.toString(),\n            ',\"width\":',\n            _width.toString(),\n            ',\"height\":',\n            _height.toString(),\n            \"}\"\n        );\n\n        return\n            string(\n                abi.encodePacked(\n                    \"data:application/json;base64,\",\n                    Base64.encode(\n                        bytes(\n                            abi.encodePacked(\n                                \"{\",\n                                nameAndDescription,\n                                \",\",\n                                imageURIDetails,\n                                \",\",\n                                attributes,\n                                \",\",\n                                imageDetails,\n                                \"}\"\n                            )\n                        )\n                    )\n                )\n            );\n    }\n}\n"}}, "settings": {"viaIR": true, "optimizer": {"enabled": true, "runs": 200}, "outputSelection": {"*": {"*": ["abi", "metadata", "evm.bytecode", "evm.deployedBytecode", "evm.methodIdentifiers", "evm.legacyAssembly", "evm.bytecode.opcodes"]}}, "libraries": {}, "metadata": {"appendCBOR": false}}}