{"language": "Solidity", "sources": {"calldata_dynamic_array_to_memory.sol": {"content": "pragma abicoder               v2;\n\n\ncontract C {\n    function f(uint256[][] calldata a)\n        external\n        returns (uint256, uint256[] memory)\n    {\n        uint256[] memory m = a[0];\n        return (a.length, m);\n    }\n}\n// ----\n// f(uint256[][]): 0x20, 0x1, 0x20, 0x2, 0x17, 0x2a -> 0x1, 0x40, 0x2, 0x17, 0x2a\n"}}, "settings": {"optimizer": {"enabled": true, "runs": 200}, "outputSelection": {"*": {"*": ["abi", "metadata", "evm.bytecode", "evm.deployedBytecode", "evm.methodIdentifiers", "evm.legacyAssembly", "evm.bytecode.opcodes", "yulCFGJson"]}}, "metadata": {"appendCBOR": false}, "viaIR": true}}