{"language": "Solidity", "sources": {"function_array_cross_calls.sol": {"content": "contract D {\n    function f(function() external returns (function() external returns (uint))[] memory x)\n        public returns (function() external returns (uint)[3] memory r) {\n        r[0] = x[0]();\n        r[1] = x[1]();\n        r[2] = x[2]();\n    }\n}\n\n\ncontract C {\n    function test() public returns (uint256, uint256, uint256) {\n        function() external returns (function() external returns (uint))[] memory x =\n            new function() external returns (function() external returns (uint))[](10);\n        for (uint256 i = 0; i < x.length; i++) x[i] = this.h;\n        x[0] = this.htwo;\n        function() external returns (uint)[3] memory y = (new D()).f(x);\n        return (y[0](), y[1](), y[2]());\n    }\n\n    function e() public returns (uint256) {\n        return 5;\n    }\n\n    function f() public returns (uint256) {\n        return 6;\n    }\n\n    function g() public returns (uint256) {\n        return 7;\n    }\n\n    uint256 counter;\n\n    function h() public returns (function() external returns (uint)) {\n        return counter++ == 0 ? this.f : this.g;\n    }\n\n    function htwo() public returns (function() external returns (uint)) {\n        return this.e;\n    }\n}\n// ----\n// test() -> 5, 6, 7\n// gas irOptimized: 86484\n// gas irOptimized code: 161200\n// gas legacy: 97551\n// gas legacy code: 342800\n// gas legacyOptimized: 87808\n// gas legacyOptimized code: 193000\n"}}, "settings": {"optimizer": {"enabled": true, "runs": 200}, "outputSelection": {"*": {"*": ["abi", "metadata", "evm.bytecode", "evm.deployedBytecode", "evm.methodIdentifiers", "evm.legacyAssembly", "evm.bytecode.opcodes", "yulCFGJson"]}}, "metadata": {"appendCBOR": false}, "viaIR": true}}