{"language": "Solidity", "sources": {"store_internal_unused_function_in_constructor.sol": {"content": "contract C {\n    function() returns (uint256) internal x;\n\n    constructor() {\n        x = unused;\n    }\n\n    function unused() internal returns (uint256) {\n        return 7;\n    }\n\n    function t() public returns (uint256) {\n        return x();\n    }\n}\n// ====\n// bytecodeFormat: legacy,>=EOFv1\n// ----\n// t() -> 7\n"}}, "settings": {"optimizer": {"enabled": true, "runs": 200}, "outputSelection": {"*": {"*": ["abi", "metadata", "evm.bytecode", "evm.deployedBytecode", "evm.methodIdentifiers", "evm.legacyAssembly", "evm.bytecode.opcodes", "yulCFGJson"]}}, "metadata": {"appendCBOR": false}, "viaIR": true}}