{"language": "Solidity", "sources": {"array_copy_storage_to_memory.sol": {"content": "contract C {\n    uint[] a;\n    function f() public returns (uint, uint) {\n        a.push(1); a.push(0); a.push(0);\n        uint[] memory b = a;\n        return (b[0], b.length);\n    }\n}\n// ----\n// f() -> 1, 3\n"}}, "settings": {"optimizer": {"enabled": true, "runs": 200}, "outputSelection": {"*": {"*": ["abi", "metadata", "evm.bytecode", "evm.deployedBytecode", "evm.methodIdentifiers", "evm.legacyAssembly", "evm.bytecode.opcodes", "yulCFGJson"]}}, "metadata": {"appendCBOR": false}, "viaIR": true}}