{"language": "Solidity", "sources": {"calldata_struct_simple.sol": {"content": "pragma abicoder               v2;\n\ncontract C {\n    struct S { uint256 a; }\n\n    function f(S calldata s) external returns (bytes memory) {\n        return abi.encode(s);\n    }\n\n    function g(S calldata s) external returns (bytes memory) {\n        return this.f(s);\n    }\n}\n// ====\n// EVMVersion: >homestead\n// ----\n// f((uint256)): 3 -> 32, 32, 3\n// g((uint256)): 3 -> 32, 32, 3\n"}}, "settings": {"optimizer": {"enabled": true, "runs": 200}, "outputSelection": {"*": {"*": ["abi", "metadata", "evm.bytecode", "evm.deployedBytecode", "evm.methodIdentifiers", "evm.legacyAssembly", "evm.bytecode.opcodes", "yulCFGJson"]}}, "metadata": {"appendCBOR": false}, "viaIR": true}}