{"language": "Solidity", "sources": {"array_2d_zeroed_memory_index_access.sol": {"content": "contract C {\n\tuint test1;\n\tuint test2;\n\tuint test3;\n\tuint test4;\n\tuint test5;\n\tuint test6;\n\tuint test7;\n\tmapping (string => uint) map;\n\tfunction set(string memory s, uint n, uint m, uint a, uint b) public returns (uint) {\n\t\tmap[s] = 0;\n\t\tuint[][] memory x = new uint[][](n);\n\t\tfor (uint i = 0; i < n; ++i)\n\t\t\tx[i] = new uint[](m);\n\t\treturn x[a][b];\n\t}\n}\n// ----\n// set(string,uint256,uint256,uint256,uint256): 0xa0, 2, 4, 0, 0, 32, \"01234567890123456789012345678901\" -> 0\n// set(string,uint256,uint256,uint256,uint256): 0xa0, 2, 4, 1, 3, 32, \"01234567890123456789012345678901\" -> 0\n// set(string,uint256,uint256,uint256,uint256): 0xa0, 2, 4, 3, 3, 32, \"01234567890123456789012345678901\" -> FAILURE, hex\"4e487b71\", 0x32\n// set(string,uint256,uint256,uint256,uint256): 0xa0, 2, 4, 1, 5, 32, \"01234567890123456789012345678901\" -> FAILURE, hex\"4e487b71\", 0x32\n"}}, "settings": {"optimizer": {"enabled": true, "runs": 200}, "outputSelection": {"*": {"*": ["abi", "metadata", "evm.bytecode", "evm.deployedBytecode", "evm.methodIdentifiers", "evm.legacyAssembly", "evm.bytecode.opcodes", "yulCFGJson"]}}, "metadata": {"appendCBOR": false}, "viaIR": true}}