{"language": "Solidity", "sources": {"calldata_attached_to_bytes.sol": {"content": "pragma abicoder v2;\n\nlibrary L {\n    function reverse(bytes calldata _b) internal pure returns (bytes1, bytes1) {\n        return (_b[1], _b[0]);\n    }\n}\n\ncontract C {\n    using L for bytes;\n\n    function test(uint, bytes calldata _b, uint) external pure returns (bytes1, bytes1) {\n        return _b.reverse();\n    }\n}\n// ----\n// test(uint256,bytes,uint256): 7, 0x60, 4, 2, \"ab\" -> \"b\", \"a\"\n"}}, "settings": {"optimizer": {"enabled": true, "runs": 200}, "outputSelection": {"*": {"*": ["abi", "metadata", "evm.bytecode", "evm.deployedBytecode", "evm.methodIdentifiers", "evm.legacyAssembly", "evm.bytecode.opcodes", "yulCFGJson"]}}, "metadata": {"appendCBOR": false}, "viaIR": true}}