{"language": "Solidity", "sources": {"calldata_bytes_to_memory.sol": {"content": "contract C {\n  function f(bytes calldata data) external returns (bytes32) {\n    return keccak256(bytes(data));\n  }\n}\n// ----\n// f(bytes): 0x20, 0x08, \"abcdefgh\" -> 0x48624fa43c68d5c552855a4e2919e74645f683f5384f72b5b051b71ea41d4f2d\n"}}, "settings": {"optimizer": {"enabled": true, "runs": 200}, "outputSelection": {"*": {"*": ["abi", "metadata", "evm.bytecode", "evm.deployedBytecode", "evm.methodIdentifiers", "evm.legacyAssembly", "evm.bytecode.opcodes", "yulCFGJson"]}}, "metadata": {"appendCBOR": false}, "viaIR": true}}