{"language": "Solidity", "sources": {"strings_in_struct.sol": {"content": "contract buggystruct {\n    Buggy public bug;\n\n    struct Buggy {\n        uint256 first;\n        uint256 second;\n        uint256 third;\n        string last;\n    }\n\n    constructor() {\n        bug = Buggy(10, 20, 30, \"asdfghjkl\");\n    }\n\n    function getFirst() public returns (uint256) {\n        return bug.first;\n    }\n\n    function getSecond() public returns (uint256) {\n        return bug.second;\n    }\n\n    function getThird() public returns (uint256) {\n        return bug.third;\n    }\n\n    function getLast() public returns (string memory) {\n        return bug.last;\n    }\n}\n// ----\n// getFirst() -> 0x0a\n// getSecond() -> 0x14\n// getThird() -> 0x1e\n// getLast() -> 0x20, 0x09, \"asdfghjkl\"\n"}}, "settings": {"optimizer": {"enabled": true, "runs": 200}, "outputSelection": {"*": {"*": ["abi", "metadata", "evm.bytecode", "evm.deployedBytecode", "evm.methodIdentifiers", "evm.legacyAssembly", "evm.bytecode.opcodes", "yulCFGJson"]}}, "metadata": {"appendCBOR": false}, "viaIR": true}}