{"language": "Solidity", "sources": {"array_copy_target_leftover.sol": {"content": "contract c {\n    bytes1[10] data1;\n    bytes2[32] data2;\n    function test() public returns (uint check, uint res1, uint res2) {\n        uint i;\n        for (i = 0; i < data2.length; ++i)\n            data2[i] = 0xffff;\n        check = uint(uint16(data2[31])) * 0x10000 | uint(uint16(data2[14]));\n        for (i = 0; i < data1.length; ++i)\n            data1[i] = bytes1(uint8(1 + i));\n        data2 = data1;\n        for (i = 0; i < 16; ++i)\n            res1 |= uint(uint16(data2[i])) * 0x10000**i;\n        for (i = 0; i < 16; ++i)\n            res2 |= uint(uint16(data2[16 + i])) * 0x10000**i;\n    }\n}\n// ----\n// test() -> 0xffffffff, 0x0000000000000000000000000a00090008000700060005000400030002000100, 0x0000000000000000000000000000000000000000000000000000000000000000\n// gas irOptimized: 100496\n// gas legacy: 158109\n// gas legacyOptimized: 141019\n"}}, "settings": {"optimizer": {"enabled": true, "runs": 200}, "outputSelection": {"*": {"*": ["abi", "metadata", "evm.bytecode", "evm.deployedBytecode", "evm.methodIdentifiers", "evm.legacyAssembly", "evm.bytecode.opcodes", "yulCFGJson"]}}, "metadata": {"appendCBOR": false}, "viaIR": true}}