{"language": "Solidity", "sources": {"nested_array_element_memory_to_storage.sol": {"content": "contract C {\n    uint8[2][2] a1;\n    uint8[2][2][2] a2;\n\n    function test(uint8[2][2][2] memory _a) public {\n        a1 = _a[0];\n        require(a1[0][0] == 1);\n        require(a1[0][1] == 2);\n        require(a1[1][0] == 3);\n        require(a1[1][1] == 4);\n    }\n\n    function test2(uint8[2][2] memory _a) public {\n        a2[0] = _a;\n        require(a2[0][0][0] == 1);\n        require(a2[0][0][1] == 2);\n        require(a2[0][1][0] == 3);\n        require(a2[0][1][1] == 4);\n        require(a2[1][0][0] == 0);\n        require(a2[1][0][1] == 0);\n        require(a2[1][1][0] == 0);\n        require(a2[1][1][1] == 0);\n    }\n}\n// ----\n// test(uint8[2][2][2]): 1, 2, 3, 4, 5, 6, 7, 8\n// test2(uint8[2][2]): 1, 2, 3, 4\n// gas irOptimized: 119939\n// gas legacyOptimized: 120228\n"}}, "settings": {"optimizer": {"enabled": true, "runs": 200}, "outputSelection": {"*": {"*": ["abi", "metadata", "evm.bytecode", "evm.deployedBytecode", "evm.methodIdentifiers", "evm.legacyAssembly", "evm.bytecode.opcodes", "yulCFGJson"]}}, "metadata": {"appendCBOR": false}, "viaIR": true}}