{"language": "Solidity", "sources": {"array_of_struct_calldata_to_storage.sol": {"content": "pragma abicoder               v2;\n\ncontract C {\n    struct S {\n        uint128 a;\n        uint64 b;\n        uint128 c;\n    }\n    uint128[137] unused;\n    S[] s;\n    function f(S[] calldata c) public returns (uint128, uint64, uint128) {\n        s = c;\n        return (s[2].a, s[1].b, s[0].c);\n    }\n}\n// ====\n// compileViaYul: true\n// ----\n// f((uint128,uint64,uint128)[]): 0x20, 3, 0, 0, 12, 0, 11, 0, 10, 0, 0 -> 10, 11, 12\n// gas irOptimized: 120747\n"}}, "settings": {"optimizer": {"enabled": true, "runs": 200}, "outputSelection": {"*": {"*": ["abi", "metadata", "evm.bytecode", "evm.deployedBytecode", "evm.methodIdentifiers", "evm.legacyAssembly", "evm.bytecode.opcodes", "yulCFGJson"]}}, "metadata": {"appendCBOR": false}, "viaIR": true}}