{"language": "Solidity", "sources": {"array_copy_nested_array.sol": {"content": "contract c {\n    uint256[4][] a;\n    uint256[10][] b;\n    uint256[][] c;\n\n    function test(uint256[2][] calldata d) external returns (uint256) {\n        a = d;\n        b = a;\n        c = b;\n        return c[1][1] | c[1][2] | c[1][3] | c[1][4];\n    }\n}\n// ----\n// test(uint256[2][]): 32, 3, 7, 8, 9, 10, 11, 12 -> 10\n// gas irOptimized: 689552\n// gas legacy: 686176\n// gas legacyOptimized: 685611\n"}}, "settings": {"optimizer": {"enabled": true, "runs": 200}, "outputSelection": {"*": {"*": ["abi", "metadata", "evm.bytecode", "evm.deployedBytecode", "evm.methodIdentifiers", "evm.legacyAssembly", "evm.bytecode.opcodes", "yulCFGJson"]}}, "metadata": {"appendCBOR": false}, "viaIR": true}}