{"language": "Solidity", "sources": {"bytes_length_member.sol": {"content": "contract c {\n    function set() public returns (bool) {\n        data = msg.data;\n        return true;\n    }\n\n    function getLength() public returns (uint256) {\n        return data.length;\n    }\n\n    bytes data;\n}\n// ----\n// getLength() -> 0\n// set(): 1, 2 -> true\n// gas irOptimized: 110422\n// gas legacy: 110951\n// gas legacyOptimized: 110576\n// getLength() -> 68\n"}}, "settings": {"optimizer": {"enabled": true, "runs": 200}, "outputSelection": {"*": {"*": ["abi", "metadata", "evm.bytecode", "evm.deployedBytecode", "evm.methodIdentifiers", "evm.legacyAssembly", "evm.bytecode.opcodes", "yulCFGJson"]}}, "metadata": {"appendCBOR": false}, "viaIR": true}}