{"language": "Solidity", "sources": {"using_enums.sol": {"content": "contract test {\n    enum ActionChoices {GoLeft, GoRight, GoStraight, Sit}\n\n    constructor() {\n        choices = ActionChoices.GoStraight;\n    }\n\n    function getChoice() public returns (uint256 d) {\n        d = uint256(choices);\n    }\n\n    ActionChoices choices;\n}\n// ----\n// getChoice() -> 2\n"}}, "settings": {"optimizer": {"enabled": true, "runs": 200}, "outputSelection": {"*": {"*": ["abi", "metadata", "evm.bytecode", "evm.deployedBytecode", "evm.methodIdentifiers", "evm.legacyAssembly", "evm.bytecode.opcodes", "yulCFGJson"]}}, "metadata": {"appendCBOR": false}, "viaIR": true}}