{"language": "Solidity", "sources": {"calldata_dyn_2d_bytes_to_memory.sol": {"content": "pragma abicoder v2;\n\ncontract C {\n    function f(bytes[] calldata c) external returns (bytes[] memory) {\n        return c;\n    }\n}\n// ----\n// f(bytes[]): 0x20, 2, 0x60, 0x60, 0x20, 2, \"ab\" -> 0x20, 2, 0x40, 0x80, 2, \"ab\", 2, \"ab\"\n"}}, "settings": {"optimizer": {"enabled": true, "runs": 200}, "outputSelection": {"*": {"*": ["abi", "metadata", "evm.bytecode", "evm.deployedBytecode", "evm.methodIdentifiers", "evm.legacyAssembly", "evm.bytecode.opcodes", "yulCFGJson"]}}, "metadata": {"appendCBOR": false}, "viaIR": true}}