{"language": "Solidity", "sources": {"assignment_to_const_var_involving_keccak.sol": {"content": "contract C {\n    bytes32 constant x = keccak256(\"abc\");\n\n    function f() public returns (bytes32) {\n        return x;\n    }\n}\n// ----\n// f() -> 0x4e03657aea45a94fc7d47ba826c8d667c0d1e6e33a64a036ec44f58fa12d6c45\n"}}, "settings": {"optimizer": {"enabled": true, "runs": 200}, "outputSelection": {"*": {"*": ["abi", "metadata", "evm.bytecode", "evm.deployedBytecode", "evm.methodIdentifiers", "evm.legacyAssembly", "evm.bytecode.opcodes", "yulCFGJson"]}}, "metadata": {"appendCBOR": false}, "viaIR": true}}