{"language": "Solidity", "sources": {"keccak256_multiple_arguments_with_string_literals.sol": {"content": "contract c {\n    function foo() public returns (bytes32 d) {\n        d = keccak256(\"foo\");\n    }\n\n    function bar(uint256 a, uint16 b) public returns (bytes32 d) {\n        d = keccak256(abi.encodePacked(a, b, uint8(145), \"foo\"));\n    }\n}\n// ----\n// foo() -> 0x41b1a0649752af1b28b3dc29a1556eee781e4a4c3a1f7f53f90fa834de098c4d\n// bar(uint256,uint16): 0xa, 0xc -> 0x6990f36476dc412b1c4baa48e2d9f4aa4bb313f61fda367c8fdbbb2232dc6146\n"}}, "settings": {"optimizer": {"enabled": true, "runs": 200}, "outputSelection": {"*": {"*": ["abi", "metadata", "evm.bytecode", "evm.deployedBytecode", "evm.methodIdentifiers", "evm.legacyAssembly", "evm.bytecode.opcodes", "yulCFGJson"]}}, "metadata": {"appendCBOR": false}, "viaIR": true}}