{"language": "Solidity", "sources": {"array_copy_storage_storage_static_simple.sol": {"content": "contract C {\n    bytes1[2] data1;\n    bytes2[2] data2;\n    function test() public returns (bytes2, bytes2) {\n        uint i;\n        for (i = 0; i < data1.length; ++i)\n            data1[i] = bytes1(uint8(1 + i));\n        data2 = data1;\n        return (data2[0], data2[1]);\n    }\n}\n// ----\n// test() -> left(0x01), left(0x02)\n// gas legacy: 90001\n// gas legacyOptimized: 89085\n"}}, "settings": {"optimizer": {"enabled": true, "runs": 200}, "outputSelection": {"*": {"*": ["abi", "metadata", "evm.bytecode", "evm.deployedBytecode", "evm.methodIdentifiers", "evm.legacyAssembly", "evm.bytecode.opcodes", "yulCFGJson"]}}, "metadata": {"appendCBOR": false}, "viaIR": true}}