{"language": "Solidity", "sources": {"unchecked_div_by_zero.sol": {"content": "contract C {\n    function div(uint256 a, uint256 b) public returns (uint256) {\n        // Does not disable div by zero check\n        unchecked {\n            return a / b;\n        }\n    }\n\n    function mod(uint256 a, uint256 b) public returns (uint256) {\n        // Does not disable div by zero check\n        unchecked {\n            return a % b;\n        }\n    }\n}\n// ----\n// div(uint256,uint256): 7, 2 -> 3\n// div(uint256,uint256): 7, 0 -> FAILURE, hex\"4e487b71\", 0x12 # throws #\n// mod(uint256,uint256): 7, 2 -> 1\n// mod(uint256,uint256): 7, 0 -> FAILURE, hex\"4e487b71\", 0x12 # throws #\n"}}, "settings": {"optimizer": {"enabled": true, "runs": 200}, "outputSelection": {"*": {"*": ["abi", "metadata", "evm.bytecode", "evm.deployedBytecode", "evm.methodIdentifiers", "evm.legacyAssembly", "evm.bytecode.opcodes", "yulCFGJson"]}}, "metadata": {"appendCBOR": false}, "viaIR": true}}