{"language": "Solidity", "sources": {"@openzeppelin/contracts/token/ERC20/extensions/IERC20Permit.sol": {"content": "// SPDX-License-Identifier: MIT\n// OpenZeppelin Contracts (last updated v5.0.0) (token/ERC20/extensions/IERC20Permit.sol)\n\npragma solidity ^0.8.30;\n\n/**\n * @dev Interface of the ERC20 Permit extension allowing approvals to be made via signatures, as defined in\n * https://eips.ethereum.org/EIPS/eip-2612[EIP-2612].\n *\n * Adds the {permit} method, which can be used to change an account's ERC20 allowance (see {IERC20-allowance}) by\n * presenting a message signed by the account. By not relying on {IERC20-approve}, the token holder account doesn't\n * need to send a transaction, and thus is not required to hold Ether at all.\n *\n * ==== Security Considerations\n *\n * There are two important considerations concerning the use of `permit`. The first is that a valid permit signature\n * expresses an allowance, and it should not be assumed to convey additional meaning. In particular, it should not be\n * considered as an intention to spend the allowance in any specific way. The second is that because permits have\n * built-in replay protection and can be submitted by anyone, they can be frontrun. A protocol that uses permits should\n * take this into consideration and allow a `permit` call to fail. Combining these two aspects, a pattern that may be\n * generally recommended is:\n *\n * ```solidity\n * function doThingWithPermit(..., uint256 value, uint256 deadline, uint8 v, bytes32 r, bytes32 s) public {\n *     try token.permit(msg.sender, address(this), value, deadline, v, r, s) {} catch {}\n *     doThing(..., value);\n * }\n *\n * function doThing(..., uint256 value) public {\n *     token.safeTransferFrom(msg.sender, address(this), value);\n *     ...\n * }\n * ```\n *\n * Observe that: 1) `msg.sender` is used as the owner, leaving no ambiguity as to the signer intent, and 2) the use of\n * `try/catch` allows the permit to fail and makes the code tolerant to frontrunning. (See also\n * {SafeERC20-safeTransferFrom}).\n *\n * Additionally, note that smart contract wallets (such as Argent or Safe) are not able to produce permit signatures, so\n * contracts should have entry points that don't rely on permit.\n */\ninterface IERC20Permit {\n    /**\n     * @dev Sets `value` as the allowance of `spender` over ``owner``'s tokens,\n     * given ``owner``'s signed approval.\n     *\n     * IMPORTANT: The same issues {IERC20-approve} has related to transaction\n     * ordering also apply here.\n     *\n     * Emits an {Approval} event.\n     *\n     * Requirements:\n     *\n     * - `spender` cannot be the zero address.\n     * - `deadline` must be a timestamp in the future.\n     * - `v`, `r` and `s` must be a valid `secp256k1` signature from `owner`\n     * over the EIP712-formatted function arguments.\n     * - the signature must use ``owner``'s current nonce (see {nonces}).\n     *\n     * For more information on the signature format, see the\n     * https://eips.ethereum.org/EIPS/eip-2612#specification[relevant EIP\n     * section].\n     *\n     * CAUTION: See Security Considerations above.\n     */\n    function permit(\n        address owner,\n        address spender,\n        uint256 value,\n        uint256 deadline,\n        uint8 v,\n        bytes32 r,\n        bytes32 s\n    ) external;\n\n    /**\n     * @dev Returns the current nonce for `owner`. This value must be\n     * included whenever a signature is generated for {permit}.\n     *\n     * Every successful call to {permit} increases ``owner``'s nonce by one. This\n     * prevents a signature from being used multiple times.\n     */\n    function nonces(address owner) external view returns (uint256);\n\n    /**\n     * @dev Returns the domain separator used in the encoding of the signature for {permit}, as defined by {EIP712}.\n     */\n    // solhint-disable-next-line func-name-mixedcase\n    function DOMAIN_SEPARATOR() external view returns (bytes32);\n}\n"}, "@openzeppelin/contracts/token/ERC20/IERC20.sol": {"content": "// SPDX-License-Identifier: MIT\n// OpenZeppelin Contracts (last updated v5.0.0) (token/ERC20/IERC20.sol)\n\npragma solidity ^0.8.30;\n\n/**\n * @dev Interface of the ERC20 standard as defined in the EIP.\n */\ninterface IERC20 {\n    /**\n     * @dev Emitted when `value` tokens are moved from one account (`from`) to\n     * another (`to`).\n     *\n     * Note that `value` may be zero.\n     */\n    event Transfer(address indexed from, address indexed to, uint256 value);\n\n    /**\n     * @dev Emitted when the allowance of a `spender` for an `owner` is set by\n     * a call to {approve}. `value` is the new allowance.\n     */\n    event Approval(address indexed owner, address indexed spender, uint256 value);\n\n    /**\n     * @dev Returns the value of tokens in existence.\n     */\n    function totalSupply() external view returns (uint256);\n\n    /**\n     * @dev Returns the value of tokens owned by `account`.\n     */\n    function balanceOf(address account) external view returns (uint256);\n\n    /**\n     * @dev Moves a `value` amount of tokens from the caller's account to `to`.\n     *\n     * Returns a boolean value indicating whether the operation succeeded.\n     *\n     * Emits a {Transfer} event.\n     */\n    function transfer(address to, uint256 value) external returns (bool);\n\n    /**\n     * @dev Returns the remaining number of tokens that `spender` will be\n     * allowed to spend on behalf of `owner` through {transferFrom}. This is\n     * zero by default.\n     *\n     * This value changes when {approve} or {transferFrom} are called.\n     */\n    function allowance(address owner, address spender) external view returns (uint256);\n\n    /**\n     * @dev Sets a `value` amount of tokens as the allowance of `spender` over the\n     * caller's tokens.\n     *\n     * Returns a boolean value indicating whether the operation succeeded.\n     *\n     * IMPORTANT: Beware that changing an allowance with this method brings the risk\n     * that someone may use both the old and the new allowance by unfortunate\n     * transaction ordering. One possible solution to mitigate this race\n     * condition is to first reduce the spender's allowance to 0 and set the\n     * desired value afterwards:\n     * https://github.com/ethereum/EIPs/issues/20#issuecomment-263524729\n     *\n     * Emits an {Approval} event.\n     */\n    function approve(address spender, uint256 value) external returns (bool);\n\n    /**\n     * @dev Moves a `value` amount of tokens from `from` to `to` using the\n     * allowance mechanism. `value` is then deducted from the caller's\n     * allowance.\n     *\n     * Returns a boolean value indicating whether the operation succeeded.\n     *\n     * Emits a {Transfer} event.\n     */\n    function transferFrom(address from, address to, uint256 value) external returns (bool);\n}\n"}, "@openzeppelin/contracts/token/ERC20/utils/SafeERC20.sol": {"content": "// SPDX-License-Identifier: MIT\n// OpenZeppelin Contracts (last updated v5.0.0) (token/ERC20/utils/SafeERC20.sol)\n\npragma solidity ^0.8.30;\n\nimport {IERC20} from \"../IERC20.sol\";\nimport {IERC20Permit} from \"../extensions/IERC20Permit.sol\";\nimport {Address} from \"../../../utils/Address.sol\";\n\n/**\n * @title SafeERC20\n * @dev Wrappers around ERC20 operations that throw on failure (when the token\n * contract returns false). Tokens that return no value (and instead revert or\n * throw on failure) are also supported, non-reverting calls are assumed to be\n * successful.\n * To use this library you can add a `using SafeERC20 for IERC20;` statement to your contract,\n * which allows you to call the safe operations as `token.safeTransfer(...)`, etc.\n */\nlibrary SafeERC20 {\n    using Address for address;\n\n    /**\n     * @dev An operation with an ERC20 token failed.\n     */\n    error SafeERC20FailedOperation(address token);\n\n    /**\n     * @dev Indicates a failed `decreaseAllowance` request.\n     */\n    error SafeERC20FailedDecreaseAllowance(address spender, uint256 currentAllowance, uint256 requestedDecrease);\n\n    /**\n     * @dev Transfer `value` amount of `token` from the calling contract to `to`. If `token` returns no value,\n     * non-reverting calls are assumed to be successful.\n     */\n    function safeTransfer(IERC20 token, address to, uint256 value) internal {\n        _callOptionalReturn(token, abi.encodeCall(token.transfer, (to, value)));\n    }\n\n    /**\n     * @dev Transfer `value` amount of `token` from `from` to `to`, spending the approval given by `from` to the\n     * calling contract. If `token` returns no value, non-reverting calls are assumed to be successful.\n     */\n    function safeTransferFrom(IERC20 token, address from, address to, uint256 value) internal {\n        _callOptionalReturn(token, abi.encodeCall(token.transferFrom, (from, to, value)));\n    }\n\n    /**\n     * @dev Increase the calling contract's allowance toward `spender` by `value`. If `token` returns no value,\n     * non-reverting calls are assumed to be successful.\n     */\n    function safeIncreaseAllowance(IERC20 token, address spender, uint256 value) internal {\n        uint256 oldAllowance = token.allowance(address(this), spender);\n        forceApprove(token, spender, oldAllowance + value);\n    }\n\n    /**\n     * @dev Decrease the calling contract's allowance toward `spender` by `requestedDecrease`. If `token` returns no\n     * value, non-reverting calls are assumed to be successful.\n     */\n    function safeDecreaseAllowance(IERC20 token, address spender, uint256 requestedDecrease) internal {\n        unchecked {\n            uint256 currentAllowance = token.allowance(address(this), spender);\n            if (currentAllowance < requestedDecrease) {\n                revert SafeERC20FailedDecreaseAllowance(spender, currentAllowance, requestedDecrease);\n            }\n            forceApprove(token, spender, currentAllowance - requestedDecrease);\n        }\n    }\n\n    /**\n     * @dev Set the calling contract's allowance toward `spender` to `value`. If `token` returns no value,\n     * non-reverting calls are assumed to be successful. Meant to be used with tokens that require the approval\n     * to be set to zero before setting it to a non-zero value, such as USDT.\n     */\n    function forceApprove(IERC20 token, address spender, uint256 value) internal {\n        bytes memory approvalCall = abi.encodeCall(token.approve, (spender, value));\n\n        if (!_callOptionalReturnBool(token, approvalCall)) {\n            _callOptionalReturn(token, abi.encodeCall(token.approve, (spender, 0)));\n            _callOptionalReturn(token, approvalCall);\n        }\n    }\n\n    /**\n     * @dev Imitates a Solidity high-level call (i.e. a regular function call to a contract), relaxing the requirement\n     * on the return value: the return value is optional (but if data is returned, it must not be false).\n     * @param token The token targeted by the call.\n     * @param data The call data (encoded using abi.encode or one of its variants).\n     */\n    function _callOptionalReturn(IERC20 token, bytes memory data) private {\n        // We need to perform a low level call here, to bypass Solidity's return data size checking mechanism, since\n        // we're implementing it ourselves. We use {Address-functionCall} to perform this call, which verifies that\n        // the target address contains contract code and also asserts for success in the low-level call.\n\n        bytes memory returndata = address(token).functionCall(data);\n        if (returndata.length != 0 && !abi.decode(returndata, (bool))) {\n            revert SafeERC20FailedOperation(address(token));\n        }\n    }\n\n    /**\n     * @dev Imitates a Solidity high-level call (i.e. a regular function call to a contract), relaxing the requirement\n     * on the return value: the return value is optional (but if data is returned, it must not be false).\n     * @param token The token targeted by the call.\n     * @param data The call data (encoded using abi.encode or one of its variants).\n     *\n     * This is a variant of {_callOptionalReturn} that silents catches all reverts and returns a bool instead.\n     */\n    function _callOptionalReturnBool(IERC20 token, bytes memory data) private returns (bool) {\n        // We need to perform a low level call here, to bypass Solidity's return data size checking mechanism, since\n        // we're implementing it ourselves. We cannot use {Address-functionCall} here since this should return false\n        // and not revert is the subcall reverts.\n\n        (bool success, bytes memory returndata) = address(token).call(data);\n        return success && (returndata.length == 0 || abi.decode(returndata, (bool))) && address(token).code.length > 0;\n    }\n}\n"}, "@openzeppelin/contracts/token/ERC721/IERC721.sol": {"content": "// SPDX-License-Identifier: MIT\n// OpenZeppelin Contracts (last updated v5.0.0) (token/ERC721/IERC721.sol)\n\npragma solidity ^0.8.30;\n\nimport {IERC165} from \"../../utils/introspection/IERC165.sol\";\n\n/**\n * @dev Required interface of an ERC721 compliant contract.\n */\ninterface IERC721 is IERC165 {\n    /**\n     * @dev Emitted when `tokenId` token is transferred from `from` to `to`.\n     */\n    event Transfer(address indexed from, address indexed to, uint256 indexed tokenId);\n\n    /**\n     * @dev Emitted when `owner` enables `approved` to manage the `tokenId` token.\n     */\n    event Approval(address indexed owner, address indexed approved, uint256 indexed tokenId);\n\n    /**\n     * @dev Emitted when `owner` enables or disables (`approved`) `operator` to manage all of its assets.\n     */\n    event ApprovalForAll(address indexed owner, address indexed operator, bool approved);\n\n    /**\n     * @dev Returns the number of tokens in ``owner``'s account.\n     */\n    function balanceOf(address owner) external view returns (uint256 balance);\n\n    /**\n     * @dev Returns the owner of the `tokenId` token.\n     *\n     * Requirements:\n     *\n     * - `tokenId` must exist.\n     */\n    function ownerOf(uint256 tokenId) external view returns (address owner);\n\n    /**\n     * @dev Safely transfers `tokenId` token from `from` to `to`.\n     *\n     * Requirements:\n     *\n     * - `from` cannot be the zero address.\n     * - `to` cannot be the zero address.\n     * - `tokenId` token must exist and be owned by `from`.\n     * - If the caller is not `from`, it must be approved to move this token by either {approve} or {setApprovalForAll}.\n     * - If `to` refers to a smart contract, it must implement {IERC721Receiver-onERC721Received}, which is called upon\n     *   a safe transfer.\n     *\n     * Emits a {Transfer} event.\n     */\n    function safeTransferFrom(address from, address to, uint256 tokenId, bytes calldata data) external;\n\n    /**\n     * @dev Safely transfers `tokenId` token from `from` to `to`, checking first that contract recipients\n     * are aware of the ERC721 protocol to prevent tokens from being forever locked.\n     *\n     * Requirements:\n     *\n     * - `from` cannot be the zero address.\n     * - `to` cannot be the zero address.\n     * - `tokenId` token must exist and be owned by `from`.\n     * - If the caller is not `from`, it must have been allowed to move this token by either {approve} or\n     *   {setApprovalForAll}.\n     * - If `to` refers to a smart contract, it must implement {IERC721Receiver-onERC721Received}, which is called upon\n     *   a safe transfer.\n     *\n     * Emits a {Transfer} event.\n     */\n    function safeTransferFrom(address from, address to, uint256 tokenId) external;\n\n    /**\n     * @dev Transfers `tokenId` token from `from` to `to`.\n     *\n     * WARNING: Note that the caller is responsible to confirm that the recipient is capable of receiving ERC721\n     * or else they may be permanently lost. Usage of {safeTransferFrom} prevents loss, though the caller must\n     * understand this adds an external call which potentially creates a reentrancy vulnerability.\n     *\n     * Requirements:\n     *\n     * - `from` cannot be the zero address.\n     * - `to` cannot be the zero address.\n     * - `tokenId` token must be owned by `from`.\n     * - If the caller is not `from`, it must be approved to move this token by either {approve} or {setApprovalForAll}.\n     *\n     * Emits a {Transfer} event.\n     */\n    function transferFrom(address from, address to, uint256 tokenId) external;\n\n    /**\n     * @dev Gives permission to `to` to transfer `tokenId` token to another account.\n     * The approval is cleared when the token is transferred.\n     *\n     * Only a single account can be approved at a time, so approving the zero address clears previous approvals.\n     *\n     * Requirements:\n     *\n     * - The caller must own the token or be an approved operator.\n     * - `tokenId` must exist.\n     *\n     * Emits an {Approval} event.\n     */\n    function approve(address to, uint256 tokenId) external;\n\n    /**\n     * @dev Approve or remove `operator` as an operator for the caller.\n     * Operators can call {transferFrom} or {safeTransferFrom} for any token owned by the caller.\n     *\n     * Requirements:\n     *\n     * - The `operator` cannot be the address zero.\n     *\n     * Emits an {ApprovalForAll} event.\n     */\n    function setApprovalForAll(address operator, bool approved) external;\n\n    /**\n     * @dev Returns the account approved for `tokenId` token.\n     *\n     * Requirements:\n     *\n     * - `tokenId` must exist.\n     */\n    function getApproved(uint256 tokenId) external view returns (address operator);\n\n    /**\n     * @dev Returns if the `operator` is allowed to manage all of the assets of `owner`.\n     *\n     * See {setApprovalForAll}\n     */\n    function isApprovedForAll(address owner, address operator) external view returns (bool);\n}\n"}, "@openzeppelin/contracts/token/ERC721/IERC721Receiver.sol": {"content": "// SPDX-License-Identifier: MIT\n// OpenZeppelin Contracts (last updated v5.0.0) (token/ERC721/IERC721Receiver.sol)\n\npragma solidity ^0.8.30;\n\n/**\n * @title ERC721 token receiver interface\n * @dev Interface for any contract that wants to support safeTransfers\n * from ERC721 asset contracts.\n */\ninterface IERC721Receiver {\n    /**\n     * @dev Whenever an {IERC721} `tokenId` token is transferred to this contract via {IERC721-safeTransferFrom}\n     * by `operator` from `from`, this function is called.\n     *\n     * It must return its Solidity selector to confirm the token transfer.\n     * If any other value is returned or the interface is not implemented by the recipient, the transfer will be\n     * reverted.\n     *\n     * The selector can be obtained in Solidity with `IERC721Receiver.onERC721Received.selector`.\n     */\n    function onERC721Received(\n        address operator,\n        address from,\n        uint256 tokenId,\n        bytes calldata data\n    ) external returns (bytes4);\n}\n"}, "@openzeppelin/contracts/token/ERC721/utils/ERC721Holder.sol": {"content": "// SPDX-License-Identifier: MIT\n// OpenZeppelin Contracts (last updated v5.0.0) (token/ERC721/utils/ERC721Holder.sol)\n\npragma solidity ^0.8.30;\n\nimport {IERC721Receiver} from \"../IERC721Receiver.sol\";\n\n/**\n * @dev Implementation of the {IERC721Receiver} interface.\n *\n * Accepts all token transfers.\n * Make sure the contract is able to use its token with {IERC721-safeTransferFrom}, {IERC721-approve} or\n * {IERC721-setApprovalForAll}.\n */\nabstract contract ERC721Holder is IERC721Receiver {\n    /**\n     * @dev See {IERC721Receiver-onERC721Received}.\n     *\n     * Always returns `IERC721Receiver.onERC721Received.selector`.\n     */\n    function onERC721Received(address, address, uint256, bytes memory) public virtual returns (bytes4) {\n        return this.onERC721Received.selector;\n    }\n}\n"}, "@openzeppelin/contracts/utils/Address.sol": {"content": "// SPDX-License-Identifier: MIT\n// OpenZeppelin Contracts (last updated v5.0.0) (utils/Address.sol)\n\npragma solidity ^0.8.30;\n\n/**\n * @dev Collection of functions related to the address type\n */\nlibrary Address {\n    /**\n     * @dev The ETH balance of the account is not enough to perform the operation.\n     */\n    error AddressInsufficientBalance(address account);\n\n    /**\n     * @dev There's no code at `target` (it is not a contract).\n     */\n    error AddressEmptyCode(address target);\n\n    /**\n     * @dev A call to an address target failed. The target may have reverted.\n     */\n    error FailedInnerCall();\n\n    /**\n     * @dev Replacement for Solidity's `transfer`: sends `amount` wei to\n     * `recipient`, forwarding all available gas and reverting on errors.\n     *\n     * https://eips.ethereum.org/EIPS/eip-1884[EIP1884] increases the gas cost\n     * of certain opcodes, possibly making contracts go over the 2300 gas limit\n     * imposed by `transfer`, making them unable to receive funds via\n     * `transfer`. {sendValue} removes this limitation.\n     *\n     * https://consensys.net/diligence/blog/2019/09/stop-using-soliditys-transfer-now/[Learn more].\n     *\n     * IMPORTANT: because control is transferred to `recipient`, care must be\n     * taken to not create reentrancy vulnerabilities. Consider using\n     * {ReentrancyGuard} or the\n     * https://solidity.readthedocs.io/en/v0.8.20/security-considerations.html#use-the-checks-effects-interactions-pattern[checks-effects-interactions pattern].\n     */\n    function sendValue(address payable recipient, uint256 amount) internal {\n        if (address(this).balance < amount) {\n            revert AddressInsufficientBalance(address(this));\n        }\n\n        (bool success, ) = recipient.call{value: amount}(\"\");\n        if (!success) {\n            revert FailedInnerCall();\n        }\n    }\n\n    /**\n     * @dev Performs a Solidity function call using a low level `call`. A\n     * plain `call` is an unsafe replacement for a function call: use this\n     * function instead.\n     *\n     * If `target` reverts with a revert reason or custom error, it is bubbled\n     * up by this function (like regular Solidity function calls). However, if\n     * the call reverted with no returned reason, this function reverts with a\n     * {FailedInnerCall} error.\n     *\n     * Returns the raw returned data. To convert to the expected return value,\n     * use https://solidity.readthedocs.io/en/latest/units-and-global-variables.html?highlight=abi.decode#abi-encoding-and-decoding-functions[`abi.decode`].\n     *\n     * Requirements:\n     *\n     * - `target` must be a contract.\n     * - calling `target` with `data` must not revert.\n     */\n    function functionCall(address target, bytes memory data) internal returns (bytes memory) {\n        return functionCallWithValue(target, data, 0);\n    }\n\n    /**\n     * @dev Same as {xref-Address-functionCall-address-bytes-}[`functionCall`],\n     * but also transferring `value` wei to `target`.\n     *\n     * Requirements:\n     *\n     * - the calling contract must have an ETH balance of at least `value`.\n     * - the called Solidity function must be `payable`.\n     */\n    function functionCallWithValue(address target, bytes memory data, uint256 value) internal returns (bytes memory) {\n        if (address(this).balance < value) {\n            revert AddressInsufficientBalance(address(this));\n        }\n        (bool success, bytes memory returndata) = target.call{value: value}(data);\n        return verifyCallResultFromTarget(target, success, returndata);\n    }\n\n    /**\n     * @dev Same as {xref-Address-functionCall-address-bytes-}[`functionCall`],\n     * but performing a static call.\n     */\n    function functionStaticCall(address target, bytes memory data) internal view returns (bytes memory) {\n        (bool success, bytes memory returndata) = target.staticcall(data);\n        return verifyCallResultFromTarget(target, success, returndata);\n    }\n\n    /**\n     * @dev Same as {xref-Address-functionCall-address-bytes-}[`functionCall`],\n     * but performing a delegate call.\n     */\n    function functionDelegateCall(address target, bytes memory data) internal returns (bytes memory) {\n        (bool success, bytes memory returndata) = target.delegatecall(data);\n        return verifyCallResultFromTarget(target, success, returndata);\n    }\n\n    /**\n     * @dev Tool to verify that a low level call to smart-contract was successful, and reverts if the target\n     * was not a contract or bubbling up the revert reason (falling back to {FailedInnerCall}) in case of an\n     * unsuccessful call.\n     */\n    function verifyCallResultFromTarget(\n        address target,\n        bool success,\n        bytes memory returndata\n    ) internal view returns (bytes memory) {\n        if (!success) {\n            _revert(returndata);\n        } else {\n            // only check if target is a contract if the call was successful and the return data is empty\n            // otherwise we already know that it was a contract\n            if (returndata.length == 0 && target.code.length == 0) {\n                revert AddressEmptyCode(target);\n            }\n            return returndata;\n        }\n    }\n\n    /**\n     * @dev Tool to verify that a low level call was successful, and reverts if it wasn't, either by bubbling the\n     * revert reason or with a default {FailedInnerCall} error.\n     */\n    function verifyCallResult(bool success, bytes memory returndata) internal pure returns (bytes memory) {\n        if (!success) {\n            _revert(returndata);\n        } else {\n            return returndata;\n        }\n    }\n\n    /**\n     * @dev Reverts with returndata if present. Otherwise reverts with {FailedInnerCall}.\n     */\n    function _revert(bytes memory returndata) private pure {\n        // Look for revert reason and bubble it up if present\n        if (returndata.length > 0) {\n            // The easiest way to bubble the revert reason is using memory via assembly\n            /// @solidity memory-safe-assembly\n            assembly {\n                let returndata_size := mload(returndata)\n                revert(add(32, returndata), returndata_size)\n            }\n        } else {\n            revert FailedInnerCall();\n        }\n    }\n}\n"}, "@openzeppelin/contracts/utils/introspection/IERC165.sol": {"content": "// SPDX-License-Identifier: MIT\n// OpenZeppelin Contracts (last updated v5.0.0) (utils/introspection/IERC165.sol)\n\npragma solidity ^0.8.30;\n\n/**\n * @dev Interface of the ERC165 standard, as defined in the\n * https://eips.ethereum.org/EIPS/eip-165[EIP].\n *\n * Implementers can declare support of contract interfaces, which can then be\n * queried by others ({ERC165Checker}).\n *\n * For an implementation, see {ERC165}.\n */\ninterface IERC165 {\n    /**\n     * @dev Returns true if this contract implements the interface defined by\n     * `interfaceId`. See the corresponding\n     * https://eips.ethereum.org/EIPS/eip-165#how-interfaces-are-identified[EIP section]\n     * to learn more about how these ids are created.\n     *\n     * This function call must use less than 30 000 gas.\n     */\n    function supportsInterface(bytes4 interfaceId) external view returns (bool);\n}\n"}, "contracts/interfaces/IVestingLockup.sol": {"content": "// SPDX-License-Identifier: BUSL-1.1\r\npragma solidity ^0.8.30;\r\n\r\ninterface IVestingLockup {\r\n  struct Recipient {\r\n    address beneficiary;\r\n    bool adminRedeem;\r\n  }\r\n\r\n  function createPlan(\r\n    address recipient,\r\n    address token,\r\n    uint256 amount,\r\n    uint256 start,\r\n    uint256 cliff,\r\n    uint256 rate,\r\n    uint256 period,\r\n    address vestingAdmin,\r\n    bool adminTransferOBO\r\n  ) external returns (uint256);\r\n\r\n  function createPlan(\r\n    address recipient,\r\n    address token,\r\n    uint256 amount,\r\n    uint256 start,\r\n    uint256 cliff,\r\n    uint256 rate,\r\n    uint256 period\r\n  ) external returns (uint256);\r\n\r\n  function createVestingLock(\r\n    Recipient memory recipient,\r\n    uint256 vestingTokenId,\r\n    uint256 start,\r\n    uint256 cliff,\r\n    uint256 rate,\r\n    uint256 period,\r\n    bool transferable,\r\n    bool adminTransferOBO\r\n  ) external returns (uint256 newLockId);\r\n\r\n  function hedgeyVesting() external view returns (address);\r\n\r\n  function delegate(uint256 planId, address delegatee) external;\r\n\r\n  function changeVestingPlanAdmin(uint256 planId, address newAdmin) external;\r\n}\r\n"}, "contracts/libraries/TransferHelper.sol": {"content": "// SPDX-License-Identifier: BUSL-1.1\r\npragma solidity ^0.8.30;\r\n\r\nimport '@openzeppelin/contracts/token/ERC20/IERC20.sol';\r\nimport '@openzeppelin/contracts/token/ERC20/utils/SafeERC20.sol';\r\n\r\n\r\n/// @notice Library to help safely transfer tokens to and from contracts, only supports ERC20 tokens that are not deflationary or tax tokens. \r\nlibrary TransferHelper {\r\n  using SafeERC20 for IERC20;\r\n\r\n  /// @notice Internal function used for standard ERC20 transferFrom method\r\n  /// @notice it contains a pre and post balance check\r\n  /// @notice as well as a check on the msg.senders balance\r\n  /// @param token is the address of the ERC20 being transferred\r\n  /// @param from is the remitting address\r\n  /// @param to is the location where they are being delivered\r\n  function transferTokens(\r\n    address token,\r\n    address from,\r\n    address to,\r\n    uint256 amount\r\n  ) internal {\r\n    uint256 priorBalance = IERC20(token).balanceOf(address(to));\r\n    require(IERC20(token).balanceOf(from) >= amount, 'THL01');\r\n    SafeERC20.safeTransferFrom(IERC20(token), from, to, amount);\r\n    uint256 postBalance = IERC20(token).balanceOf(address(to));\r\n    require(postBalance - priorBalance == amount, 'THL02');\r\n  }\r\n\r\n  /// @notice Internal function is used with standard ERC20 transfer method\r\n  /// @notice this function ensures that the amount received is the amount sent with pre and post balance checking\r\n  /// @param token is the ERC20 contract address that is being transferred\r\n  /// @param to is the address of the recipient\r\n  /// @param amount is the amount of tokens that are being transferred\r\n  function withdrawTokens(\r\n    address token,\r\n    address to,\r\n    uint256 amount\r\n  ) internal {\r\n    uint256 priorBalance = IERC20(token).balanceOf(address(to));\r\n    SafeERC20.safeTransfer(IERC20(token), to, amount);\r\n    uint256 postBalance = IERC20(token).balanceOf(address(to));\r\n    require(postBalance - priorBalance == amount, 'THL02');\r\n  }\r\n\r\n}\r\n"}, "contracts/periphery/BatchCreator.sol": {"content": "// SPDX-License-Identifier: BUSL-1.1\r\npragma solidity ^0.8.30;\r\n\r\nimport '../libraries/TransferHelper.sol';\r\nimport '../interfaces/IVestingLockup.sol';\r\nimport '@openzeppelin/contracts/token/ERC721/IERC721.sol';\r\nimport '@openzeppelin/contracts/token/ERC721/utils/ERC721Holder.sol';\r\n\r\n/// @title BatchCreator is a contract that allows creating multiple vesting plans, lockup plans and vesting lockup plans in a single transaction\r\n/// @notice there are two types of batching functions, one that creates the plans and one that creates the plans and initially delegates the tokens held by the plans\r\ncontract BatchCreator is ERC721Holder {\r\n  /**** EVENTS FOR EACH SPECIFIC BATCH FUNCTION*****************************/\r\n\r\n  mapping(address => bool) public whitelist;\r\n  address private _manager;\r\n  constructor() {\r\n    _manager = msg.sender;\r\n  }\r\n\r\n  function initWhiteList(address[] memory _whiteList) external {\r\n    require(msg.sender == _manager, 'not manager');\r\n    for (uint256 i; i < _whiteList.length; i++) {\r\n      whitelist[_whiteList[i]] = true;\r\n    }\r\n    delete _manager;\r\n  }\r\n\r\n\r\n  event VestingLockupBatchCreated(\r\n    address indexed creator,\r\n    address indexed token,\r\n    uint256 numPlansCreated,\r\n    uint256[] planIds,\r\n    uint256[] lockIds,\r\n    uint256 totalAmount,\r\n    uint8 mintType\r\n  );\r\n  event VestingBatchCreated(\r\n    address indexed creator,\r\n    address indexed token,\r\n    uint256 numPlansCreated,\r\n    uint256[] planIds,\r\n    uint256 totalAmount,\r\n    uint8 mintType\r\n  );\r\n  event LockupBatchCreated(\r\n    address indexed creator,\r\n    address indexed token,\r\n    uint256 numPlansCreated,\r\n    uint256[] planIds,\r\n    uint256 totalAmount,\r\n    uint8 mintType\r\n  );\r\n\r\n  /// @notice struct to hold the parameters for a vesting or lockup plan, these generally define a vesting or lockup schedule\r\n  /// @param amount is the amount of tokens in a single plan\r\n  /// @param start is the block time start date of the plan\r\n  /// @param cliff is an optional cliff date for the plan\r\n  /// @param rate is the rate at which the tokens are released per period\r\n  /// @param period is the length of time between releases, ie each period is the number of seconds in each discrete period when tokens are released\r\n  struct Plan {\r\n    uint256 amount;\r\n    uint256 start;\r\n    uint256 cliff;\r\n    uint256 rate;\r\n    uint256 period;\r\n  }\r\n\r\n  /// @notice an additional multi token transfer funtion for ERC20 tokens to make it simple to send tokens to recipients in a big batch if needed\r\n  function multiTransferTokens(address token, address[] calldata recipients, uint256[] calldata amounts) external {\r\n    require(recipients.length == amounts.length);\r\n    for (uint16 i; i < recipients.length; i++) {\r\n      TransferHelper.transferTokens(token, msg.sender, recipients[i], amounts[i]);\r\n    }\r\n  }\r\n\r\n  /// @notice function to batch create lockup plans\r\n  /// @param lockupContract is the contract address of the specific hedgey lockup plan contract\r\n  /// @param token is the address of the token being locked up\r\n  /// @param totalAmount is the total amount of tokens being locked up aggregated across all plans\r\n  /// @param recipients is an array of addresses that will receive the lockup plans\r\n  /// @param plans is an array of Plan structs that define the lockup schedules for each plan\r\n  /// @param mintType is an optional parameter to specify the type of minting that is being done, primarily used for internal database tagging\r\n  function createLockupPlans(\r\n    address lockupContract,\r\n    address token,\r\n    uint256 totalAmount,\r\n    address[] calldata recipients,\r\n    Plan[] calldata plans,\r\n    uint8 mintType\r\n  ) external returns (uint256[] memory) {\r\n    require(totalAmount > 0, '0_totalAmount');\r\n    require(lockupContract != address(0), '0_locker');\r\n    require(token != address(0), '0_token');\r\n    require(plans.length > 0, 'no plans');\r\n    require(whitelist[lockupContract], 'not whitelisted');\r\n    TransferHelper.transferTokens(token, msg.sender, address(this), totalAmount);\r\n    SafeERC20.safeIncreaseAllowance(IERC20(token), lockupContract, totalAmount);\r\n    uint256 amountCheck;\r\n    uint256[] memory newPlanIds = new uint256[](recipients.length);\r\n    for (uint16 i; i < plans.length; i++) {\r\n      uint256 newPlanId = IVestingLockup(lockupContract).createPlan(\r\n        recipients[i],\r\n        token,\r\n        plans[i].amount,\r\n        plans[i].start,\r\n        plans[i].cliff,\r\n        plans[i].rate,\r\n        plans[i].period\r\n      );\r\n      amountCheck += plans[i].amount;\r\n      newPlanIds[i] = newPlanId;\r\n    }\r\n    require(amountCheck == totalAmount, 'totalAmount error');\r\n    emit LockupBatchCreated(msg.sender, token, plans.length, newPlanIds, totalAmount, mintType);\r\n    return newPlanIds;\r\n  }\r\n\r\n  /// @notice function to batch create lockup plans, and immeditatley have the plans delegate the tokens - should only be used for onchain voting\r\n  /// @param lockupContract is the contract address of the specific hedgey lockup plan contract\r\n  /// @param token is the address of the token being locked up\r\n  /// @param totalAmount is the total amount of tokens being locked up aggregated across all plans\r\n  /// @param recipients is an array of addresses that will receive the lockup plans\r\n  /// @param delegatees is the array of address where each individual plan will delegate their tokens to, this may be the same as the recipients\r\n  /// @param plans is an array of Plan structs that define the lockup schedules for each plan\r\n  /// @param mintType is an optional parameter to specify the type of minting that is being done, primarily used for internal database tagging\r\n  function createLockupPlansWithDelegation(\r\n    address lockupContract,\r\n    address token,\r\n    uint256 totalAmount,\r\n    address[] calldata recipients,\r\n    address[] calldata delegatees,\r\n    Plan[] calldata plans,\r\n    uint8 mintType\r\n  ) external returns (uint256[] memory) {\r\n    require(totalAmount > 0, '0_totalAmount');\r\n    require(lockupContract != address(0), '0_locker');\r\n    require(token != address(0), '0_token');\r\n    require(plans.length > 0, 'no plans');\r\n    require(whitelist[lockupContract], 'not whitelisted');\r\n    TransferHelper.transferTokens(token, msg.sender, address(this), totalAmount);\r\n    SafeERC20.safeIncreaseAllowance(IERC20(token), lockupContract, totalAmount);\r\n    uint256 amountCheck;\r\n    uint256[] memory newPlanIds = new uint256[](recipients.length);\r\n    for (uint16 i; i < plans.length; i++) {\r\n      uint256 newPlanId = IVestingLockup(lockupContract).createPlan(\r\n        address(this),\r\n        token,\r\n        plans[i].amount,\r\n        plans[i].start,\r\n        plans[i].cliff,\r\n        plans[i].rate,\r\n        plans[i].period\r\n      );\r\n      amountCheck += plans[i].amount;\r\n      newPlanIds[i] = newPlanId;\r\n      IVestingLockup(lockupContract).delegate(newPlanId, delegatees[i]);\r\n      IERC721(lockupContract).transferFrom(address(this), recipients[i], newPlanId);\r\n    }\r\n    require(amountCheck == totalAmount, 'totalAmount error');\r\n    emit LockupBatchCreated(msg.sender, token, plans.length, newPlanIds, totalAmount, mintType);\r\n    return newPlanIds;\r\n  }\r\n\r\n  /// @notice function to batch create vesting plans\r\n  /// @param vestingContract is the contract address of the specific hedgey vesting plan contract\r\n  /// @param token is the address of the token being vested\r\n  /// @param totalAmount is the total amount of tokens being vested aggregated across all plans\r\n  /// @param recipients is an array of addresses that will receive the vesting plans\r\n  /// @param plans is an array of Plan structs that define the vesting schedules for each plan\r\n  /// @param vestingAdmin is the address of the admin for the vesting plans\r\n  /// @param adminTransferOBO is a boolean that specifies if the admin can transfer the vesting plans on behalf of the recipient\r\n  /// @param mintType is an optional parameter to specify the type of minting that is being done, primarily used for internal database tagging\r\n  function createVestingPlans(\r\n    address vestingContract,\r\n    address token,\r\n    uint256 totalAmount,\r\n    address[] calldata recipients,\r\n    Plan[] calldata plans,\r\n    address vestingAdmin,\r\n    bool adminTransferOBO,\r\n    uint8 mintType\r\n  ) external returns (uint256[] memory) {\r\n    require(totalAmount > 0, '0_totalAmount');\r\n    require(vestingContract != address(0), '0_vesting');\r\n    require(token != address(0), '0_token');\r\n    require(plans.length > 0, 'no plans');\r\n    require(whitelist[vestingContract], 'not whitelisted');\r\n    TransferHelper.transferTokens(token, msg.sender, address(this), totalAmount);\r\n    SafeERC20.safeIncreaseAllowance(IERC20(token), vestingContract, totalAmount);\r\n    uint256 amountCheck;\r\n    uint256[] memory newPlanIds = new uint256[](recipients.length);\r\n    for (uint16 i; i < plans.length; i++) {\r\n      uint256 newPlanId = IVestingLockup(vestingContract).createPlan(\r\n        recipients[i],\r\n        token,\r\n        plans[i].amount,\r\n        plans[i].start,\r\n        plans[i].cliff,\r\n        plans[i].rate,\r\n        plans[i].period,\r\n        vestingAdmin,\r\n        adminTransferOBO\r\n      );\r\n      amountCheck += plans[i].amount;\r\n      newPlanIds[i] = newPlanId;\r\n    }\r\n    require(amountCheck == totalAmount, 'totalAmount error');\r\n    emit VestingBatchCreated(msg.sender, token, plans.length, newPlanIds, totalAmount, mintType);\r\n    return newPlanIds;\r\n  }\r\n\r\n  /// @notice function to batch create vesting plans with immediate delegation of the tokens. \r\n  /// @dev Note the vesting admin transferBOB must be true, so it is not an option\r\n  /// @param vestingContract is the contract address of the specific hedgey vesting plan contract\r\n  /// @param token is the address of the token being vested\r\n  /// @param totalAmount is the total amount of tokens being vested aggregated across all plans\r\n  /// @param recipients is an array of addresses that will receive the vesting plans\r\n  /// @param delegatees is the array of address where each individual plan will delegate their tokens to, this may be the same as the recipients\r\n  /// @param plans is an array of Plan structs that define the vesting schedules for each plan\r\n  /// @param vestingAdmin is the address of the admin for the vesting plans\r\n  /// @param mintType is an optional parameter to specify the type of minting that is being done, primarily used for internal database tagging\r\n  function createVestingPlansWithDelegation(\r\n    address vestingContract,\r\n    address token,\r\n    uint256 totalAmount,\r\n    address[] calldata recipients,\r\n    address[] calldata delegatees,\r\n    Plan[] calldata plans,\r\n    address vestingAdmin,\r\n    uint8 mintType\r\n  ) external returns (uint256[] memory) {\r\n    require(totalAmount > 0, '0_totalAmount');\r\n    require(vestingContract != address(0), '0_vesting');\r\n    require(token != address(0), '0_token');\r\n    require(plans.length > 0, 'no plans');\r\n    require(whitelist[vestingContract], 'not whitelisted');\r\n    TransferHelper.transferTokens(token, msg.sender, address(this), totalAmount);\r\n    SafeERC20.safeIncreaseAllowance(IERC20(token), vestingContract, totalAmount);\r\n    uint256 amountCheck;\r\n    uint256[] memory newPlanIds = new uint256[](recipients.length);\r\n    for (uint16 i; i < plans.length; i++) {\r\n      uint256 newPlanId = IVestingLockup(vestingContract).createPlan(\r\n        address(this),\r\n        token,\r\n        plans[i].amount,\r\n        plans[i].start,\r\n        plans[i].cliff,\r\n        plans[i].rate,\r\n        plans[i].period,\r\n        address(this),\r\n        true\r\n      );\r\n      amountCheck += plans[i].amount;\r\n      newPlanIds[i] = newPlanId;\r\n      IVestingLockup(vestingContract).delegate(newPlanId, delegatees[i]);\r\n      IERC721(vestingContract).transferFrom(address(this), recipients[i], newPlanId);\r\n      IVestingLockup(vestingContract).changeVestingPlanAdmin(newPlanId, vestingAdmin);\r\n    }\r\n    require(amountCheck == totalAmount, 'totalAmount error');\r\n    emit VestingBatchCreated(msg.sender, token, plans.length, newPlanIds, totalAmount, mintType);\r\n    return newPlanIds;\r\n  }\r\n\r\n  /// @notice function to batch create vesting lockup plans\r\n  /// @param lockupContract is the contract address of the specific hedgey lockup plan contract\r\n  /// @param token is the address of the token being vested\r\n  /// @param totalAmount is the total amount of tokens being vested aggregated across all plans\r\n  /// @param recipients is an array of Recipient structs that define the beneficiary and adminRedeem status for each plan\r\n  /// @param vestingPlans is an array of Plan structs that define the vesting schedules for each plan\r\n  /// @param vestingAdmin is the address of the admin for the vesting plans\r\n  /// @param adminTransferOBO is a boolean that specifies if the admin can transfer the vesting plans on behalf of the recipient\r\n  /// @param locks is an array of Plan structs that define the lockup schedules for each veting plan\r\n  /// @param transferablelocks is a boolean that specifies if the lockup plans can be transferred by the beneficiary\r\n  /// @param mintType is an optional parameter to specify the type of minting that is being done, primarily used for internal database tagging\r\n  function createVestingLockupPlans(\r\n    address lockupContract,\r\n    address token,\r\n    uint256 totalAmount,\r\n    IVestingLockup.Recipient[] calldata recipients,\r\n    Plan[] calldata vestingPlans,\r\n    address vestingAdmin,\r\n    bool adminTransferOBO,\r\n    Plan[] calldata locks,\r\n    bool transferablelocks,\r\n    uint8 mintType\r\n  ) external returns (uint256[] memory, uint256[] memory) {\r\n    require(vestingPlans.length == recipients.length, 'lenError');\r\n    require(vestingPlans.length == locks.length, 'lenError');\r\n    require(totalAmount > 0, '0_totalAmount');\r\n    require(whitelist[lockupContract], 'not whitelisted');\r\n    address vestingContract = IVestingLockup(lockupContract).hedgeyVesting();\r\n    TransferHelper.transferTokens(token, msg.sender, address(this), totalAmount);\r\n    SafeERC20.safeIncreaseAllowance(IERC20(token), vestingContract, totalAmount);\r\n    uint256 amountCheck;\r\n    uint256[] memory newVestingIds = new uint256[](vestingPlans.length);\r\n    uint256[] memory newLockIds = new uint256[](vestingPlans.length);\r\n    for (uint16 i; i < vestingPlans.length; i++) {\r\n      uint256 newVestingId = IVestingLockup(vestingContract).createPlan(\r\n        lockupContract,\r\n        token,\r\n        vestingPlans[i].amount,\r\n        vestingPlans[i].start,\r\n        vestingPlans[i].cliff,\r\n        vestingPlans[i].rate,\r\n        vestingPlans[i].period,\r\n        vestingAdmin,\r\n        false\r\n      );\r\n      uint256 newLockId = IVestingLockup(lockupContract).createVestingLock(\r\n        IVestingLockup.Recipient(recipients[i].beneficiary, recipients[i].adminRedeem),\r\n        newVestingId,\r\n        locks[i].start,\r\n        locks[i].cliff,\r\n        locks[i].rate,\r\n        locks[i].period,\r\n        transferablelocks,\r\n        adminTransferOBO\r\n      );\r\n      newVestingIds[i] = newVestingId;\r\n      newLockIds[i] = newLockId;\r\n      amountCheck += vestingPlans[i].amount;\r\n    }\r\n    require(amountCheck == totalAmount, 'totalAmount error');\r\n    emit VestingLockupBatchCreated(\r\n      msg.sender,\r\n      token,\r\n      vestingPlans.length,\r\n      newVestingIds,\r\n      newLockIds,\r\n      totalAmount,\r\n      mintType\r\n    );\r\n    return (newVestingIds, newLockIds);\r\n  }\r\n\r\n  /// @notice function to batch create vesting lockup plans with immediate delegation. \r\n  /// @dev Note that only the Vesting Plans will delegate initially, not the locksup\r\n  /// @param lockupContract is the contract address of the specific hedgey lockup plan contract\r\n  /// @param token is the address of the token being vested\r\n  /// @param totalAmount is the total amount of tokens being vested aggregated across all plans\r\n  /// @param recipients is an array of Recipient structs that define the beneficiary and adminRedeem status for each plan\r\n  /// @param delegatees is an array of addresses that will receive the vesting plans\r\n  /// @param vestingPlans is an array of Plan structs that define the vesting schedules for each plan\r\n  /// @param vestingAdmin is the address of the admin for the vesting plans\r\n  /// @param adminTransferOBO is a boolean that specifies if the admin can transfer the vesting plans on behalf of the recipient\r\n  /// @param locks is an array of Plan structs that define the lockup schedules for each veting plan\r\n  /// @param transferablelocks is a boolean that specifies if the lockup plans can be transferred by the beneficiary\r\n  /// @param mintType is an optional parameter to specify the type of minting that is being done, primarily used for internal database tagging\r\n  function createVestingLockupPlansWithDelegation(\r\n    address lockupContract,\r\n    address token,\r\n    uint256 totalAmount,\r\n    IVestingLockup.Recipient[] calldata recipients,\r\n    address[] calldata delegatees,\r\n    Plan[] calldata vestingPlans,\r\n    address vestingAdmin,\r\n    bool adminTransferOBO,\r\n    Plan[] calldata locks,\r\n    bool transferablelocks,\r\n    uint8 mintType\r\n  ) external returns (uint256[] memory, uint256[] memory) {\r\n    require(vestingPlans.length == recipients.length, 'lenError');\r\n    require(vestingPlans.length == locks.length, 'lenError');\r\n    require(totalAmount > 0, '0_totalAmount');\r\n    require(whitelist[lockupContract], 'not whitelisted');\r\n    address vestingContract = IVestingLockup(lockupContract).hedgeyVesting();\r\n    TransferHelper.transferTokens(token, msg.sender, address(this), totalAmount);\r\n    SafeERC20.safeIncreaseAllowance(IERC20(token), vestingContract, totalAmount);\r\n    uint256 amountCheck;\r\n    uint256[] memory newVestingIds = new uint256[](vestingPlans.length);\r\n    uint256[] memory newLockIds = new uint256[](vestingPlans.length);\r\n    for (uint16 i; i < vestingPlans.length; i++) {\r\n      uint256 newVestingId = IVestingLockup(vestingContract).createPlan(\r\n        address(this),\r\n        token,\r\n        vestingPlans[i].amount,\r\n        vestingPlans[i].start,\r\n        vestingPlans[i].cliff,\r\n        vestingPlans[i].rate,\r\n        vestingPlans[i].period,\r\n        address(this),\r\n        true\r\n      );\r\n      IVestingLockup(vestingContract).delegate(newVestingId, delegatees[i]);\r\n      IERC721(vestingContract).transferFrom(address(this), lockupContract, newVestingId);\r\n      IVestingLockup(vestingContract).changeVestingPlanAdmin(newVestingId, vestingAdmin);\r\n      uint256 newLockId = IVestingLockup(lockupContract).createVestingLock(\r\n        IVestingLockup.Recipient(recipients[i].beneficiary, recipients[i].adminRedeem),\r\n        newVestingId,\r\n        locks[i].start,\r\n        locks[i].cliff,\r\n        locks[i].rate,\r\n        locks[i].period,\r\n        transferablelocks,\r\n        adminTransferOBO\r\n      );\r\n      newVestingIds[i] = newVestingId;\r\n      newLockIds[i] = newLockId;\r\n      amountCheck += vestingPlans[i].amount;\r\n    }\r\n    require(amountCheck == totalAmount, 'totalAmount error');\r\n    emit VestingLockupBatchCreated(\r\n      msg.sender,\r\n      token,\r\n      vestingPlans.length,\r\n      newVestingIds,\r\n      newLockIds,\r\n      totalAmount,\r\n      mintType\r\n    );\r\n    return (newVestingIds, newLockIds);\r\n  }\r\n}\r\n"}}, "settings": {"optimizer": {"enabled": true, "runs": 200}, "viaIR": true, "evmVersion": "paris", "outputSelection": {"*": {"*": ["abi", "metadata", "evm.bytecode", "evm.deployedBytecode", "evm.methodIdentifiers", "evm.legacyAssembly", "evm.bytecode.opcodes"]}}, "libraries": {}, "metadata": {"appendCBOR": false}}}