{"language": "Solidity", "sources": {"calldata_array_two_dimensional.sol": {"content": "pragma abicoder               v2;\ncontract C {\n    function test(uint256[][2] calldata a) external returns (uint256) {\n        return a.length;\n    }\n    function test(uint256[][2] calldata a, uint256 i) external returns (uint256) {\n        return a[i].length;\n    }\n    function test(uint256[][2] calldata a, uint256 i, uint256 j) external returns (uint256) {\n        return a[i][j];\n    }\n    function reenc(uint256[][2] calldata a, uint256 i, uint256 j) external returns (uint256) {\n        return this.test(a, i, j);\n    }\n}\n// ----\n// test(uint256[][2]): 0x20, 0x40, 0xC0, 3, 0x0A01, 0x0A02, 0x0A03, 4, 0x0B01, 0x0B02, 0x0B03, 0x0B04 -> 2\n// test(uint256[][2],uint256): 0x40, 0, 0x40, 0xC0, 3, 0x0A01, 0x0A02, 0x0A03, 4, 0x0B01, 0x0B02, 0x0B03, 0x0B04 -> 3\n// test(uint256[][2],uint256): 0x40, 1, 0x40, 0xC0, 3, 0x0A01, 0x0A02, 0x0A03, 4, 0x0B01, 0x0B02, 0x0B03, 0x0B04 -> 4\n// test(uint256[][2],uint256,uint256): 0x60, 0, 0, 0x40, 0xC0, 3, 0x0A01, 0x0A02, 0x0A03, 4, 0x0B01, 0x0B02, 0x0B03, 0x0B04 -> 0x0A01\n// reenc(uint256[][2],uint256,uint256): 0x60, 0, 0, 0x40, 0xC0, 3, 0x0A01, 0x0A02, 0x0A03, 4, 0x0B01, 0x0B02, 0x0B03, 0x0B04 -> 0x0A01\n// test(uint256[][2],uint256,uint256): 0x60, 0, 1, 0x40, 0xC0, 3, 0x0A01, 0x0A02, 0x0A03, 4, 0x0B01, 0x0B02, 0x0B03, 0x0B04 -> 0x0A02\n// reenc(uint256[][2],uint256,uint256): 0x60, 0, 1, 0x40, 0xC0, 3, 0x0A01, 0x0A02, 0x0A03, 4, 0x0B01, 0x0B02, 0x0B03, 0x0B04 -> 0x0A02\n// test(uint256[][2],uint256,uint256): 0x60, 0, 2, 0x40, 0xC0, 3, 0x0A01, 0x0A02, 0x0A03, 4, 0x0B01, 0x0B02, 0x0B03, 0x0B04 -> 0x0A03\n// reenc(uint256[][2],uint256,uint256): 0x60, 0, 2, 0x40, 0xC0, 3, 0x0A01, 0x0A02, 0x0A03, 4, 0x0B01, 0x0B02, 0x0B03, 0x0B04 -> 0x0A03\n// test(uint256[][2],uint256,uint256): 0x60, 1, 0, 0x40, 0xC0, 3, 0x0A01, 0x0A02, 0x0A03, 4, 0x0B01, 0x0B02, 0x0B03, 0x0B04 -> 0x0B01\n// reenc(uint256[][2],uint256,uint256): 0x60, 1, 0, 0x40, 0xC0, 3, 0x0A01, 0x0A02, 0x0A03, 4, 0x0B01, 0x0B02, 0x0B03, 0x0B04 -> 0x0B01\n// test(uint256[][2],uint256,uint256): 0x60, 1, 1, 0x40, 0xC0, 3, 0x0A01, 0x0A02, 0x0A03, 4, 0x0B01, 0x0B02, 0x0B03, 0x0B04 -> 0x0B02\n// reenc(uint256[][2],uint256,uint256): 0x60, 1, 1, 0x40, 0xC0, 3, 0x0A01, 0x0A02, 0x0A03, 4, 0x0B01, 0x0B02, 0x0B03, 0x0B04 -> 0x0B02\n// test(uint256[][2],uint256,uint256): 0x60, 1, 2, 0x40, 0xC0, 3, 0x0A01, 0x0A02, 0x0A03, 4, 0x0B01, 0x0B02, 0x0B03, 0x0B04 -> 0x0B03\n// reenc(uint256[][2],uint256,uint256): 0x60, 1, 2, 0x40, 0xC0, 3, 0x0A01, 0x0A02, 0x0A03, 4, 0x0B01, 0x0B02, 0x0B03, 0x0B04 -> 0x0B03\n// test(uint256[][2],uint256,uint256): 0x60, 1, 3, 0x40, 0xC0, 3, 0x0A01, 0x0A02, 0x0A03, 4, 0x0B01, 0x0B02, 0x0B03, 0x0B04 -> 0x0B04\n// reenc(uint256[][2],uint256,uint256): 0x60, 1, 3, 0x40, 0xC0, 3, 0x0A01, 0x0A02, 0x0A03, 4, 0x0B01, 0x0B02, 0x0B03, 0x0B04 -> 0x0B04\n// test(uint256[][2],uint256,uint256): 0x60, 0, 3, 0x40, 0xC0, 3, 0x0A01, 0x0A02, 0x0A03, 4, 0x0B01, 0x0B02, 0x0B03, 0x0B04 -> FAILURE, hex\"4e487b71\", 0x32\n// test(uint256[][2],uint256,uint256): 0x60, 1, 4, 0x40, 0xC0, 3, 0x0A01, 0x0A02, 0x0A03, 4, 0x0B01, 0x0B02, 0x0B03, 0x0B04 -> FAILURE, hex\"4e487b71\", 0x32\n// test(uint256[][2],uint256): 0x40, 2, 0x40, 0xC0, 3, 0x0A01, 0x0A02, 0x0A03, 4, 0x0B01, 0x0B02, 0x0B03, 0x0B04 -> FAILURE, hex\"4e487b71\", 0x32\n"}}, "settings": {"optimizer": {"enabled": true, "runs": 200}, "outputSelection": {"*": {"*": ["abi", "metadata", "evm.bytecode", "evm.deployedBytecode", "evm.methodIdentifiers", "evm.legacyAssembly", "evm.bytecode.opcodes", "yulCFGJson"]}}, "metadata": {"appendCBOR": false}, "viaIR": true}}