{"language": "Solidity", "sources": {"abi_decode_fixed_arrays.sol": {"content": "contract C {\n    function f(uint16[3] memory a, uint16[2][3] memory b, uint i, uint j, uint k)\n            public pure returns (uint, uint) {\n        return (a[i], b[j][k]);\n    }\n}\n// ----\n// f(uint16[3],uint16[2][3],uint256,uint256,uint256): 1, 2, 3, 11, 12, 21, 22, 31, 32, 1, 2, 1 -> 2, 32\n"}}, "settings": {"optimizer": {"enabled": true, "runs": 200}, "outputSelection": {"*": {"*": ["abi", "metadata", "evm.bytecode", "evm.deployedBytecode", "evm.methodIdentifiers", "evm.legacyAssembly", "evm.bytecode.opcodes", "yulCFGJson"]}}, "metadata": {"appendCBOR": false}, "viaIR": true}}