{"language": "Solidity", "sources": {"evm_exceptions_in_constructor_call_fail.sol": {"content": "contract A {\n    constructor() {\n        address(this).call(\"123\");\n    }\n}\n\n\ncontract B {\n    uint256 public test = 1;\n\n    function testIt() public {\n        A a = new A();\n        ++test;\n    }\n}\n// ====\n// bytecodeFormat: legacy,>=EOFv1\n// ----\n// testIt() ->\n// test() -> 2\n"}}, "settings": {"optimizer": {"enabled": true, "runs": 200}, "outputSelection": {"*": {"*": ["abi", "metadata", "evm.bytecode", "evm.deployedBytecode", "evm.methodIdentifiers", "evm.legacyAssembly", "evm.bytecode.opcodes", "yulCFGJson"]}}, "metadata": {"appendCBOR": false}, "viaIR": true}}