{"language": "Solidity", "sources": {"keccak256_with_bytes.sol": {"content": "contract c {\n    bytes data;\n\n    function foo() public returns (bool) {\n        data.push(\"f\");\n        data.push(\"o\");\n        data.push(\"o\");\n        return keccak256(data) == keccak256(\"foo\");\n    }\n}\n// ----\n// foo() -> true\n"}}, "settings": {"optimizer": {"enabled": true, "runs": 200}, "outputSelection": {"*": {"*": ["abi", "metadata", "evm.bytecode", "evm.deployedBytecode", "evm.methodIdentifiers", "evm.legacyAssembly", "evm.bytecode.opcodes", "yulCFGJson"]}}, "metadata": {"appendCBOR": false}, "viaIR": true}}