{"language": "Solidity", "sources": {"array_slice_calldata_to_calldata.sol": {"content": "pragma abicoder v2;\n\ncontract C {\n    struct S {\n        uint128 p1;\n        uint256[3] a;\n        uint32 p2;\n    }\n    function f(S[] calldata c) internal returns (S[] memory) {\n        return c;\n    }\n    function g(S[] calldata c, uint256 s, uint256 e) public returns (S[] memory) {\n        return f(c[s:e]);\n    }\n\n    function f1(uint256[3][] calldata c) internal returns (uint256[3][] memory) {\n        return c;\n    }\n    function g1(uint256[3][] calldata c, uint256 s, uint256 e) public returns (uint256[3][] memory) {\n        return f1(c[s:e]);\n    }\n}\n// ----\n// g((uint128,uint256[3],uint32)[],uint256,uint256): 0x60, 1, 3, 4, 55, 1, 2, 3, 66, 66, 2, 3, 4, 77, 77, 3, 4, 5, 88, 88, 4, 5, 6, 99 -> 0x20, 2, 66, 2, 3, 4, 77, 77, 3, 4, 5, 88\n// g1(uint256[3][],uint256,uint256): 0x60, 1, 3, 4, 1, 2, 3, 4, 5, 6, 7, 8, 9, 10, 11, 12 -> 0x20, 2, 4, 5, 6, 7, 8, 9\n"}}, "settings": {"optimizer": {"enabled": true, "runs": 200}, "outputSelection": {"*": {"*": ["abi", "metadata", "evm.bytecode", "evm.deployedBytecode", "evm.methodIdentifiers", "evm.legacyAssembly", "evm.bytecode.opcodes", "yulCFGJson"]}}, "metadata": {"appendCBOR": false}, "viaIR": true}}