{"language": "Solidity", "sources": {"array_copy_storage_storage_struct.sol": {"content": "contract c {\n    struct Data { uint x; uint y; }\n    Data[] data1;\n    Data[] data2;\n    function test() public returns (uint x, uint y) {\n        while (data1.length < 9)\n            data1.push();\n        data1[8].x = 4;\n        data1[8].y = 5;\n        data2 = data1;\n        x = data2[8].x;\n        y = data2[8].y;\n        while (data1.length > 0)\n            data1.pop();\n        data2 = data1;\n    }\n}\n// ----\n// test() -> 4, 5\n// gas irOptimized: 190628\n// gas legacy: 190828\n// gas legacyOptimized: 189657\n// storageEmpty -> 1\n"}}, "settings": {"optimizer": {"enabled": true, "runs": 200}, "outputSelection": {"*": {"*": ["abi", "metadata", "evm.bytecode", "evm.deployedBytecode", "evm.methodIdentifiers", "evm.legacyAssembly", "evm.bytecode.opcodes", "yulCFGJson"]}}, "metadata": {"appendCBOR": false}, "viaIR": true}}