{"language": "Solidity", "sources": {"intx.sol": {"content": "pragma abicoder               v2;\n\ncontract C {\n    function ggg8(int8 x) external pure returns (int256) {\n        return x;\n    }\n    function gg16(int16 x) external pure returns (int256) {\n        return x;\n    }\n    function gg32(int32 x) external pure returns (int256) {\n        return x;\n    }\n    function gg64(int64 x) external pure returns (int256) {\n        return x;\n    }\n    function g128(int128 x) external pure returns (int256) {\n        return x;\n    }\n    function f8(int256 a) external view returns (int256) {\n        int8 x = 0;\n        assembly { x := a }\n        return this.ggg8(x);\n    }\n    function f16(int256 a) external view returns (int256) {\n        int16 x = 0;\n        assembly { x := a }\n        return this.gg16(x);\n    }\n    function f32(int256 a) external view returns (int256) {\n        int32 x = 0;\n        assembly { x := a }\n        return this.gg32(x);\n    }\n    function f64(int256 a) external view returns (int256) {\n        int64 x = 0;\n        assembly { x := a }\n        return this.gg64(x);\n    }\n    function f128(int256 a) external view returns (int256) {\n        int128 x = 0;\n        assembly { x := a }\n        return this.g128(x);\n    }\n}\n// ----\n// f8(int256): 0 -> 0\n// ggg8(int8): 0 -> 0 # test validation as well as sanity check #\n// f8(int256): 1 -> 1\n// ggg8(int8): 1 -> 1\n// f8(int256): -1 -> -1\n// ggg8(int8): -1 -> -1\n// f8(int256): 0x7F -> 0x7F\n// ggg8(int8): 0x7F -> 0x7F\n// f8(int256): 0x80 -> -128\n// ggg8(int8): 0x80 -> FAILURE\n// f8(int256): 0xFE -> -2\n// ggg8(int8): 0xFE -> FAILURE\n// f8(int256): 0xFF -> -1\n// ggg8(int8): 0xFF -> FAILURE\n// f8(int256): 0x0100 -> 0x00\n// ggg8(int8): 0x0100 -> FAILURE\n// f8(int256): 0x0101 -> 0x01\n// ggg8(int8): 0x0101 -> FAILURE\n// f8(int256): 0x01FF -> -1\n// ggg8(int8): 0x01FF -> FAILURE\n// f8(int256): 0x01FE -> -2\n// ggg8(int8): 0x01FE -> FAILURE\n// f16(int256): 0 -> 0\n// gg16(int16): 0 -> 0\n// f16(int256): 1 -> 1\n// gg16(int16): 1 -> 1\n// f16(int256): -1 -> -1\n// gg16(int16): -1 -> -1\n// f16(int256): 0x7FFF -> 0x7FFF\n// gg16(int16): 0x7FFF -> 0x7FFF\n// f16(int256): 0x8000 -> -32768\n// gg16(int16): 0x8000 -> FAILURE\n// f16(int256): 0xFFFE -> -2\n// gg16(int16): 0xFFFE -> FAILURE\n// f16(int256): 0xFFFF -> -1\n// gg16(int16): 0xFFFF -> FAILURE\n// f16(int256): 0x010000 -> 0x00\n// gg16(int16): 0x010000 -> FAILURE\n// f16(int256): 0x010001 -> 0x01\n// gg16(int16): 0x010001 -> FAILURE\n// f16(int256): 0x01FFFF -> -1\n// gg16(int16): 0x01FFFF -> FAILURE\n// f16(int256): 0x01FFFE -> -2\n// gg16(int16): 0x01FFFE -> FAILURE\n// f32(int256): 0 -> 0\n// gg32(int32): 0 -> 0\n// f32(int256): 1 -> 1\n// gg32(int32): 1 -> 1\n// f32(int256): -1 -> -1\n// gg32(int32): -1 -> -1\n// f32(int256): 0x7FFFFFFF -> 0x7FFFFFFF\n// gg32(int32): 0x7FFFFFFF -> 0x7FFFFFFF\n// f32(int256): 0x80000000 -> -2147483648\n// gg32(int32): 0x80000000 -> FAILURE\n// f32(int256): 0xFFFFFFFE -> -2\n// gg32(int32): 0xFFFFFFFE -> FAILURE\n// f32(int256): 0xFFFFFFFF -> -1\n// gg32(int32): 0xFFFFFFFF -> FAILURE\n// f32(int256): 0x0100000000 -> 0x00\n// gg32(int32): 0x0100000000 -> FAILURE\n// f32(int256): 0x0100000001 -> 0x01\n// gg32(int32): 0x0100000001 -> FAILURE\n// f32(int256): 0x01FFFFFFFF -> -1\n// gg32(int32): 0x01FFFFFFFF -> FAILURE\n// f32(int256): 0x01FFFFFFFE -> -2\n// gg32(int32): 0x01FFFFFFFE -> FAILURE\n// f64(int256): 0 -> 0\n// gg64(int64): 0 -> 0\n// f64(int256): 1 -> 1\n// gg64(int64): 1 -> 1\n// f64(int256): -1 -> -1\n// gg64(int64): -1 -> -1\n// f64(int256): 0x7FFFFFFFFFFFFFFF -> 0x7FFFFFFFFFFFFFFF\n// gg64(int64): 0x7FFFFFFFFFFFFFFF -> 0x7FFFFFFFFFFFFFFF\n// f64(int256): 0x8000000000000000 -> -9223372036854775808\n// gg64(int64): 0x8000000000000000 -> FAILURE\n// f64(int256): 0xFFFFFFFFFFFFFFFE -> -2\n// gg64(int64): 0xFFFFFFFFFFFFFFFE -> FAILURE\n// f64(int256): 0xFFFFFFFFFFFFFFFF -> -1\n// gg64(int64): 0xFFFFFFFFFFFFFFFF -> FAILURE\n// f64(int256): 0x010000000000000000 -> 0x00\n// gg64(int64): 0x010000000000000000 -> FAILURE\n// f64(int256): 0x010000000000000001 -> 0x01\n// gg64(int64): 0x010000000000000001 -> FAILURE\n// f64(int256): 0x01FFFFFFFFFFFFFFFF -> -1\n// gg64(int64): 0x01FFFFFFFFFFFFFFFF -> FAILURE\n// f64(int256): 0x01FFFFFFFFFFFFFFFE -> -2\n// gg64(int64): 0x01FFFFFFFFFFFFFFFE -> FAILURE\n// f128(int256): 0 -> 0\n// g128(int128): 0 -> 0\n// f128(int256): 1 -> 1\n// g128(int128): 1 -> 1\n// f128(int256): -1 -> -1\n// g128(int128): -1 -> -1\n// f128(int256): 0x7FFFFFFFFFFFFFFFFFFFFFFFFFFFFFFF -> 0x7FFFFFFFFFFFFFFFFFFFFFFFFFFFFFFF\n// g128(int128): 0x7FFFFFFFFFFFFFFFFFFFFFFFFFFFFFFF -> 0x7FFFFFFFFFFFFFFFFFFFFFFFFFFFFFFF\n// f128(int256): 0x80000000000000000000000000000000 -> -170141183460469231731687303715884105728\n// g128(int128): 0x80000000000000000000000000000000 -> FAILURE\n// f128(int256): 0xFFFFFFFFFFFFFFFFFFFFFFFFFFFFFFFE -> -2\n// g128(int128): 0xFFFFFFFFFFFFFFFFFFFFFFFFFFFFFFFE -> FAILURE\n// f128(int256): 0xFFFFFFFFFFFFFFFFFFFFFFFFFFFFFFFF -> -1\n// g128(int128): 0xFFFFFFFFFFFFFFFFFFFFFFFFFFFFFFFF -> FAILURE\n// f128(int256): 0x0100000000000000000000000000000000 -> 0x00\n// g128(int128): 0x0100000000000000000000000000000000 -> FAILURE\n// f128(int256): 0x0100000000000000000000000000000001 -> 0x01\n// g128(int128): 0x0100000000000000000000000000000001 -> FAILURE\n// f128(int256): 0x01FFFFFFFFFFFFFFFFFFFFFFFFFFFFFFFF -> -1\n// g128(int128): 0x01FFFFFFFFFFFFFFFFFFFFFFFFFFFFFFFF -> FAILURE\n// f128(int256): 0x01FFFFFFFFFFFFFFFFFFFFFFFFFFFFFFFE -> -2\n// g128(int128): 0x01FFFFFFFFFFFFFFFFFFFFFFFFFFFFFFFE -> FAILURE\n"}}, "settings": {"optimizer": {"enabled": true, "runs": 200}, "outputSelection": {"*": {"*": ["abi", "metadata", "evm.bytecode", "evm.deployedBytecode", "evm.methodIdentifiers", "evm.legacyAssembly", "evm.bytecode.opcodes", "yulCFGJson"]}}, "metadata": {"appendCBOR": false}, "viaIR": true}}