{"language": "Solidity", "sources": {"bytes_to_fixed_bytes_too_long.sol": {"content": "contract C {\n    bytes s = \"abcdefghabcdefghabcdefghabcdefgha\";\n\n    function fromMemory(bytes memory m) public returns (bytes32) {\n        return bytes32(m);\n    }\n    function fromCalldata(bytes calldata c) external returns (bytes32) {\n        return bytes32(c);\n    }\n    function fromStorage() external returns (bytes32) {\n        return bytes32(s);\n    }\n    function fromSlice(bytes calldata c) external returns (bytes32) {\n        return bytes32(c[0:33]);\n    }\n}\n// ----\n// fromMemory(bytes): 0x20, 33, \"abcdefghabcdefghabcdefghabcdefgh\", \"a\" -> \"abcdefghabcdefghabcdefghabcdefgh\"\n// fromCalldata(bytes): 0x20, 33, \"abcdefghabcdefghabcdefghabcdefgh\", \"a\" -> \"abcdefghabcdefghabcdefghabcdefgh\"\n// fromStorage() -> \"abcdefghabcdefghabcdefghabcdefgh\"\n// fromSlice(bytes): 0x20, 33, \"abcdefghabcdefghabcdefghabcdefgh\", \"a\" -> \"abcdefghabcdefghabcdefghabcdefgh\"\n"}}, "settings": {"optimizer": {"enabled": true, "runs": 200}, "outputSelection": {"*": {"*": ["abi", "metadata", "evm.bytecode", "evm.deployedBytecode", "evm.methodIdentifiers", "evm.legacyAssembly", "evm.bytecode.opcodes", "yulCFGJson"]}}, "metadata": {"appendCBOR": false}, "viaIR": true}}