{"language": "Solidity", "sources": {"calldata_nested_array_static_reencode.sol": {"content": "pragma abicoder v2;\n\ncontract C {\n\tfunction f(uint[3][] calldata a) public {\n\t\tabi.encode(a);\n\t}\n\tfunction f(uint[][3] calldata a) public {\n\t\tabi.encode(a);\n\t}\n\tfunction f(uint[2][2] calldata a) public {\n\t\tabi.encode(a);\n\t}\n}\n// ----\n// f(uint256[3][]): 0x20, 1, 0x01 -> FAILURE\n// f(uint256[3][]): 0x20, 1, 0x01, 0x02 -> FAILURE\n// f(uint256[3][]): 0x20, 1, 0x01, 0x02, 0x03 ->\n// f(uint256[][3]): 0x20, 0x60, 0x60, 0x60, 3, 0x01 -> FAILURE\n// f(uint256[][3]): 0x20, 0x60, 0x60, 0x60, 3, 0x01, 0x02 -> FAILURE\n// f(uint256[][3]): 0x20, 0x60, 0x60, 0x60, 3, 0x01, 0x02, 0x03 ->\n// f(uint256[2][2]): 0x01 -> FAILURE\n// f(uint256[2][2]): 0x01, 0x02 -> FAILURE\n// f(uint256[2][2]): 0x01, 0x02, 0x03 -> FAILURE\n// f(uint256[2][2]): 0x01, 0x02, 0x03, 0x04 ->\n// f(uint256[2][2]): 0x01, 0x02, 0x03, 0x04, 0x05 ->\n"}}, "settings": {"optimizer": {"enabled": true, "runs": 200}, "outputSelection": {"*": {"*": ["abi", "metadata", "evm.bytecode", "evm.deployedBytecode", "evm.methodIdentifiers", "evm.legacyAssembly", "evm.bytecode.opcodes", "yulCFGJson"]}}, "metadata": {"appendCBOR": false}, "viaIR": true}}