{"language": "Solidity", "sources": {"calldata_array.sol": {"content": "pragma abicoder               v2;\n\n\ncontract C {\n    function f(uint256[2] calldata s)\n        external\n        pure\n        returns (uint256 a, uint256 b)\n    {\n        a = s[0];\n        b = s[1];\n    }\n}\n// ----\n// f(uint256[2]): 42, 23 -> 42, 23\n"}}, "settings": {"optimizer": {"enabled": true, "runs": 200}, "outputSelection": {"*": {"*": ["abi", "metadata", "evm.bytecode", "evm.deployedBytecode", "evm.methodIdentifiers", "evm.legacyAssembly", "evm.bytecode.opcodes", "yulCFGJson"]}}, "metadata": {"appendCBOR": false}, "viaIR": true}}