{"language": "Solidity", "sources": {"array_copy_cleanup_uint128.sol": {"content": "// Test to see if cleanup is performed properly during array copying\ncontract C {\n    uint128[] x;\n    function f() public returns(bool) {\n        x.push(42); x.push(42); x.push(42); x.push(42);\n        uint128[] memory y = new uint128[](1);\n        y[0] = 23;\n        x = y;\n        assembly { sstore(x.slot, 4) }\n\n        assert(x[0] == 23);\n        assert(x[1] == 0);\n\n        assert(x[2] == 0);\n        // Issue 9832: the cleanup was only performed for the first packed type leaving the rest of\n        // the slot dirty.\n        assert(x[3] == 0);\n\n        return true;\n    }\n}\n// ----\n// f() -> true\n// gas irOptimized: 92740\n// gas legacy: 93035\n// gas legacyOptimized: 92257\n"}}, "settings": {"optimizer": {"enabled": true, "runs": 200}, "outputSelection": {"*": {"*": ["abi", "metadata", "evm.bytecode", "evm.deployedBytecode", "evm.methodIdentifiers", "evm.legacyAssembly", "evm.bytecode.opcodes", "yulCFGJson"]}}, "metadata": {"appendCBOR": false}, "viaIR": true}}