{"language": "Solidity", "sources": {"array_copy_different_packing.sol": {"content": "contract c {\n    bytes8[] data1; // 4 per slot\n    bytes10[] data2; // 3 per slot\n\n    function test()\n        public\n        returns (bytes10 a, bytes10 b, bytes10 c, bytes10 d, bytes10 e)\n    {\n        data1 = new bytes8[](9);\n        for (uint256 i = 0; i < data1.length; ++i) data1[i] = bytes8(uint64(i));\n        data2 = data1;\n        a = data2[1];\n        b = data2[2];\n        c = data2[3];\n        d = data2[4];\n        e = data2[5];\n    }\n}\n// ----\n// test() -> 0x01000000000000000000000000000000000000000000000000, 0x02000000000000000000000000000000000000000000000000, 0x03000000000000000000000000000000000000000000000000, 0x04000000000000000000000000000000000000000000000000, 0x05000000000000000000000000000000000000000000000000\n// gas irOptimized: 208415\n// gas legacy: 220711\n// gas legacyOptimized: 220097\n"}}, "settings": {"optimizer": {"enabled": true, "runs": 200}, "outputSelection": {"*": {"*": ["abi", "metadata", "evm.bytecode", "evm.deployedBytecode", "evm.methodIdentifiers", "evm.legacyAssembly", "evm.bytecode.opcodes", "yulCFGJson"]}}, "metadata": {"appendCBOR": false}, "viaIR": true}}