{"language": "Solidity", "sources": {"transient_state_variable_initialization.sol": {"content": "contract C {\n    uint128 transient x;\n    uint128 y;\n\n    constructor() {\n        x = 100;\n        y = x;\n    }\n\n    function f() external view returns (uint128) {\n        return y;\n    }\n}\n\n// ====\n// EVMVersion: >=cancun\n// bytecodeFormat: legacy,>=EOFv1\n// ----\n// f() -> 100\n"}}, "settings": {"optimizer": {"enabled": true, "runs": 200}, "outputSelection": {"*": {"*": ["abi", "metadata", "evm.bytecode", "evm.deployedBytecode", "evm.methodIdentifiers", "evm.legacyAssembly", "evm.bytecode.opcodes", "yulCFGJson"]}}, "metadata": {"appendCBOR": false}, "viaIR": true}}