{"language": "Solidity", "sources": {"array_pop_empty_exception.sol": {"content": "contract c {\n    uint256[] data;\n\n    function test() public returns (bool) {\n        data.pop();\n        return true;\n    }\n}\n// ----\n// test() -> FAILURE, hex\"4e487b71\", 0x31\n"}}, "settings": {"optimizer": {"enabled": true, "runs": 200}, "outputSelection": {"*": {"*": ["abi", "metadata", "evm.bytecode", "evm.deployedBytecode", "evm.methodIdentifiers", "evm.legacyAssembly", "evm.bytecode.opcodes", "yulCFGJson"]}}, "metadata": {"appendCBOR": false}, "viaIR": true}}