{"language": "Solidity", "sources": {"calldata_bytes_internal.sol": {"content": "contract C {\n    function f(bytes calldata b, uint i) internal pure returns (bytes1) {\n        return b[i];\n    }\n    function f(uint, bytes calldata b, uint) external pure returns (bytes1) {\n        return f(b, 2);\n    }\n}\n// ----\n// f(uint256,bytes,uint256): 7, 0x60, 7, 4, \"abcd\" -> \"c\"\n"}}, "settings": {"optimizer": {"enabled": true, "runs": 200}, "outputSelection": {"*": {"*": ["abi", "metadata", "evm.bytecode", "evm.deployedBytecode", "evm.methodIdentifiers", "evm.legacyAssembly", "evm.bytecode.opcodes", "yulCFGJson"]}}, "metadata": {"appendCBOR": false}, "viaIR": true}}