{"language": "Solidity", "sources": {"bytes_concat_as_argument.sol": {"content": "contract C {\n    function f(bytes memory a, bytes memory b) public returns (bytes32) {\n        return keccak256(bytes.concat(a, b));\n    }\n\n    function h(bytes memory a) internal returns (uint256) {\n        return a.length;\n    }\n\n    function g(bytes memory a, bytes memory b) public returns (uint256) {\n        return h(bytes.concat(a, b));\n    }\n}\n// ----\n// f(bytes,bytes): 0x40, 0x80, 32, \"abcdabcdabcdabcdabcdabcdabcdabcd\", 5, \"bcdef\" -> 0x1106e19b6f06d1cce71c2d816754f83dfa5b95df958c5cbf12b7c472320c427c\n// g(bytes,bytes): 0x40, 0x80, 32, \"abcdabcdabcdabcdabcdabcdabcdabcd\", 5, \"bcdef\" -> 37\n"}}, "settings": {"optimizer": {"enabled": true, "runs": 200}, "outputSelection": {"*": {"*": ["abi", "metadata", "evm.bytecode", "evm.deployedBytecode", "evm.methodIdentifiers", "evm.legacyAssembly", "evm.bytecode.opcodes", "yulCFGJson"]}}, "metadata": {"appendCBOR": false}, "viaIR": true}}