{"language": "Solidity", "sources": {"byte_arrays.sol": {"content": "pragma abicoder v2;\n\ncontract C {\n    function f(uint a, bytes memory b, uint c)\n            public pure returns (uint, uint, bytes1, uint) {\n        return (a, b.length, b[3], c);\n    }\n\n    function f_external(uint a, bytes calldata b, uint c)\n            external pure returns (uint, uint, bytes1, uint) {\n        return (a, b.length, b[3], c);\n    }\n}\n// ----\n// f(uint256,bytes,uint256): 6, 0x60, 9, 7, \"abcdefg\" -> 6, 7, \"d\", 9\n// f_external(uint256,bytes,uint256): 6, 0x60, 9, 7, \"abcdefg\" -> 6, 7, \"d\", 9\n"}}, "settings": {"optimizer": {"enabled": true, "runs": 200}, "outputSelection": {"*": {"*": ["abi", "metadata", "evm.bytecode", "evm.deployedBytecode", "evm.methodIdentifiers", "evm.legacyAssembly", "evm.bytecode.opcodes", "yulCFGJson"]}}, "metadata": {"appendCBOR": false}, "viaIR": true}}