{"language": "Solidity", "sources": {"calldata_array_dynamic_static_short_reencode.sol": {"content": "pragma abicoder               v2;\ncontract C {\n    function f(uint256[][2][] calldata x) external returns (uint256) {\n        return 42;\n    }\n    function g(uint256[][2][] calldata x) external returns (uint256) {\n        return this.f(x);\n    }\n}\n// ----\n// g(uint256[][2][]): 0x20, 0x01, 0x20, 0x40, 0x60, 0x00, 0x00 -> 42\n// g(uint256[][2][]): 0x20, 0x01, 0x20, 0x00, 0x00 -> 42\n// g(uint256[][2][]): 0x20, 0x01, 0x20, 0x00 -> FAILURE\n"}}, "settings": {"optimizer": {"enabled": true, "runs": 200}, "outputSelection": {"*": {"*": ["abi", "metadata", "evm.bytecode", "evm.deployedBytecode", "evm.methodIdentifiers", "evm.legacyAssembly", "evm.bytecode.opcodes", "yulCFGJson"]}}, "metadata": {"appendCBOR": false}, "viaIR": true}}