{"language": "Solidity", "sources": {"virtual_function_deployed.sol": {"content": "abstract contract S {\n    function longdata() internal virtual pure returns (bytes memory);\n}\n\nabstract contract X is S {\n    function longdata() internal override pure returns (bytes memory) {\n        return\n            \"xasopca.pngaibngidak.jbtnudak.cAP.BRRSMCPJAGPD KIAJDOMHUKR,SCPID\"\n            \"xasopca.pngaibngidak.jbtnudak.cAP.BRRSMCPJAGPD KIAJDOMHUKR,SCPID\"\n            \"M,SEYBDXCNTKIMNJGO;DUIAQBQUEHAKMPGIDSAJCOUKANJBCUEBKNA.GIAKMV.TI\"\n            \"AJMO<KXBANJCPGUD ABKCJIDHA NKIMAJU,EKAMHSO;PYCAKUM,L.UCA MR;KITA\"\n            \"M,SEYBDXCNTKIMNJGO;DUIAQBQUEHAKMPGIDSAJCOUKANJBCUEBKNA.GIAKMV.TI\"\n            \"AJMO<KXBANJCPGUD ABKCJIDHA NKIMAJU,EKAMHSO;PYCAKUM,L.UCA MR;KITA\"\n            \" .RPOKIDAS,.CKUMT.,ORKAD ,NOKIDHA .CGKIAD OVHAMS CUAOGT DAKN OIT\"\n            \"xasopca.pngaibngidak.jbtnudak.cAP.BRRSMCPJAGPD KIAJDOMHUKR,SCPID\"\n            \"M,SEYBDXCNTKIMNJGO;DUIAQBQUEHAKMPGIDSAJCOUKANJBCUEBKNA.GIAKMV.TI\"\n            \"AJMO<KXBANJCPGUD ABKCJIDHA NKIMAJU,EKAMHSO;PYCAKUM,L.UCA MR;KITA\"\n            \"apibakrpidbacnidkacjadtnpdkylca.,jda,r.kuadc,jdlkjd',c'dj, ncg d\"\n            \"anosumantkudkc,djntudkantuadnc,ui,c.ud,.nujdncud,j.rsch'pkl.'pih\";\n        }\n}\n\ncontract C is X {\n    bytes data;\n    function () pure returns (bytes memory) f;\n    constructor() {\n        data = super.longdata();\n        f = super.longdata;\n    }\n    function test() public view returns (bool) {\n        return keccak256(data) == keccak256(f());\n    }\n}\n// ----\n// test() -> true\n"}}, "settings": {"optimizer": {"enabled": true, "runs": 200}, "outputSelection": {"*": {"*": ["abi", "metadata", "evm.bytecode", "evm.deployedBytecode", "evm.methodIdentifiers", "evm.legacyAssembly", "evm.bytecode.opcodes", "yulCFGJson"]}}, "metadata": {"appendCBOR": false}, "viaIR": true}}