{"language": "Solidity", "sources": {"constant_variables.sol": {"content": "contract Foo {\n    uint256 constant x = 56;\n    enum ActionChoices {GoLeft, GoRight, GoStraight, Sit}\n    ActionChoices constant choices = ActionChoices.GoLeft;\n    bytes32 constant st = \"abc\\x00\\xff__\";\n}\n// ----\n// constructor() ->\n"}}, "settings": {"optimizer": {"enabled": true, "runs": 200}, "outputSelection": {"*": {"*": ["abi", "metadata", "evm.bytecode", "evm.deployedBytecode", "evm.methodIdentifiers", "evm.legacyAssembly", "evm.bytecode.opcodes", "yulCFGJson"]}}, "metadata": {"appendCBOR": false}, "viaIR": true}}