{"language": "Solidity", "sources": {"arrays_from_and_to_storage.sol": {"content": "contract Test {\n    uint24[] public data;\n    function set(uint24[] memory _data) public returns (uint) {\n        data = _data;\n        return data.length;\n    }\n    function get() public returns (uint24[] memory) {\n        return data;\n    }\n}\n// ----\n// set(uint24[]): 0x20, 18, 1, 2, 3, 4, 5, 6, 7, 8, 9, 10, 11, 12, 13, 14, 15, 16, 17, 18 -> 18\n// gas irOptimized: 99616\n// gas legacy: 103509\n// gas legacyOptimized: 101266\n// data(uint256): 7 -> 8\n// data(uint256): 15 -> 16\n// data(uint256): 18 -> FAILURE\n// get() -> 0x20, 18, 1, 2, 3, 4, 5, 6, 7, 8, 9, 10, 11, 12, 13, 14, 15, 16, 17, 18\n"}}, "settings": {"optimizer": {"enabled": true, "runs": 200}, "outputSelection": {"*": {"*": ["abi", "metadata", "evm.bytecode", "evm.deployedBytecode", "evm.methodIdentifiers", "evm.legacyAssembly", "evm.bytecode.opcodes", "yulCFGJson"]}}, "metadata": {"appendCBOR": false}, "viaIR": true}}