{"language": "Solidity", "sources": {"exp_cleanup_smaller_base.sol": {"content": "contract C {\n    function f() public pure returns (uint16 x) {\n        // tests that ``e`` is not converted to uint8\n        // right before the exp\n        uint16 e = 0x100;\n        uint8 b = 0x2;\n        unchecked {\n            return b**e;\n        }\n    }\n}\n// ----\n// f() -> 0x00\n"}}, "settings": {"optimizer": {"enabled": true, "runs": 200}, "outputSelection": {"*": {"*": ["abi", "metadata", "evm.bytecode", "evm.deployedBytecode", "evm.methodIdentifiers", "evm.legacyAssembly", "evm.bytecode.opcodes", "yulCFGJson"]}}, "metadata": {"appendCBOR": false}, "viaIR": true}}