{"language": "Solidity", "sources": {"byte_array_pop_masking_long.sol": {"content": "contract c {\n    bytes data;\n\n    function test() public returns (bytes memory) {\n        for (uint256 i = 0; i < 34; i++) data.push(0x03);\n        data.pop();\n        return data;\n    }\n}\n// ----\n// test() -> 0x20, 33, 0x303030303030303030303030303030303030303030303030303030303030303, 0x0300000000000000000000000000000000000000000000000000000000000000\n// gas irOptimized: 106762\n// gas legacy: 121252\n// gas legacyOptimized: 120370\n"}}, "settings": {"optimizer": {"enabled": true, "runs": 200}, "outputSelection": {"*": {"*": ["abi", "metadata", "evm.bytecode", "evm.deployedBytecode", "evm.methodIdentifiers", "evm.legacyAssembly", "evm.bytecode.opcodes", "yulCFGJson"]}}, "metadata": {"appendCBOR": false}, "viaIR": true}}