{"language": "Solidity", "sources": {"array_pop_uint16_transition.sol": {"content": "contract c {\n    uint16[] data;\n    function test() public returns (uint16 x, uint16 y, uint16 z) {\n        for (uint i = 1; i <= 48; i++)\n            data.push(uint16(i));\n        for (uint j = 1; j <= 10; j++)\n            data.pop();\n        x = data[data.length - 1];\n        for (uint k = 1; k <= 10; k++)\n            data.pop();\n        y = data[data.length - 1];\n        for (uint l = 1; l <= 10; l++)\n            data.pop();\n        z = data[data.length - 1];\n        for (uint m = 1; m <= 18; m++)\n            data.pop();\n    }\n}\n// ----\n// test() -> 38, 28, 18\n// gas irOptimized: 148380\n// gas legacy: 151182\n// gas legacyOptimized: 142418\n// storageEmpty -> 1\n"}}, "settings": {"optimizer": {"enabled": true, "runs": 200}, "outputSelection": {"*": {"*": ["abi", "metadata", "evm.bytecode", "evm.deployedBytecode", "evm.methodIdentifiers", "evm.legacyAssembly", "evm.bytecode.opcodes", "yulCFGJson"]}}, "metadata": {"appendCBOR": false}, "viaIR": true}}