{"language": "Solidity", "sources": {"array_copy_clear_storage.sol": {"content": "contract C {\n    uint256[] x;\n    function f() public returns(uint256) {\n        x.push(42); x.push(42); x.push(42); x.push(42);\n        uint256[] memory y = new uint256[](1);\n        y[0] = 23;\n        x = y;\n        assembly { sstore(x.slot, 4) }\n        assert(x[1] == 0);\n        assert(x[2] == 0);\n        return x[3];\n    }\n}\n// ----\n// f() -> 0\n// gas irOptimized: 108229\n// gas legacy: 108216\n// gas legacyOptimized: 107625\n"}}, "settings": {"optimizer": {"enabled": true, "runs": 200}, "outputSelection": {"*": {"*": ["abi", "metadata", "evm.bytecode", "evm.deployedBytecode", "evm.methodIdentifiers", "evm.legacyAssembly", "evm.bytecode.opcodes", "yulCFGJson"]}}, "metadata": {"appendCBOR": false}, "viaIR": true}}