{"language": "Solidity", "sources": {"calldata_array_three_dimensional.sol": {"content": "pragma abicoder               v2;\n\ncontract C {\n\tfunction f(uint256[][2][] calldata x, uint256 i, uint256 j, uint256 k) external returns (uint256 a, uint256 b, uint256 c, uint256 d) {\n\t\ta = x.length;\n\t\tb = x[i].length;\n\t\tc = x[i][j].length;\n\t\td = x[i][j][k];\n    }\n}\n// ----\n// f(uint256[][2][],uint256,uint256,uint256): 0x80, 0, 0, 0, 1, 0x20, 0x40, 0x80, 1, 42, 1, 23 -> 1, 2, 1, 42\n// f(uint256[][2][],uint256,uint256,uint256): 0x80, 0, 1, 0, 1, 0x20, 0x40, 0x80, 1, 42, 1, 23 -> 1, 2, 1, 23\n// f(uint256[][2][],uint256,uint256,uint256): 0x80, 0, 1, 0, 1, 0x20, 0x40, 0x80, 1, 42, 2, 23, 17 -> 1, 2, 2, 23\n// f(uint256[][2][],uint256,uint256,uint256): 0x80, 0, 1, 1, 1, 0x20, 0x40, 0x80, 1, 42, 2, 23, 17 -> 1, 2, 2, 17\n// f(uint256[][2][],uint256,uint256,uint256): 0x80, 1, 0, 0, 1, 0x20, 0x40, 0x80, 1, 42, 1, 23 -> FAILURE, hex\"4e487b71\", 0x32\n// f(uint256[][2][],uint256,uint256,uint256): 0x80, 0, 2, 0, 1, 0x20, 0x40, 0x80, 1, 42, 1, 23 -> FAILURE, hex\"4e487b71\", 0x32\n// f(uint256[][2][],uint256,uint256,uint256): 0x80, 0, 2, 0, 1, 0x20, 0x40, 0x80, 1, 42, 1, 23 -> FAILURE, hex\"4e487b71\", 0x32\n"}}, "settings": {"optimizer": {"enabled": true, "runs": 200}, "outputSelection": {"*": {"*": ["abi", "metadata", "evm.bytecode", "evm.deployedBytecode", "evm.methodIdentifiers", "evm.legacyAssembly", "evm.bytecode.opcodes", "yulCFGJson"]}}, "metadata": {"appendCBOR": false}, "viaIR": true}}