{"language": "Solidity", "sources": {"array_pop_isolated.sol": {"content": "// This tests that the compiler knows the correct size of the function on the stack.\ncontract c {\n    uint256[] data;\n\n    function test() public returns (uint256 x) {\n        x = 2;\n        data.pop;\n        x = 3;\n    }\n}\n// ----\n// test() -> 3\n"}}, "settings": {"optimizer": {"enabled": true, "runs": 200}, "outputSelection": {"*": {"*": ["abi", "metadata", "evm.bytecode", "evm.deployedBytecode", "evm.methodIdentifiers", "evm.legacyAssembly", "evm.bytecode.opcodes", "yulCFGJson"]}}, "metadata": {"appendCBOR": false}, "viaIR": true}}