{"language": "Solidity", "sources": {"copy_internal_function_array_to_storage.sol": {"content": "contract C {\n    function() internal returns (uint)[20] x;\n    int256 mutex;\n\n    function one() public returns (uint256) {\n        function() internal returns (uint)[20] memory xmem;\n        x = xmem;\n        return 3;\n    }\n\n    function two() public returns (uint256) {\n        if (mutex > 0) return 7;\n        mutex = 1;\n        // If this test fails, it might re-execute this function.\n        x[0]();\n        return 2;\n    }\n}\n// ----\n// one() -> 3\n// gas legacy: 140253\n// gas legacyOptimized: 140093\n// two() -> FAILURE, hex\"4e487b71\", 0x51\n"}}, "settings": {"optimizer": {"enabled": true, "runs": 200}, "outputSelection": {"*": {"*": ["abi", "metadata", "evm.bytecode", "evm.deployedBytecode", "evm.methodIdentifiers", "evm.legacyAssembly", "evm.bytecode.opcodes", "yulCFGJson"]}}, "metadata": {"appendCBOR": false}, "viaIR": true}}