{"language": "Solidity", "sources": {"calldata_array_struct_dynamic.sol": {"content": "pragma abicoder               v2;\n\ncontract C {\n    struct S { uint256[] a; }\n    function f(S[] calldata s) external pure returns (bytes memory) {\n        return abi.encode(s);\n    }\n    function g(S[] calldata s) external view returns (bytes memory) {\n        return this.f(s);\n    }\n}\n// ====\n// EVMVersion: >homestead\n// ----\n// f((uint256[])[]): 32, 1, 32, 32, 3, 17, 42, 23 -> 32, 256, 32, 1, 32, 32, 3, 17, 42, 23\n// g((uint256[])[]): 32, 1, 32, 32, 3, 17, 42, 23 -> 32, 256, 32, 1, 32, 32, 3, 17, 42, 23\n"}}, "settings": {"optimizer": {"enabled": true, "runs": 200}, "outputSelection": {"*": {"*": ["abi", "metadata", "evm.bytecode", "evm.deployedBytecode", "evm.methodIdentifiers", "evm.legacyAssembly", "evm.bytecode.opcodes", "yulCFGJson"]}}, "metadata": {"appendCBOR": false}, "viaIR": true}}