{"language": "Solidity", "sources": {"dynamic_array_cleanup.sol": {"content": "contract c {\n    uint[20] spacer;\n    uint[] dynamic;\n    function fill() public {\n        for (uint i = 0; i < 21; ++i)\n            dynamic.push(i + 1);\n    }\n    function halfClear() public {\n        while (dynamic.length > 5)\n            dynamic.pop();\n    }\n    function fullClear() public { delete dynamic; }\n}\n// ----\n// storageEmpty -> 1\n// fill() ->\n// gas irOptimized: 519494\n// gas legacy: 518943\n// gas legacyOptimized: 515555\n// storageEmpty -> 0\n// halfClear() ->\n// gas irOptimized: 113961\n// gas legacy: 113257\n// gas legacyOptimized: 113120\n// storageEmpty -> 0\n// fullClear() ->\n// storageEmpty -> 1\n"}}, "settings": {"optimizer": {"enabled": true, "runs": 200}, "outputSelection": {"*": {"*": ["abi", "metadata", "evm.bytecode", "evm.deployedBytecode", "evm.methodIdentifiers", "evm.legacyAssembly", "evm.bytecode.opcodes", "yulCFGJson"]}}, "metadata": {"appendCBOR": false}, "viaIR": true}}