{"language": "Solidity", "sources": {"calldata_array_static_dynamic_static.sol": {"content": "pragma abicoder               v2;\n\ncontract C {\n    function f(uint8[1][][1] calldata s) external pure returns (bytes memory) {\n        return msg.data;\n    }\n    function f2(uint256[2][][2] calldata s) external pure returns (bytes memory) {\n        return msg.data;\n    }\n    function reenc_f(uint8[1][][1] calldata s) external view returns (bytes memory) {\n        return this.f(s);\n    }\n    function reenc_f2(uint256[2][][2] calldata s) external view returns (bytes memory) {\n        return this.f2(s);\n    }\n    function g() external returns (bytes memory) {\n        uint8[1][][1] memory m = [new uint8[1][](1)];\n        m[0][0][0] = 42;\n        return this.f(m);\n    }\n    function h() external returns (bytes memory) {\n        uint8[1][][1] memory m = [new uint8[1][](1)];\n        m[0][0][0] = 42;\n        return this.reenc_f(m);\n    }\n    function i() external returns (bytes memory) {\n        uint256[2][][2] memory m = [new uint256[2][](1),new uint256[2][](1)];\n        m[0][0][0] = 0x00042;\n        m[0][0][1] = 0x00142;\n        m[1][0][0] = 0x10042;\n        m[1][0][1] = 0x10142;\n        return this.f2(m);\n    }\n    function j() external returns (bytes memory) {\n        uint256[2][][2] memory m = [new uint256[2][](1),new uint256[2][](1)];\n        m[0][0][0] = 0x00042;\n        m[0][0][1] = 0x00142;\n        m[1][0][0] = 0x10042;\n        m[1][0][1] = 0x10142;\n        return this.reenc_f2(m);\n    }\n}\n// ====\n// EVMVersion: >homestead\n// ----\n// g() -> 32, 132, hex\"15cfcc01\", 32, 32, 1, 42, hex\"00000000000000000000000000000000000000000000000000000000\"\n// h() -> 32, 132, hex\"15cfcc01\", 32, 32, 1, 42, hex\"00000000000000000000000000000000000000000000000000000000\"\n// i() -> 32, 292, hex\"dc0ee233\", 32, 64, 160, 1, 0x42, 0x000142, 1, 0x010042, 0x010142, hex\"00000000000000000000000000000000000000000000000000000000\"\n// j() -> 32, 292, hex\"dc0ee233\", 32, 64, 160, 1, 0x42, 0x000142, 1, 0x010042, 0x010142, hex\"00000000000000000000000000000000000000000000000000000000\"\n"}}, "settings": {"optimizer": {"enabled": true, "runs": 200}, "outputSelection": {"*": {"*": ["abi", "metadata", "evm.bytecode", "evm.deployedBytecode", "evm.methodIdentifiers", "evm.legacyAssembly", "evm.bytecode.opcodes", "yulCFGJson"]}}, "metadata": {"appendCBOR": false}, "viaIR": true}}