{"language": "Solidity", "sources": {"calldata_array_short.sol": {"content": "pragma abicoder v2;\n\ncontract C {\n\tfunction f(uint[] calldata) public {}\n}\n// ====\n// revertStrings: debug\n// ----\n// f(uint256[]): 0x20, 0 ->\n// f(uint256[]): 0x20, 1 -> FAILURE, hex\"08c379a0\", 0x20, 0x2b, \"ABI decoding: invalid calldata a\", \"rray stride\"\n// f(uint256[]): 0x20, 2 -> FAILURE, hex\"08c379a0\", 0x20, 0x2b, \"ABI decoding: invalid calldata a\", \"rray stride\"\n"}}, "settings": {"optimizer": {"enabled": true, "runs": 200}, "outputSelection": {"*": {"*": ["abi", "metadata", "evm.bytecode", "evm.deployedBytecode", "evm.methodIdentifiers", "evm.legacyAssembly", "evm.bytecode.opcodes", "yulCFGJson"]}}, "metadata": {"appendCBOR": false}, "viaIR": true}}