{"language": "Solidity", "sources": {"abi_encode_empty_string_v1.sol": {"content": "pragma abicoder v1;\n// Tests that this will not end up using a \"bytes0\" type\n// (which would assert)\ncontract C {\n    function f() public pure returns (bytes memory, bytes memory) {\n        return (abi.encode(\"\"), abi.encodePacked(\"\"));\n    }\n}\n// ====\n// ABIEncoderV1Only: true\n// compileViaYul: false\n// ----\n// f() -> 0x40, 0xa0, 0x40, 0x20, 0x0, 0x0\n"}}, "settings": {"optimizer": {"enabled": true, "runs": 200}, "outputSelection": {"*": {"*": ["abi", "metadata", "evm.bytecode", "evm.deployedBytecode", "evm.methodIdentifiers", "evm.legacyAssembly", "evm.bytecode.opcodes", "yulCFGJson"]}}, "metadata": {"appendCBOR": false}, "viaIR": true}}