{"language": "Solidity", "sources": {"byte_array_pop_long_storage_empty_garbage_ref.sol": {"content": "contract c {\n    uint256 a;\n    uint256 b;\n    bytes data;\n    function test() public {\n        for (uint8 i = 0; i <= 40; i++)\n            data.push(0x03);\n        for (uint8 j = 0; j <= 40; j++) {\n            assembly {\n                mstore(0, \"garbage\")\n            }\n            data.pop();\n        }\n    }\n}\n// ----\n// test() ->\n// gas irOptimized: 113631\n// gas legacy: 131256\n// gas legacyOptimized: 126668\n// storageEmpty -> 1\n"}}, "settings": {"optimizer": {"enabled": true, "runs": 200}, "outputSelection": {"*": {"*": ["abi", "metadata", "evm.bytecode", "evm.deployedBytecode", "evm.methodIdentifiers", "evm.legacyAssembly", "evm.bytecode.opcodes", "yulCFGJson"]}}, "metadata": {"appendCBOR": false}, "viaIR": true}}