{"language": "Solidity", "sources": {"exp_cleanup_direct.sol": {"content": "contract C {\n    function f() public pure returns (uint8 x) {\n        unchecked {\n            return uint8(0)**uint8(uint8(2)**uint8(8));\n        }\n    }\n}\n// ----\n// f() -> 0x1\n"}}, "settings": {"optimizer": {"enabled": true, "runs": 200}, "outputSelection": {"*": {"*": ["abi", "metadata", "evm.bytecode", "evm.deployedBytecode", "evm.methodIdentifiers", "evm.legacyAssembly", "evm.bytecode.opcodes", "yulCFGJson"]}}, "metadata": {"appendCBOR": false}, "viaIR": true}}