{"language": "Solidity", "sources": {"arrays_in_constructors.sol": {"content": "contract Base {\n    uint public m_x;\n    address[] m_s;\n    constructor(uint x, address[] memory s) {\n        m_x = x;\n        m_s = s;\n    }\n    function part(uint i) public returns (address) {\n        return m_s[i];\n    }\n}\ncontract Main is Base {\n    constructor(address[] memory s, uint x) Base(x, f(s)) {}\n    function f(address[] memory s) public returns (address[] memory) {\n        return s;\n    }\n}\ncontract Creator {\n    function f(uint x, address[] memory s) public returns (uint r, address ch) {\n        Main c = new Main(s, x);\n        r = c.m_x();\n        ch = c.part(x);\n    }\n}\n// ====\n// bytecodeFormat: legacy,>=EOFv1\n// ----\n// f(uint256,address[]): 7, 0x40, 10, 1, 2, 3, 4, 5, 6, 7, 8, 9, 10 -> 7, 8\n// gas irOptimized: 327784\n// gas irOptimized code: 94000\n// gas legacy: 336623\n// gas legacy code: 244800\n// gas legacyOptimized: 329515\n// gas legacyOptimized code: 117000\n"}}, "settings": {"optimizer": {"enabled": true, "runs": 200}, "outputSelection": {"*": {"*": ["abi", "metadata", "evm.bytecode", "evm.deployedBytecode", "evm.methodIdentifiers", "evm.legacyAssembly", "evm.bytecode.opcodes", "yulCFGJson"]}}, "metadata": {"appendCBOR": false}, "viaIR": true}}