{"language": "Solidity", "sources": {"array_function_pointers.sol": {"content": "contract C {\n\tfunction f(uint n, uint m) public {\n\t\tfunction() internal returns (uint)[] memory arr = new function() internal returns (uint)[](n);\n\t\tarr[m]();\n\t}\n\tfunction f2(uint n, uint m, uint a, uint b) public {\n\t\tfunction() internal returns (uint)[][] memory arr = new function() internal returns (uint)[][](n);\n\t\tfor (uint i = 0; i < n; ++i)\n\t\t\tarr[i] = new function() internal returns (uint)[](m);\n\t\tarr[a][b]();\n\t}\n\tfunction g(uint n, uint m) public {\n\t\tfunction() external returns (uint)[] memory arr = new function() external returns (uint)[](n);\n\t\tarr[m]();\n\t}\n\tfunction g2(uint n, uint m, uint a, uint b) public {\n\t\tfunction() external returns (uint)[][] memory arr = new function() external returns (uint)[][](n);\n\t\tfor (uint i = 0; i < n; ++i)\n\t\t\tarr[i] = new function() external returns (uint)[](m);\n\t\tarr[a][b]();\n\t}\n}\n// ----\n// f(uint256,uint256): 1823621, 12323 -> FAILURE # Out of gas #\n// f2(uint256,uint256,uint256,uint256): 18723921, 1823621, 123, 12323 -> FAILURE # Out of gas #\n// g(uint256,uint256): 1823621, 12323 -> FAILURE # Out of gas #\n// g2(uint256,uint256,uint256,uint256): 18723921, 1823621, 123, 12323 -> FAILURE # Out of gas #\n"}}, "settings": {"optimizer": {"enabled": true, "runs": 200}, "outputSelection": {"*": {"*": ["abi", "metadata", "evm.bytecode", "evm.deployedBytecode", "evm.methodIdentifiers", "evm.legacyAssembly", "evm.bytecode.opcodes", "yulCFGJson"]}}, "metadata": {"appendCBOR": false}, "viaIR": true}}