{"language": "Solidity", "sources": {"enum_referencing.sol": {"content": "interface I {\n    enum Direction { A, B, Left, Right }\n}\nlibrary L {\n    enum Direction { Left, Right }\n    function f() public pure returns (Direction) {\n        return Direction.Right;\n    }\n    function g() public pure returns (I.Direction) {\n        return I.Direction.Right;\n    }\n}\ncontract C is I {\n    function f() public pure returns (Direction) {\n        return Direction.Right;\n    }\n    function g() public pure returns (I.Direction) {\n        return I.Direction.Right;\n    }\n    function h() public pure returns (L.Direction) {\n        return L.Direction.Right;\n    }\n    function x() public pure returns (L.Direction) {\n        return L.f();\n    }\n    function y() public pure returns (I.Direction) {\n        return L.g();\n    }\n}\n// ----\n// library: L\n// f() -> 3\n// g() -> 3\n// f() -> 3\n// g() -> 3\n// h() -> 1\n// x() -> 1\n// y() -> 3\n"}}, "settings": {"optimizer": {"enabled": true, "runs": 200}, "outputSelection": {"*": {"*": ["abi", "metadata", "evm.bytecode", "evm.deployedBytecode", "evm.methodIdentifiers", "evm.legacyAssembly", "evm.bytecode.opcodes", "yulCFGJson"]}}, "metadata": {"appendCBOR": false}, "viaIR": true}}