{"language": "Solidity", "sources": {"storage_memory_nested_bytes.sol": {"content": "pragma abicoder               v2;\ncontract C {\n    bytes[] a;\n\n    function f() public returns (bytes[] memory) {\n        a.push(\"abc\");\n        a.push(\"abcdefghijklmnopqrstuvwxyzABCDEFGHIJKLMNOPQRSTUVXYZabcdefghijklmnopqrstuvwxyzABCDEFGHIJKLMNOPQRSTUVXYZabcdefghijklmnopqrstuvwxyzABCDEFGHIJKLMNOPQRSTUVXYZ\");\n        bytes[] memory m = a;\n        return m;\n    }\n}\n// ----\n// f() -> 0x20, 0x02, 0x40, 0x80, 3, 0x6162630000000000000000000000000000000000000000000000000000000000, 0x99, 44048183304486788312148433451363384677562265908331949128489393215789685032262, 32241931068525137014058842823026578386641954854143559838526554899205067598957, 49951309422467613961193228765530489307475214998374779756599339590522149884499, 0x54555658595a6162636465666768696a6b6c6d6e6f707172737475767778797a, 0x4142434445464748494a4b4c4d4e4f5051525354555658595a00000000000000\n// gas irOptimized: 202083\n// gas legacy: 204327\n// gas legacyOptimized: 202899\n"}}, "settings": {"optimizer": {"enabled": true, "runs": 200}, "outputSelection": {"*": {"*": ["abi", "metadata", "evm.bytecode", "evm.deployedBytecode", "evm.methodIdentifiers", "evm.legacyAssembly", "evm.bytecode.opcodes", "yulCFGJson"]}}, "metadata": {"appendCBOR": false}, "viaIR": true}}