{"language": "Solidity", "sources": {"array_copy_storage_storage_static_static.sol": {"content": "contract c {\n    uint256[40] data1;\n    uint256[20] data2;\n\n    function test() public returns (uint256 x, uint256 y) {\n        data1[30] = 4;\n        data1[2] = 7;\n        data1[3] = 9;\n        data2[3] = 8;\n        data1 = data2;\n        x = data1[3];\n        y = data1[30]; // should be cleared\n    }\n}\n// ----\n// test() -> 8, 0\n// gas irOptimized: 196251\n// gas legacy: 194842\n// gas legacyOptimized: 194281\n"}}, "settings": {"optimizer": {"enabled": true, "runs": 200}, "outputSelection": {"*": {"*": ["abi", "metadata", "evm.bytecode", "evm.deployedBytecode", "evm.methodIdentifiers", "evm.legacyAssembly", "evm.bytecode.opcodes", "yulCFGJson"]}}, "metadata": {"appendCBOR": false}, "viaIR": true}}