{"language": "Solidity", "sources": {"nested_array_element_calldata_to_memory.sol": {"content": "pragma abicoder v2;\n\ncontract C {\n    function test1(uint8[][][] calldata _a) public returns (uint8[][] memory) {\n        return _a[1];\n    }\n\n    function test2(uint8[][1][] calldata _a) public returns (uint8[][1] memory) {\n        return _a[0];\n    }\n\n    function test3(uint8[2][][2] calldata _a) public returns (uint8[2][] memory) {\n        return _a[0];\n    }\n\n    function test4(uint16[][] calldata _a) public returns (uint16[][] memory) {\n        uint16[][][] memory tmp = new uint16[][][](2);\n        tmp[1] = _a;\n        return tmp[1];\n    }\n\n    function test5(uint32[][2] calldata _a) public returns (uint32[][2] memory) {\n        uint32[][2][] memory tmp = new uint32[][2][](1);\n        tmp[0] = _a;\n        return tmp[0];\n    }\n\n    function test6(uint32[2][] calldata _a) public returns (uint32[2][] memory) {\n        uint32[2][][] memory tmp = new uint32[2][][](1);\n        tmp[0] = _a;\n        return tmp[0];\n    }\n}\n// ----\n// test1(uint8[][][]): 0x20, 2, 0x40, 0x60, 0, 2, 0x40, 0x80, 1, 7, 2, 8, 9 -> 0x20, 2, 0x40, 0x80, 1, 7, 2, 8, 9\n// test2(uint8[][1][]): 0x20, 2, 0x40, 0xe0, 0x20, 3, 12, 13, 14, 0x20, 3, 15, 16, 17 -> 0x20, 0x20, 3, 12, 13, 14\n// test3(uint8[2][][2]): 0x20, 0x40, 0xa0, 1, 7, 7, 2, 8, 8, 0x09, 9 -> 0x20, 1, 7, 7\n// test4(uint16[][]): 0x20, 2, 0x40, 0x80, 1, 7, 2, 8, 9 -> 0x20, 2, 0x40, 0x80, 1, 7, 2, 8, 9\n// test5(uint32[][2]): 0x20, 0x40, 0x80, 1, 7, 2, 8, 9 -> 0x20, 0x40, 0x80, 1, 7, 2, 8, 9\n// test6(uint32[2][]): 0x20, 2, 5, 6, 7, 8 -> 0x20, 2, 5, 6, 7, 8\n"}}, "settings": {"optimizer": {"enabled": true, "runs": 200}, "outputSelection": {"*": {"*": ["abi", "metadata", "evm.bytecode", "evm.deployedBytecode", "evm.methodIdentifiers", "evm.legacyAssembly", "evm.bytecode.opcodes", "yulCFGJson"]}}, "metadata": {"appendCBOR": false}, "viaIR": true}}