{"language": "Solidity", "sources": {"bytes_concat_nested.sol": {"content": "contract C {\n    function f(bytes memory a, bytes memory b, bytes memory c) public returns (bytes memory) {\n        return bytes.concat(bytes.concat(a, b), c);\n    }\n}\n// ----\n// f(bytes,bytes,bytes): 0x60, 0x60, 0x60, 2, \"ab\" -> 0x20, 6, \"ababab\"\n"}}, "settings": {"optimizer": {"enabled": true, "runs": 200}, "outputSelection": {"*": {"*": ["abi", "metadata", "evm.bytecode", "evm.deployedBytecode", "evm.methodIdentifiers", "evm.legacyAssembly", "evm.bytecode.opcodes", "yulCFGJson"]}}, "metadata": {"appendCBOR": false}, "viaIR": true}}