{"language": "Solidity", "sources": {"inline_array_strings_from_document.sol": {"content": "contract C {\n    function f(uint256 i) public returns (string memory) {\n        string[4] memory x = [\"This\", \"is\", \"an\", \"array\"];\n        return (x[i]);\n    }\n}\n// ----\n// f(uint256): 0 -> 0x20, 0x4, \"This\"\n// f(uint256): 1 -> 0x20, 0x2, \"is\"\n// f(uint256): 2 -> 0x20, 0x2, \"an\"\n// f(uint256): 3 -> 0x20, 0x5, \"array\"\n"}}, "settings": {"optimizer": {"enabled": true, "runs": 200}, "outputSelection": {"*": {"*": ["abi", "metadata", "evm.bytecode", "evm.deployedBytecode", "evm.methodIdentifiers", "evm.legacyAssembly", "evm.bytecode.opcodes", "yulCFGJson"]}}, "metadata": {"appendCBOR": false}, "viaIR": true}}