{"language": "Solidity", "sources": {"array_copy_target_simple_2.sol": {"content": "contract c {\n    bytes9[7] data1; // 3 per slot\n    bytes32[10] data2; // 1 per slot\n\n    function test()\n        public\n        returns (bytes32 a, bytes32 b, bytes32 c, bytes32 d, bytes32 e)\n    {\n        for (uint256 i = 0; i < data1.length; ++i) data1[i] = bytes8(uint64(i));\n        data2[8] = data2[9] = bytes8(uint64(2));\n        data2 = data1;\n        a = data2[1];\n        b = data2[2];\n        c = data2[3];\n        d = data2[4];\n        e = data2[9];\n    }\n}\n// ----\n// test() -> 0x01000000000000000000000000000000000000000000000000, 0x02000000000000000000000000000000000000000000000000, 0x03000000000000000000000000000000000000000000000000, 0x04000000000000000000000000000000000000000000000000, 0x00\n// gas irOptimized: 232995\n// gas legacy: 235694\n// gas legacyOptimized: 235193\n"}}, "settings": {"optimizer": {"enabled": true, "runs": 200}, "outputSelection": {"*": {"*": ["abi", "metadata", "evm.bytecode", "evm.deployedBytecode", "evm.methodIdentifiers", "evm.legacyAssembly", "evm.bytecode.opcodes", "yulCFGJson"]}}, "metadata": {"appendCBOR": false}, "viaIR": true}}