{"language": "Solidity", "sources": {"invalid_enum_logged.sol": {"content": "contract C {\n    enum X { A, B }\n    event Log(X);\n\n    function test_log() public returns (uint) {\n        X garbled = X.A;\n        assembly {\n            garbled := 5\n        }\n        emit Log(garbled);\n        return 1;\n    }\n    function test_log_ok() public returns (uint) {\n        X x = X.A;\n        emit Log(x);\n        return 1;\n    }\n}\n// ----\n// test_log_ok() -> 1\n// ~ emit Log(uint8): 0x00\n// test_log() -> FAILURE, hex\"4e487b71\", 0x21\n"}}, "settings": {"optimizer": {"enabled": true, "runs": 200}, "outputSelection": {"*": {"*": ["abi", "metadata", "evm.bytecode", "evm.deployedBytecode", "evm.methodIdentifiers", "evm.legacyAssembly", "evm.bytecode.opcodes", "yulCFGJson"]}}, "metadata": {"appendCBOR": false}, "viaIR": true}}