{"language": "Solidity", "sources": {"calldata_bytes_to_storage.sol": {"content": "contract C {\n  bytes s;\n  function f(bytes calldata data) external returns (bytes1) {\n    s = data;\n    return s[0];\n  }\n}\n// ----\n// f(bytes): 0x20, 0x08, \"abcdefgh\" -> \"a\"\n"}}, "settings": {"optimizer": {"enabled": true, "runs": 200}, "outputSelection": {"*": {"*": ["abi", "metadata", "evm.bytecode", "evm.deployedBytecode", "evm.methodIdentifiers", "evm.legacyAssembly", "evm.bytecode.opcodes", "yulCFGJson"]}}, "metadata": {"appendCBOR": false}, "viaIR": true}}