{"language": "Solidity", "sources": {"dynamic_out_of_bounds_array_access.sol": {"content": "contract c {\n    uint256[] data;\n\n    function enlarge(uint256 amount) public returns (uint256) {\n        while (data.length < amount) data.push();\n        return data.length;\n    }\n\n    function set(uint256 index, uint256 value) public returns (bool) {\n        data[index] = value;\n        return true;\n    }\n\n    function get(uint256 index) public returns (uint256) {\n        return data[index];\n    }\n\n    function length() public returns (uint256) {\n        return data.length;\n    }\n}\n// ----\n// length() -> 0\n// get(uint256): 3 -> FAILURE, hex\"4e487b71\", 0x32\n// enlarge(uint256): 4 -> 4\n// length() -> 4\n// set(uint256,uint256): 3, 4 -> true\n// get(uint256): 3 -> 4\n// length() -> 4\n// set(uint256,uint256): 4, 8 -> FAILURE, hex\"4e487b71\", 0x32\n// length() -> 4\n"}}, "settings": {"optimizer": {"enabled": true, "runs": 200}, "outputSelection": {"*": {"*": ["abi", "metadata", "evm.bytecode", "evm.deployedBytecode", "evm.methodIdentifiers", "evm.legacyAssembly", "evm.bytecode.opcodes", "yulCFGJson"]}}, "metadata": {"appendCBOR": false}, "viaIR": true}}