{"language": "Solidity", "sources": {"dynamic_arrays_in_storage.sol": {"content": "contract c {\n    struct Data {\n        uint256 x;\n        uint256 y;\n    }\n    Data[] data;\n    uint256[] ids;\n\n    function setIDStatic(uint256 id) public {\n        ids[2] = id;\n    }\n\n    function setID(uint256 index, uint256 id) public {\n        ids[index] = id;\n    }\n\n    function setData(uint256 index, uint256 x, uint256 y) public {\n        data[index].x = x;\n        data[index].y = y;\n    }\n\n    function getID(uint256 index) public returns (uint256) {\n        return ids[index];\n    }\n\n    function getData(uint256 index) public returns (uint256 x, uint256 y) {\n        x = data[index].x;\n        y = data[index].y;\n    }\n\n    function getLengths() public returns (uint256 l1, uint256 l2) {\n        l1 = data.length;\n        l2 = ids.length;\n    }\n\n    function setLengths(uint256 l1, uint256 l2) public {\n        while (data.length < l1) data.push();\n        while (ids.length < l2) ids.push();\n    }\n}\n// ----\n// getLengths() -> 0, 0\n// setLengths(uint256,uint256): 48, 49 ->\n// gas irOptimized: 112674\n// gas legacy: 108272\n// gas legacyOptimized: 100268\n// getLengths() -> 48, 49\n// setIDStatic(uint256): 11 ->\n// getID(uint256): 2 -> 11\n// setID(uint256,uint256): 7, 8 ->\n// getID(uint256): 7 -> 8\n// setData(uint256,uint256,uint256): 7, 8, 9 ->\n// setData(uint256,uint256,uint256): 8, 10, 11 ->\n// getData(uint256): 7 -> 8, 9\n// getData(uint256): 8 -> 10, 11\n"}}, "settings": {"optimizer": {"enabled": true, "runs": 200}, "outputSelection": {"*": {"*": ["abi", "metadata", "evm.bytecode", "evm.deployedBytecode", "evm.methodIdentifiers", "evm.legacyAssembly", "evm.bytecode.opcodes", "yulCFGJson"]}}, "metadata": {"appendCBOR": false}, "viaIR": true}}