{"language": "Solidity", "sources": {"memory.sol": {"content": "pragma solidity >= 0.6.0;\n\ncontract C {\n    function h(uint[4] memory n) public pure returns (uint) {\n        return n[0] + n[1] + n[2] + n[3];\n    }\n\n    function i(uint[4] memory n) public view returns (uint) {\n        return this.h(n) * 2;\n    }\n}\n// ----\n// h(uint256[4]): 1, 2, 3, 4 -> 10\n// i(uint256[4]): 1, 2, 3, 4 -> 20\n"}}, "settings": {"optimizer": {"enabled": true, "runs": 200}, "outputSelection": {"*": {"*": ["abi", "metadata", "evm.bytecode", "evm.deployedBytecode", "evm.methodIdentifiers", "evm.legacyAssembly", "evm.bytecode.opcodes", "yulCFGJson"]}}, "metadata": {"appendCBOR": false}, "viaIR": true}}