{"language": "Solidity", "sources": {"failing_ecrecover_invalid_input_asm.sol": {"content": "contract C {\n    function f() public returns (address) {\n        assembly {\n            mstore(mload(0x40), 0xca35b7d915458ef540ade6068dfe2f44e8fa733c)\n        }\n        return ecrecover(\n            0x77e5189111eb6557e8a637b27ef8fbb15bc61d61c2f00cc48878f3a296e5e0ca,\n            0, // invalid v value\n            0x6944c77849b18048f6abe0db8084b0d0d0689cdddb53d2671c36967b58691ad4,\n            0xef4f06ba4f78319baafd0424365777241af4dfd3da840471b4b4b087b7750d0d\n        );\n    }\n}\n// ----\n// f() -> 0\n"}}, "settings": {"optimizer": {"enabled": true, "runs": 200}, "outputSelection": {"*": {"*": ["abi", "metadata", "evm.bytecode", "evm.deployedBytecode", "evm.methodIdentifiers", "evm.legacyAssembly", "evm.bytecode.opcodes", "yulCFGJson"]}}, "metadata": {"appendCBOR": false}, "viaIR": true}}