{"language": "Solidity", "sources": {"calldata_array_access.sol": {"content": "pragma abicoder               v2;\ncontract C {\n    function f(uint256[] calldata x, uint256 i) external returns (uint256) {\n        return x[i];\n    }\n    function f(uint256[][] calldata x, uint256 i, uint256 j) external returns (uint256) {\n        return x[i][j];\n    }\n}\n// ----\n// f(uint256[],uint256): 0x40, 0, 0 -> FAILURE, hex\"4e487b71\", 0x32\n// f(uint256[],uint256): 0x40, 0, 1, 23 -> 23\n// f(uint256[],uint256): 0x40, 1, 1, 23 -> FAILURE, hex\"4e487b71\", 0x32\n// f(uint256[],uint256): 0x40, 0, 2, 23, 42 -> 23\n// f(uint256[],uint256): 0x40, 1, 2, 23, 42 -> 42\n// f(uint256[],uint256): 0x40, 2, 2, 23, 42 -> FAILURE, hex\"4e487b71\", 0x32\n// f(uint256[][],uint256,uint256): 0x60, 0, 0 -> FAILURE\n// f(uint256[][],uint256,uint256): 0x60, 0, 0, 1, 0x20, 1, 23 -> 23\n"}}, "settings": {"optimizer": {"enabled": true, "runs": 200}, "outputSelection": {"*": {"*": ["abi", "metadata", "evm.bytecode", "evm.deployedBytecode", "evm.methodIdentifiers", "evm.legacyAssembly", "evm.bytecode.opcodes", "yulCFGJson"]}}, "metadata": {"appendCBOR": false}, "viaIR": true}}