{"language": "Solidity", "sources": {"array_of_struct_memory_to_storage.sol": {"content": "contract C {\n    struct S {\n        uint128 a;\n        uint64 b;\n        uint128 c;\n    }\n    uint128[137] unused;\n    S[] s;\n    function f() public returns (uint128, uint64, uint128) {\n        S[] memory m = new S[](3);\n        m[2].a = 10;\n        m[1].b = 11;\n        m[0].c = 12;\n        s = m;\n        return (s[2].a, s[1].b, s[0].c);\n    }\n}\n// ====\n// compileViaYul: true\n// ----\n// f() -> 10, 11, 12\n// gas irOptimized: 118796\n"}}, "settings": {"optimizer": {"enabled": true, "runs": 200}, "outputSelection": {"*": {"*": ["abi", "metadata", "evm.bytecode", "evm.deployedBytecode", "evm.methodIdentifiers", "evm.legacyAssembly", "evm.bytecode.opcodes", "yulCFGJson"]}}, "metadata": {"appendCBOR": false}, "viaIR": true}}