{"language": "Solidity", "sources": {"abi_decode_trivial.sol": {"content": "contract C {\n    function f(bytes memory data) public pure returns (uint256) {\n        return abi.decode(data, (uint256));\n    }\n}\n// ----\n// f(bytes): 0x20, 0x20, 0x21 -> 33\n"}}, "settings": {"optimizer": {"enabled": true, "runs": 200}, "outputSelection": {"*": {"*": ["abi", "metadata", "evm.bytecode", "evm.deployedBytecode", "evm.methodIdentifiers", "evm.legacyAssembly", "evm.bytecode.opcodes", "yulCFGJson"]}}, "metadata": {"appendCBOR": false}, "viaIR": true}}