{"language": "Solidity", "sources": {"create_dynamic_array_with_zero_length.sol": {"content": "contract C {\n    function f() public returns (uint256) {\n        uint256[][] memory a = new uint256[][](0);\n        return 7;\n    }\n}\n// ----\n// f() -> 7\n"}}, "settings": {"optimizer": {"enabled": true, "runs": 200}, "outputSelection": {"*": {"*": ["abi", "metadata", "evm.bytecode", "evm.deployedBytecode", "evm.methodIdentifiers", "evm.legacyAssembly", "evm.bytecode.opcodes", "yulCFGJson"]}}, "metadata": {"appendCBOR": false}, "viaIR": true}}