{"language": "Solidity", "sources": {"unchecked_called_by_checked.sol": {"content": "contract C {\n    function add(uint16 a, uint16 b) public returns (uint16) {\n        unchecked {\n            return a + b;\n        }\n    }\n\n    function f(uint16 a) public returns (uint16) {\n        return add(a, 0x100) + 0x100;\n    }\n}\n// ----\n// f(uint16): 7 -> 0x0207\n// f(uint16): 0xffff -> 511\n// f(uint16): 0xfeff -> FAILURE, hex\"4e487b71\", 0x11\n"}}, "settings": {"optimizer": {"enabled": true, "runs": 200}, "outputSelection": {"*": {"*": ["abi", "metadata", "evm.bytecode", "evm.deployedBytecode", "evm.methodIdentifiers", "evm.legacyAssembly", "evm.bytecode.opcodes", "yulCFGJson"]}}, "metadata": {"appendCBOR": false}, "viaIR": true}}