{"language": "Solidity", "sources": {"constructor_static_array_argument.sol": {"content": "contract C {\n    uint256 public a;\n    uint256[3] public b;\n\n    constructor(uint256 _a, uint256[3] memory _b) {\n        a = _a;\n        b = _b;\n    }\n}\n// ====\n// bytecodeFormat: legacy,>=EOFv1\n// ----\n// constructor(): 1, 2, 3, 4 ->\n// gas irOptimized: 148129\n// gas irOptimized code: 23000\n// gas legacy: 157977\n// gas legacy code: 60400\n// gas legacyOptimized: 149973\n// gas legacyOptimized code: 26200\n// a() -> 1\n// b(uint256): 0 -> 2\n// b(uint256): 1 -> 3\n// b(uint256): 2 -> 4\n"}}, "settings": {"optimizer": {"enabled": true, "runs": 200}, "outputSelection": {"*": {"*": ["abi", "metadata", "evm.bytecode", "evm.deployedBytecode", "evm.methodIdentifiers", "evm.legacyAssembly", "evm.bytecode.opcodes", "yulCFGJson"]}}, "metadata": {"appendCBOR": false}, "viaIR": true}}