{"language": "Solidity", "sources": {"array_storage_multi_items_per_slot.sol": {"content": "contract C {\n    uint8[33] a;\n    uint32[9] b;\n    uint120[3] c;\n\n    function f() public returns (uint8, uint32, uint120) {\n        a[32] = 1; a[31] = 2; a[30] = 3;\n        b[0] = 1; b[1] = 2; b[2] = 3;\n        c[2] = 3; c[1] = 1;\n        return (a[32], b[1], c[2]);\n    }\n}\n// ----\n// f() -> 1, 2, 3\n// gas irOptimized: 131939\n// gas legacy: 134605\n// gas legacyOptimized: 131938\n"}}, "settings": {"optimizer": {"enabled": true, "runs": 200}, "outputSelection": {"*": {"*": ["abi", "metadata", "evm.bytecode", "evm.deployedBytecode", "evm.methodIdentifiers", "evm.legacyAssembly", "evm.bytecode.opcodes", "yulCFGJson"]}}, "metadata": {"appendCBOR": false}, "viaIR": true}}