{"language": "Solidity", "sources": {"array_nested_memory_to_storage.sol": {"content": "contract Test {\n    uint128[13] unused;\n    uint256[][] a;\n    uint256[4][] b;\n    uint256[2][3] c;\n\n    function test() external returns (uint256) {\n        uint256[][] memory m = new uint256[][](2);\n        m[0] = new uint256[](3);\n        m[0][0] = 7; m[0][1] = 8; m[0][2] = 9;\n        m[1] = new uint256[](4);\n        m[1][1] = 7; m[1][2] = 8; m[1][3] = 9;\n        a = m;\n        return a[0][0] + a[0][1] + a[1][3];\n    }\n\n    function test1() external returns (uint256) {\n        uint256[2][] memory m = new uint256[2][](1);\n        m[0][0] = 1; m[0][1] = 2;\n        b = m;\n        return b[0][0] + b[0][1];\n    }\n\n    function test2() external returns (uint256) {\n        uint256[2][2] memory m;\n        m[0][0] = 1; m[1][1] = 2; m[0][1] = 3;\n        c = m;\n        return c[0][0] + c[1][1] + c[0][1];\n    }\n\n    function test3() external returns (uint256) {\n        uint256[2][3] memory m;\n        m[0][0] = 7; m[1][0] = 8; m[2][0] = 9;\n        m[0][1] = 7; m[1][1] = 8; m[2][1] = 9;\n        a = m;\n        return a[0][0] + a[1][0] + a[2][1];\n    }\n}\n// ----\n// test() -> 24\n// gas irOptimized: 226734\n// gas legacy: 227083\n// gas legacyOptimized: 226529\n// test1() -> 3\n// test2() -> 6\n// test3() -> 24\n// gas irOptimized: 141319\n// gas legacy: 142238\n// gas legacyOptimized: 141365\n"}}, "settings": {"optimizer": {"enabled": true, "runs": 200}, "outputSelection": {"*": {"*": ["abi", "metadata", "evm.bytecode", "evm.deployedBytecode", "evm.methodIdentifiers", "evm.legacyAssembly", "evm.bytecode.opcodes", "yulCFGJson"]}}, "metadata": {"appendCBOR": false}, "viaIR": true}}