{"language": "Solidity", "sources": {"ripemd160_empty.sol": {"content": "contract C {\n    function f() public returns (bytes20) {\n        return ripemd160(\"\");\n    }\n}\n// ----\n// f() -> 0x9c1185a5c5e9fc54612808977ee8f548b2258d31000000000000000000000000\n"}}, "settings": {"optimizer": {"enabled": true, "runs": 200}, "outputSelection": {"*": {"*": ["abi", "metadata", "evm.bytecode", "evm.deployedBytecode", "evm.methodIdentifiers", "evm.legacyAssembly", "evm.bytecode.opcodes", "yulCFGJson"]}}, "metadata": {"appendCBOR": false}, "viaIR": true}}