{"language": "Solidity", "sources": {"return_dynamic_types_cross_call_out_of_range_1.sol": {"content": "contract C {\n    function dyn(uint x) public returns (bytes memory a) {\n        assembly {\n            mstore(0, 0x20)\n            mstore(0x20, 0x21)\n            return(0, x)\n        }\n    }\n    function f(uint x) public returns (bool) {\n        this.dyn(x);\n        return true;\n    }\n}\n// ====\n// EVMVersion: =homestead\n// ----\n// f(uint256): 0x60 -> true\n// f(uint256): 0x7f -> true\n// f(uint256): 0x80 -> true"}}, "settings": {"optimizer": {"enabled": true, "runs": 200}, "outputSelection": {"*": {"*": ["abi", "metadata", "evm.bytecode", "evm.deployedBytecode", "evm.methodIdentifiers", "evm.legacyAssembly", "evm.bytecode.opcodes", "yulCFGJson"]}}, "metadata": {"appendCBOR": false}, "viaIR": true}}