{"language": "Solidity", "sources": {"dynamic_nested_arrays.sol": {"content": "pragma abicoder               v2;\n\ncontract C {\n\tfunction f(uint a, uint16[][] memory b, uint[2][][3] memory c, uint d)\n\t\t\tpublic pure returns (uint, uint, uint, uint, uint, uint, uint) {\n\t\treturn (a, b.length, b[1].length, b[1][1], c[1].length, c[1][1][1], d);\n\t}\n\tfunction test() public view returns (uint, uint, uint, uint, uint, uint, uint) {\n\t\tuint16[][] memory b = new uint16[][](3);\n\t\tb[0] = new uint16[](2);\n\t\tb[0][0] = 0x55;\n\t\tb[0][1] = 0x56;\n\t\tb[1] = new uint16[](4);\n\t\tb[1][0] = 0x65;\n\t\tb[1][1] = 0x66;\n\t\tb[1][2] = 0x67;\n\t\tb[1][3] = 0x68;\n\n\t\tuint[2][][3] memory c;\n\t\tc[0] = new uint[2][](1);\n\t\tc[0][0][1] = 0x75;\n\t\tc[1] = new uint[2][](5);\n\t\tc[1][1][1] = 0x85;\n\n\t\treturn this.f(12, b, c, 13);\n\t}\n}\n// ----\n// test() -> 12, 3, 4, 0x66, 5, 0x85, 13\n// f(uint256,uint16[][],uint256[2][][3],uint256): 12, 0x80, 0x220, 13, 3, 0x60, 0xC0, 0x160, 2, 85, 86, 4, 101, 102, 103, 104, 0, 0x60, 0xC0, 0x220, 1, 0, 117, 5, 0, 0, 0, 133, 0, 0, 0, 0, 0, 0, 0 -> 12, 3, 4, 0x66, 5, 0x85, 13\n"}}, "settings": {"optimizer": {"enabled": true, "runs": 200}, "outputSelection": {"*": {"*": ["abi", "metadata", "evm.bytecode", "evm.deployedBytecode", "evm.methodIdentifiers", "evm.legacyAssembly", "evm.bytecode.opcodes", "yulCFGJson"]}}, "metadata": {"appendCBOR": false}, "viaIR": true}}