{"language": "Solidity", "sources": {"return_dynamic_types_cross_call_advanced.sol": {"content": "contract C {\n\tfunction dyn() public returns (bytes memory a, uint b, bytes20[] memory c, uint d) {\n\t\ta = \"1234567890123456789012345678901234567890\";\n\t\tb = type(uint).max;\n\t\tc = new bytes20[](4);\n\t\tc[0] = bytes20(uint160(1234));\n\t\tc[3] = bytes20(uint160(6789));\n\t\td = 0x1234;\n\t}\n\tfunction f() public returns (bytes memory, uint, bytes20[] memory, uint) {\n\t\treturn this.dyn();\n\t}\n}\n// ====\n// EVMVersion: >homestead\n// ----\n// f() -> 0x80, -1, 0xe0, 0x1234, 40, \"12345678901234567890123456789012\", \"34567890\", 4, 97767552542602192590433234714624, 0, 0, 537879995309340587922569878831104\n"}}, "settings": {"optimizer": {"enabled": true, "runs": 200}, "outputSelection": {"*": {"*": ["abi", "metadata", "evm.bytecode", "evm.deployedBytecode", "evm.methodIdentifiers", "evm.legacyAssembly", "evm.bytecode.opcodes", "yulCFGJson"]}}, "metadata": {"appendCBOR": false}, "viaIR": true}}