{"language": "Solidity", "sources": {"subassembly_deduplication.sol": {"content": "// TODO: Recreate this test for EOF when subassembly deduplication will be supported for EOF too.\ncontract A {\n    function longdata() pure external returns (bytes memory) {\n        return\n        \"xasopca.pngaibngidak.jbtnudak.cAP.BRRSMCPJAGPD KIAJDOMHUKR,SCPID\"\n        \"xasopca.pngaibngidak.jbtnudak.cAP.BRRSMCPJAGPD KIAJDOMHUKR,SCPID\"\n        \"M,SEYBDXCNTKIMNJGO;DUIAQBQUEHAKMPGIDSAJCOUKANJBCUEBKNA.GIAKMV.TI\"\n        \"AJMO<KXBANJCPGUD ABKCJIDHA NKIMAJU,EKAMHSO;PYCAKUM,L.UCA MR;KITA\"\n        \"M,SEYBDXCNTKIMNJGO;DUIAQBQUEHAKMPGIDSAJCOUKANJBCUEBKNA.GIAKMV.TI\"\n        \"AJMO<KXBANJCPGUD ABKCJIDHA NKIMAJU,EKAMHSO;PYCAKUM,L.UCA MR;KITA\"\n        \" .RPOKIDAS,.CKUMT.,ORKAD ,NOKIDHA .CGKIAD OVHAMS CUAOGT DAKN OIT\"\n        \"xasopca.pngaibngidak.jbtnudak.cAP.BRRSMCPJAGPD KIAJDOMHUKR,SCPID\"\n        \"M,SEYBDXCNTKIMNJGO;DUIAQBQUEHAKMPGIDSAJCOUKANJBCUEBKNA.GIAKMV.TI\"\n        \"AJMO<KXBANJCPGUD ABKCJIDHA NKIMAJU,EKAMHSO;PYCAKUM,L.UCA MR;KITA\"\n        \"apibakrpidbacnidkacjadtnpdkylca.,jda,r.kuadc,jdlkjd',c'dj, ncg d\"\n        \"anosumantkudkc,djntudkantuadnc,ui,c.ud,.nujdncud,j.rsch'pkl.'pih\";\n    }\n}\n\ncontract C {\n    constructor() {\n    }\n\n    function a() external returns (bytes memory) {\n        return type(A).creationCode;\n    }\n\n    function b() external returns (A) {\n        return new A();\n    }\n\n    function test() public view returns (bool) {\n        uint x;\n        assembly {\n            x := codesize()\n        }\n        return type(A).creationCode.length < x &&\n            x < 2 * type(A).creationCode.length;\n    }\n}\n// ====\n// bytecodeFormat: legacy\n// ----\n// test() -> true\n"}}, "settings": {"optimizer": {"enabled": true, "runs": 200}, "outputSelection": {"*": {"*": ["abi", "metadata", "evm.bytecode", "evm.deployedBytecode", "evm.methodIdentifiers", "evm.legacyAssembly", "evm.bytecode.opcodes", "yulCFGJson"]}}, "metadata": {"appendCBOR": false}, "viaIR": true}}