{"language": "Solidity", "sources": {"fixed_bytes_length_access.sol": {"content": "contract C {\n    bytes1 a;\n\n    function f(bytes32 x) public returns (uint256, uint256, uint256) {\n        return (x.length, bytes16(uint128(2)).length, a.length + 7);\n    }\n}\n// ----\n// f(bytes32): \"789\" -> 32, 16, 8\n"}}, "settings": {"optimizer": {"enabled": true, "runs": 200}, "outputSelection": {"*": {"*": ["abi", "metadata", "evm.bytecode", "evm.deployedBytecode", "evm.methodIdentifiers", "evm.legacyAssembly", "evm.bytecode.opcodes", "yulCFGJson"]}}, "metadata": {"appendCBOR": false}, "viaIR": true}}