{"language": "Solidity", "sources": {"bytes_to_fixed_bytes_cleanup.sol": {"content": "contract C {\n    bytes s = \"abcdefghabcdefghabcdefghabcdefg\";\n\n    function fromMemory(bytes memory m) public returns (bytes16) {\n        assembly { mstore(m, 14) }\n        return bytes16(m);\n    }\n    function fromCalldata(bytes calldata c) external returns (bytes16) {\n        return bytes16(c);\n    }\n    function fromStorage() external returns (bytes32) {\n        return bytes32(s);\n    }\n    function fromSlice(bytes calldata c) external returns (bytes8) {\n        return bytes8(c[0:6]);\n    }\n}\n// ====\n// compileViaYul: true\n// ----\n// fromMemory(bytes): 0x20, 16, \"abcdefghabcdefgh\" -> \"abcdefghabcdef\\0\\0\"\n// fromCalldata(bytes): 0x20, 15, \"abcdefghabcdefgh\" -> \"abcdefghabcdefg\\0\"\n// fromStorage() -> \"abcdefghabcdefghabcdefghabcdefg\\0\"\n// fromSlice(bytes): 0x20, 15, \"abcdefghabcdefgh\" -> \"abcdef\\0\\0\"\n"}}, "settings": {"optimizer": {"enabled": true, "runs": 200}, "outputSelection": {"*": {"*": ["abi", "metadata", "evm.bytecode", "evm.deployedBytecode", "evm.methodIdentifiers", "evm.legacyAssembly", "evm.bytecode.opcodes", "yulCFGJson"]}}, "metadata": {"appendCBOR": false}, "viaIR": true}}