{"language": "Solidity", "sources": {"calldata_2d_bytes_to_memory.sol": {"content": "pragma abicoder v2;\n\ncontract C {\n    function g(bytes[2] memory m) internal returns (bytes memory) {\n        return m[0];\n    }\n    function f(bytes[2] calldata c) external returns (bytes memory) {\n        return g(c);\n    }\n}\n// ----\n// f(bytes[2]): 0x20, 0x40, 0x40, 2, \"ab\" -> 0x20, 2, \"ab\"\n"}}, "settings": {"optimizer": {"enabled": true, "runs": 200}, "outputSelection": {"*": {"*": ["abi", "metadata", "evm.bytecode", "evm.deployedBytecode", "evm.methodIdentifiers", "evm.legacyAssembly", "evm.bytecode.opcodes", "yulCFGJson"]}}, "metadata": {"appendCBOR": false}, "viaIR": true}}