{"language": "Solidity", "sources": {"memory_arrays_delete.sol": {"content": "contract Test {\n    function del() public returns (uint24[3][4] memory) {\n        uint24[3][4] memory x;\n        for (uint24 i = 0; i < x.length; i ++)\n            for (uint24 j = 0; j < x[i].length; j ++)\n                x[i][j] = i * 0x10 + j;\n        delete x[1];\n        delete x[3][2];\n        return x;\n    }\n}\n// ----\n// del() -> 0, 1, 2, 0, 0, 0, 0x20, 0x21, 0x22, 0x30, 0x31, 0\n"}}, "settings": {"optimizer": {"enabled": true, "runs": 200}, "outputSelection": {"*": {"*": ["abi", "metadata", "evm.bytecode", "evm.deployedBytecode", "evm.methodIdentifiers", "evm.legacyAssembly", "evm.bytecode.opcodes", "yulCFGJson"]}}, "metadata": {"appendCBOR": false}, "viaIR": true}}