{"language": "Solidity", "sources": {"function_usage_in_constructor_arguments.sol": {"content": "contract BaseBase {\n    uint256 m_a;\n\n    constructor(uint256 a) {\n        m_a = a;\n    }\n\n    function g() public returns (uint256 r) {\n        return 2;\n    }\n}\n\n\ncontract Base is BaseBase(BaseBase.g()) {}\n\n\ncontract Derived is Base {\n    function getA() public returns (uint256 r) {\n        return m_a;\n    }\n}\n// ====\n// bytecodeFormat: legacy,>=EOFv1\n// ----\n// getA() -> 2\n"}}, "settings": {"optimizer": {"enabled": true, "runs": 200}, "outputSelection": {"*": {"*": ["abi", "metadata", "evm.bytecode", "evm.deployedBytecode", "evm.methodIdentifiers", "evm.legacyAssembly", "evm.bytecode.opcodes", "yulCFGJson"]}}, "metadata": {"appendCBOR": false}, "viaIR": true}}