{"language": "Solidity", "sources": {"copying_bytes_multiassign.sol": {"content": "contract receiver {\n    uint public received;\n    function recv(uint x) public { received += x + 1; }\n    fallback() external { received = 0x80; }\n}\ncontract sender {\n    constructor() { rec = new receiver(); }\n    fallback() external { savedData1 = savedData2 = msg.data; }\n    function forward(bool selector) public returns (bool) {\n        if (selector) { address(rec).call(savedData1); delete savedData1; }\n        else { address(rec).call(savedData2); delete savedData2; }\n        return true;\n    }\n    function val() public returns (uint) { return rec.received(); }\n    receiver rec;\n    bytes savedData1;\n    bytes savedData2;\n}\n// ----\n// (): 7 ->\n// gas irOptimized: 110822\n// gas legacy: 111388\n// gas legacyOptimized: 111065\n// val() -> 0\n// forward(bool): true -> true\n// val() -> 0x80\n// forward(bool): false -> true\n// val() -> 0x80\n// forward(bool): true -> true\n// val() -> 0x80\n"}}, "settings": {"optimizer": {"enabled": true, "runs": 200}, "outputSelection": {"*": {"*": ["abi", "metadata", "evm.bytecode", "evm.deployedBytecode", "evm.methodIdentifiers", "evm.legacyAssembly", "evm.bytecode.opcodes", "yulCFGJson"]}}, "metadata": {"appendCBOR": false}, "viaIR": true}}