{"language": "Solidity", "sources": {"calldata_internal_multi_array.sol": {"content": "pragma abicoder               v2;\n\ncontract C {\n    function g(uint[][2] calldata s) internal pure returns (uint, uint[] calldata) {\n        return (s[0][1], s[1]);\n    }\n    function f(uint, uint[][2] calldata s, uint) external pure returns (uint, uint) {\n        (uint x, uint[] calldata y) = g(s);\n        return (x, y[0]);\n    }\n    function g() public returns (uint, uint) {\n        uint[][2] memory x;\n        x[0] = new uint[](2);\n        x[1] = new uint[](2);\n        x[0][1] = 7;\n        x[1][0] = 8;\n        return this.f(4, x, 5);\n    }\n}\n// ----\n// g() -> 7, 8\n"}}, "settings": {"optimizer": {"enabled": true, "runs": 200}, "outputSelection": {"*": {"*": ["abi", "metadata", "evm.bytecode", "evm.deployedBytecode", "evm.methodIdentifiers", "evm.legacyAssembly", "evm.bytecode.opcodes", "yulCFGJson"]}}, "metadata": {"appendCBOR": false}, "viaIR": true}}