{"language": "Solidity", "sources": {"storage_memory_packed.sol": {"content": "contract C {\n    uint8[33] a;\n\n    function f() public returns (uint8, uint8, uint8) {\n        a[0] = 2;\n        a[16] = 3;\n        a[32] = 4;\n        uint8[33] memory m = a;\n        return (m[0], m[16], m[32]);\n    }\n}\n// ----\n// f() -> 2, 3, 4\n"}}, "settings": {"optimizer": {"enabled": true, "runs": 200}, "outputSelection": {"*": {"*": ["abi", "metadata", "evm.bytecode", "evm.deployedBytecode", "evm.methodIdentifiers", "evm.legacyAssembly", "evm.bytecode.opcodes", "yulCFGJson"]}}, "metadata": {"appendCBOR": false}, "viaIR": true}}