{"language": "Solidity", "sources": {"calldata_string_array.sol": {"content": "pragma abicoder               v2;\n\n\ncontract C {\n    function f(string[] calldata a)\n        external\n        returns (uint256, uint256, uint256, string memory)\n    {\n        string memory s1 = a[0];\n        bytes memory m1 = bytes(s1);\n        return (a.length, m1.length, uint8(m1[0]), s1);\n    }\n}\n// ----\n// f(string[]): 0x20, 0x1, 0x20, 0x2, hex\"6162000000000000000000000000000000000000000000000000000000000000\" -> 1, 2, 97, 0x80, 2, \"ab\"\n"}}, "settings": {"optimizer": {"enabled": true, "runs": 200}, "outputSelection": {"*": {"*": ["abi", "metadata", "evm.bytecode", "evm.deployedBytecode", "evm.methodIdentifiers", "evm.legacyAssembly", "evm.bytecode.opcodes", "yulCFGJson"]}}, "metadata": {"appendCBOR": false}, "viaIR": true}}