{"language": "Solidity", "sources": {"s1.sol": {"content": "error E(uint);"}, "s2.sol": {"content": "import { E as Panic } from \"s1.sol\";\ncontract C {\n    error E(uint);\n    function a() public pure {\n        revert Panic(1);\n    }\n    function b() public pure {\n        revert E(1);\n    }\n}\n// ----\n// a() -> FAILURE, hex\"002ff067\", hex\"0000000000000000000000000000000000000000000000000000000000000001\"\n// b() -> FAILURE, hex\"002ff067\", hex\"0000000000000000000000000000000000000000000000000000000000000001\""}}, "settings": {"optimizer": {"enabled": true, "runs": 200}, "outputSelection": {"*": {"*": ["abi", "metadata", "evm.bytecode", "evm.deployedBytecode", "evm.methodIdentifiers", "evm.legacyAssembly", "evm.bytecode.opcodes", "yulCFGJson"]}}, "metadata": {"appendCBOR": false}, "viaIR": true}}