{"language": "Solidity", "sources": {"array_2d_assignment.sol": {"content": "contract C {\n\tfunction f(uint n) public pure returns (uint) {\n\t\tuint[][] memory a = new uint[][](2);\n\t\tfor (uint i = 0; i < 2; ++i)\n\t\t\ta[i] = new uint[](3);\n\t\ta[1][1] = n;\n\t\tuint[] memory b = a[1];\n\t\treturn b[1];\n\t}\n}\n// ----\n// f(uint256): 42 -> 42\n"}}, "settings": {"optimizer": {"enabled": true, "runs": 200}, "outputSelection": {"*": {"*": ["abi", "metadata", "evm.bytecode", "evm.deployedBytecode", "evm.methodIdentifiers", "evm.legacyAssembly", "evm.bytecode.opcodes", "yulCFGJson"]}}, "metadata": {"appendCBOR": false}, "viaIR": true}}