{"language": "Solidity", "sources": {"dirty_calldata_bytes.sol": {"content": "contract C {\n    function f(bytes calldata b) public returns (bool correct) {\n        bytes1 a = b[3];\n        uint r;\n        assembly {\n            r := a\n        }\n        correct = r == (0x64 << 248);\n    }\n}\n// ----\n// f(bytes): 0x20, 0x04, \"dead\" -> true\n"}}, "settings": {"optimizer": {"enabled": true, "runs": 200}, "outputSelection": {"*": {"*": ["abi", "metadata", "evm.bytecode", "evm.deployedBytecode", "evm.methodIdentifiers", "evm.legacyAssembly", "evm.bytecode.opcodes", "yulCFGJson"]}}, "metadata": {"appendCBOR": false}, "viaIR": true}}