{"language": "Solidity", "sources": {"bytes_concat_empty_argument_list.sol": {"content": "contract C {\n    function f() public returns (bytes memory) {\n        return bytes.concat();\n    }\n}\n// ----\n// f() -> 0x20, 0\n"}}, "settings": {"optimizer": {"enabled": true, "runs": 200}, "outputSelection": {"*": {"*": ["abi", "metadata", "evm.bytecode", "evm.deployedBytecode", "evm.methodIdentifiers", "evm.legacyAssembly", "evm.bytecode.opcodes", "yulCFGJson"]}}, "metadata": {"appendCBOR": false}, "viaIR": true}}