{"language": "Solidity", "sources": {"calldata_array_static_index_access.sol": {"content": "pragma abicoder               v2;\n\ncontract C {\n    function f(uint256[3] calldata s) external pure returns (bytes memory) {\n        return abi.encode(s);\n    }\n    function g(uint256[3][2] calldata s, uint256 which) external view returns (bytes memory) {\n        return this.f(s[which]);\n    }\n    function h(uint8[3] calldata s) external pure returns (bytes memory) {\n        return abi.encode(s);\n    }\n    function i(uint8[3][2] calldata s, uint256 which) external view returns (bytes memory) {\n        return this.h(s[which]);\n    }\n}\n// ====\n// EVMVersion: >homestead\n// ----\n// f(uint256[3]): 23, 42, 87 -> 32, 96, 23, 42, 87\n// g(uint256[3][2],uint256): 23, 42, 87, 123, 142, 187, 0 -> 32, 96, 23, 42, 87\n// g(uint256[3][2],uint256): 23, 42, 87, 123, 142, 187, 1 -> 32, 96, 123, 142, 187\n// h(uint8[3]): 23, 42, 87 -> 32, 96, 23, 42, 87\n// i(uint8[3][2],uint256): 23, 42, 87, 123, 142, 187, 0 -> 32, 96, 23, 42, 87\n// i(uint8[3][2],uint256): 23, 42, 87, 123, 142, 187, 1 -> 32, 96, 123, 142, 187\n"}}, "settings": {"optimizer": {"enabled": true, "runs": 200}, "outputSelection": {"*": {"*": ["abi", "metadata", "evm.bytecode", "evm.deployedBytecode", "evm.methodIdentifiers", "evm.legacyAssembly", "evm.bytecode.opcodes", "yulCFGJson"]}}, "metadata": {"appendCBOR": false}, "viaIR": true}}