{"language": "Solidity", "sources": {"array_push_struct_from_calldata.sol": {"content": "pragma abicoder v2;\n\ncontract c {\n    struct S {\n        uint16 a;\n        uint16 b;\n        uint16[3] c;\n        uint16[] d;\n    }\n    S[] data;\n\n    function test(S calldata c) public returns (uint16, uint16, uint16, uint16) {\n        data.push(c);\n        return (data[0].a, data[0].b, data[0].c[2], data[0].d[2]);\n    }\n}\n// ----\n// test((uint16,uint16,uint16[3],uint16[])): 0x20, 2, 3, 0, 0, 4, 0xC0, 4, 0, 0, 5, 0, 0 -> 2, 3, 4, 5\n// gas irOptimized: 137153\n// gas legacy: 142414\n// gas legacyOptimized: 137975\n"}}, "settings": {"optimizer": {"enabled": true, "runs": 200}, "outputSelection": {"*": {"*": ["abi", "metadata", "evm.bytecode", "evm.deployedBytecode", "evm.methodIdentifiers", "evm.legacyAssembly", "evm.bytecode.opcodes", "yulCFGJson"]}}, "metadata": {"appendCBOR": false}, "viaIR": true}}