{"language": "Solidity", "sources": {"byte_array_push.sol": {"content": "contract c {\n    bytes data;\n\n    function test() public returns (bool x) {\n        data.push(0x05);\n        if (data.length != 1) return true;\n        if (data[0] != 0x05) return true;\n        data.push(0x04);\n        if (data[1] != 0x04) return true;\n        data.push(0x03);\n        uint256 l = data.length;\n        if (data[2] != 0x03) return true;\n        if (l != 0x03) return true;\n    }\n}\n// ----\n// test() -> false\n"}}, "settings": {"optimizer": {"enabled": true, "runs": 200}, "outputSelection": {"*": {"*": ["abi", "metadata", "evm.bytecode", "evm.deployedBytecode", "evm.methodIdentifiers", "evm.legacyAssembly", "evm.bytecode.opcodes", "yulCFGJson"]}}, "metadata": {"appendCBOR": false}, "viaIR": true}}