{"language": "Solidity", "sources": {"bytes_in_constructors_packer.sol": {"content": "contract Base {\n    uint public m_x;\n    bytes m_s;\n    constructor(uint x, bytes memory s) {\n        m_x = x;\n        m_s = s;\n    }\n    function part(uint i) public returns (bytes1) {\n        return m_s[i];\n    }\n}\ncontract Main is Base {\n    constructor(bytes memory s, uint x) Base(x, f(s)) {}\n    function f(bytes memory s) public returns (bytes memory) {\n        return s;\n    }\n}\ncontract Creator {\n    function f(uint x, bytes memory s) public returns (uint r, bytes1 ch) {\n        Main c = new Main(s, x);\n        r = c.m_x();\n        ch = c.part(x);\n    }\n}\n// ====\n// bytecodeFormat: legacy,>=EOFv1\n// ----\n// f(uint256,bytes): 7, 0x40, 78, \"abcdefghijklmnopqrstuvwxyzabcdef\", \"ghijklmnopqrstuvwxyzabcdefghijkl\", \"mnopqrstuvwxyz\" -> 7, \"h\"\n// gas irOptimized: 169292\n// gas irOptimized code: 99600\n// gas legacy: 172941\n// gas legacy code: 239800\n// gas legacyOptimized: 169815\n// gas legacyOptimized code: 118600\n"}}, "settings": {"optimizer": {"enabled": true, "runs": 200}, "outputSelection": {"*": {"*": ["abi", "metadata", "evm.bytecode", "evm.deployedBytecode", "evm.methodIdentifiers", "evm.legacyAssembly", "evm.bytecode.opcodes", "yulCFGJson"]}}, "metadata": {"appendCBOR": false}, "viaIR": true}}