{"language": "Solidity", "sources": {"keccak256_empty.sol": {"content": "contract C {\n    function f() public returns (bytes32) {\n        return keccak256(\"\");\n    }\n}\n// ----\n// f() -> 0xc5d2460186f7233c927e7db2dcc703c0e500b653ca82273b7bfad8045d85a470\n"}}, "settings": {"optimizer": {"enabled": true, "runs": 200}, "outputSelection": {"*": {"*": ["abi", "metadata", "evm.bytecode", "evm.deployedBytecode", "evm.methodIdentifiers", "evm.legacyAssembly", "evm.bytecode.opcodes", "yulCFGJson"]}}, "metadata": {"appendCBOR": false}, "viaIR": true}}