{"language": "Solidity", "sources": {"calldata_struct_cleaning.sol": {"content": "pragma abicoder               v2;\n\n\ncontract C {\n    struct S {\n        uint8 a;\n        bytes1 b;\n    }\n\n    function f(S calldata s) external pure returns (uint256 a, bytes32 b) {\n        uint8 tmp1 = s.a;\n        bytes1 tmp2 = s.b;\n        assembly {\n            a := tmp1\n            b := tmp2\n        }\n    }\n}\n// ----\n// f((uint8,bytes1)): 0x12, hex\"3400000000000000000000000000000000000000000000000000000000000000\" -> 0x12, hex\"3400000000000000000000000000000000000000000000000000000000000000\" # double check that the valid case goes through #\n// f((uint8,bytes1)): 0x1234, hex\"5678000000000000000000000000000000000000000000000000000000000000\" -> FAILURE\n// f((uint8,bytes1)): 0xffffffffffffffffffffffffffffffffffffffffffffffffffffffffffffffff, 0xffffffffffffffffffffffffffffffffffffffffffffffffffffffffffffffff -> FAILURE\n"}}, "settings": {"optimizer": {"enabled": true, "runs": 200}, "outputSelection": {"*": {"*": ["abi", "metadata", "evm.bytecode", "evm.deployedBytecode", "evm.methodIdentifiers", "evm.legacyAssembly", "evm.bytecode.opcodes", "yulCFGJson"]}}, "metadata": {"appendCBOR": false}, "viaIR": true}}