{"language": "Solidity", "settings": {"viaIR": true, "optimizer": {"enabled": true, "runs": 200}, "outputSelection": {"*": {"*": ["abi", "metadata", "evm.bytecode", "evm.deployedBytecode", "evm.methodIdentifiers", "evm.legacyAssembly", "evm.bytecode.opcodes"]}}, "metadata": {"appendCBOR": false}}, "sources": {"nft/NFTMarketWrap.sol": {"content": "// SPDX-License-Identifier: MIT\nimport \"hardhat/console.sol\";\n\npragma solidity ^0.8.30;\n\nenum FeeMethod { ProtocolFee, SplitFee }\n\nenum HowToCall { Call, DelegateCall }\n\nenum Side { Buy, Sell }\n\nenum SaleKind { FixedPrice, DutchAuction }\n\n/* An ECDSA signature. */ \nstruct Sig {\n    /* v parameter */\n    uint8 v;\n    /* r parameter */\n    bytes32 r;\n    /* s parameter */\n    bytes32 s;\n}\n\nstruct ArgBytes {\n        \n    bytes calldataBeta1;\n        \n    bytes replacementPattern1;\n            \n    bytes staticExtradata1;\n\n    bytes calldataBeta2;\n        \n    bytes replacementPattern2;\n            \n    bytes staticExtradata2;\n}\n\nstruct Order {\n    /* Exchange address, intended as a versioning mechanism. */\n    address exchange;\n    /* Order maker address. */\n    address maker;\n    /* Order taker address, if specified. */\n    address taker;\n    /* Maker relayer fee of the order, unused for taker order. */\n    uint makerRelayerFee;\n    /* Taker relayer fee of the order, or maximum taker fee for a taker order. */\n    uint takerRelayerFee;\n    /* Maker protocol fee of the order, unused for taker order. */\n    uint makerProtocolFee;\n    /* Taker protocol fee of the order, or maximum taker fee for a taker order. */\n    uint takerProtocolFee;\n    /* Order fee recipient or zero address for taker order. */\n    address feeRecipient;\n    /* Fee method (protocol token or split fee). */\n    FeeMethod feeMethod;\n    /* Side (buy/sell). */\n    Side side;\n    /* Kind of sale. */\n    SaleKind saleKind;\n    /* Target. */\n    address target;\n    /* HowToCall. */\n    HowToCall howToCall;\n    /* Calldata. */\n    bytes calldataBeta;\n    /* Calldata replacement pattern, or an empty byte array for no replacement. */\n    bytes replacementPattern;\n    /* Static call target, zero-address for no static call. */\n    address staticTarget;\n    /* Static call extra data. */\n    bytes staticExtradata;\n    /* Token used to pay for the order, or the zero-address as a sentinel value for Ether. */\n    address paymentToken;\n    /* Base price of the order (in paymentTokens). */\n    uint basePrice;\n    /* Auction extra parameter - minimum bid increment for English auctions, starting/ending price difference. */\n    uint extra;\n    /* Listing timestamp. */\n    uint listingTime;\n    /* Expiration timestamp - 0 for no expiry. */\n    uint expirationTime;\n    /* Order salt, used to prevent duplicate hashes. */\n    uint salt;\n}\n\ninterface Exchange {    \n\n     function atomicMatch_(\n        address[15] calldata addrs,\n        uint[18] calldata uints,\n        uint8[8] calldata feeMethodsSidesKindsHowToCalls,\n        bytes calldata calldataBuy,\n        bytes calldata calldataSell,\n        bytes calldata replacementPatternBuy,\n        bytes calldata replacementPatternSell,\n        bytes calldata staticExtradataBuy,\n        bytes calldata staticExtradataSell,\n        uint8[2] calldata vs,\n        bytes32[5] calldata rssMetadata\n    )\n        external\n        payable;       \n}\n\ncontract NFTMarketWrap {\n    \n    Exchange public exchange;\n\n    constructor(Exchange _exchange) {\n        exchange = _exchange;\n    }\n\n    function _getAddrs(Order calldata buy, Order calldata sell, address _sender) internal pure returns (address[15] memory) {\n        address[15] memory _addrs = [\n            buy.exchange,\n            buy.maker,\n            buy.taker,\n            buy.feeRecipient,\n            buy.target,\n            buy.staticTarget,\n            buy.paymentToken,\n            sell.exchange,\n            sell.maker,\n            sell.taker,\n            sell.feeRecipient,\n            sell.target,\n            sell.staticTarget,\n            sell.paymentToken,\n            _sender\n        ];\n\n        return _addrs;\n    }\n    function _getUint(Order calldata buy, Order calldata sell ) internal pure returns (uint[18] memory) {\n        uint[18] memory _uints = [\n            buy.makerRelayerFee,\n            buy.takerRelayerFee,\n            buy.makerProtocolFee,\n            buy.takerProtocolFee,\n            buy.basePrice,\n            buy.extra,\n            buy.listingTime,\n            buy.expirationTime,\n            buy.salt,\n\n            sell.makerRelayerFee,\n            sell.takerRelayerFee,\n            sell.makerProtocolFee,\n            sell.takerProtocolFee,\n            sell.basePrice,\n            sell.extra,\n            sell.listingTime,\n            sell.expirationTime,\n            sell.salt\n        ];\n\n        return _uints;\n    }\n    function _getEnum(Order calldata buy, Order calldata sell ) internal pure returns (uint8[8] memory) {\n        uint8[8] memory _enum = [\n            uint8(buy.feeMethod),\n            uint8(buy.side),\n            uint8(buy.saleKind),\n            uint8(buy.howToCall),\n\n            uint8(sell.feeMethod),\n            uint8(sell.side),\n            uint8(sell.saleKind),\n            uint8(sell.howToCall)\n        ];\n\n        return _enum;\n    }\n    function _getVS(Sig calldata buySig, Sig calldata sellSig ) internal pure returns (uint8[2] memory) {\n        uint8[2] memory _vs = [\n            buySig.v,\n            sellSig.v\n        ];\n        return _vs;\n    }\n    function _getMetadata(Sig calldata buySig, Sig calldata sellSig, bytes32 metadata) internal pure returns (bytes32[5] memory) {\n        bytes32[5] memory _rssMetadata = [\n            buySig.r,\n            buySig.s,\n            sellSig.r,\n            sellSig.s,\n            metadata\n        ];\n        return _rssMetadata;\n    }\n    function _getBytes(Order calldata buy, Order calldata sell ) internal pure returns (ArgBytes memory) {\n        ArgBytes memory arg = ArgBytes(\n            buy.calldataBeta,\n            buy.replacementPattern,\n            buy.staticExtradata,\n            sell.calldataBeta,\n            sell.replacementPattern,\n            sell.staticExtradata\n        );\n        return arg;\n    }\n\n    function atomicMatchWrap (\n        Order[] calldata buys,\n        Sig[] calldata buySigs,\n        Order[] calldata sells,\n        Sig[] calldata sellSigs,\n        bytes32 rssMetadata,\n        uint256[] calldata values\n    )\n        public\n        payable\n    {\n        uint256 totalSells = sells.length;\n        \n        require(totalSells == buys.length, \"sells count and buys count must be equal\");\n        require(totalSells == values.length, \"sells count and values count must be equal\");\n\n        require(totalSells > 1, \"pls call exchange contract directly.\");\n        \n        uint256 totalValue = 0;\n        for( uint256 j = 0; j < totalSells; j++ ) {\n            totalValue += values[j];\n        }\n\n        require(msg.value == totalValue, \"msg.value count and totalValue must be equal\");\n        \n        for ( uint256 i = 0; i < totalSells; i++ ) {\n\n            ArgBytes memory arg = _getBytes(buys[i], sells[i]);\n\n            exchange.atomicMatch_{value: values[i]} (\n                _getAddrs(buys[i], sells[i], msg.sender),\n                _getUint(buys[i], sells[i]),\n                _getEnum(buys[i], sells[i]),\n                arg.calldataBeta1,\n                arg.calldataBeta2,\n                arg.replacementPattern1,\n                arg.replacementPattern2,\n                arg.staticExtradata1,\n                arg.staticExtradata2,\n                _getVS(buySigs[i], sellSigs[i]),\n                _getMetadata(buySigs[i], sellSigs[i], rssMetadata)\n            ); \n        }\n    }\n\n    \n}"}, "hardhat/console.sol": {"content": "// SPDX-License-Identifier: MIT\npragma solidity ^0.8.30;\n\nlibrary console {\n\taddress constant CONSOLE_ADDRESS = address(0x000000000000000000636F6e736F6c652e6c6f67);\n\n\tfunction _sendLogPayload(bytes memory payload) private view {\n\t\tuint256 payloadLength = payload.length;\n\t\taddress consoleAddress = CONSOLE_ADDRESS;\n\t\tassembly {\n\t\t\tlet payloadStart := add(payload, 32)\n\t\t\tlet r := staticcall(gas(), consoleAddress, payloadStart, payloadLength, 0, 0)\n\t\t}\n\t}\n\n\tfunction log() internal view {\n\t\t_sendLogPayload(abi.encodeWithSignature(\"log()\"));\n\t}\n\n\tfunction logInt(int256 p0) internal view {\n\t\t_sendLogPayload(abi.encodeWithSignature(\"log(int256)\", p0));\n\t}\n\n\tfunction logUint(uint256 p0) internal view {\n\t\t_sendLogPayload(abi.encodeWithSignature(\"log(uint256)\", p0));\n\t}\n\n\tfunction logString(string memory p0) internal view {\n\t\t_sendLogPayload(abi.encodeWithSignature(\"log(string)\", p0));\n\t}\n\n\tfunction logBool(bool p0) internal view {\n\t\t_sendLogPayload(abi.encodeWithSignature(\"log(bool)\", p0));\n\t}\n\n\tfunction logAddress(address p0) internal view {\n\t\t_sendLogPayload(abi.encodeWithSignature(\"log(address)\", p0));\n\t}\n\n\tfunction logBytes(bytes memory p0) internal view {\n\t\t_sendLogPayload(abi.encodeWithSignature(\"log(bytes)\", p0));\n\t}\n\n\tfunction logBytes1(bytes1 p0) internal view {\n\t\t_sendLogPayload(abi.encodeWithSignature(\"log(bytes1)\", p0));\n\t}\n\n\tfunction logBytes2(bytes2 p0) internal view {\n\t\t_sendLogPayload(abi.encodeWithSignature(\"log(bytes2)\", p0));\n\t}\n\n\tfunction logBytes3(bytes3 p0) internal view {\n\t\t_sendLogPayload(abi.encodeWithSignature(\"log(bytes3)\", p0));\n\t}\n\n\tfunction logBytes4(bytes4 p0) internal view {\n\t\t_sendLogPayload(abi.encodeWithSignature(\"log(bytes4)\", p0));\n\t}\n\n\tfunction logBytes5(bytes5 p0) internal view {\n\t\t_sendLogPayload(abi.encodeWithSignature(\"log(bytes5)\", p0));\n\t}\n\n\tfunction logBytes6(bytes6 p0) internal view {\n\t\t_sendLogPayload(abi.encodeWithSignature(\"log(bytes6)\", p0));\n\t}\n\n\tfunction logBytes7(bytes7 p0) internal view {\n\t\t_sendLogPayload(abi.encodeWithSignature(\"log(bytes7)\", p0));\n\t}\n\n\tfunction logBytes8(bytes8 p0) internal view {\n\t\t_sendLogPayload(abi.encodeWithSignature(\"log(bytes8)\", p0));\n\t}\n\n\tfunction logBytes9(bytes9 p0) internal view {\n\t\t_sendLogPayload(abi.encodeWithSignature(\"log(bytes9)\", p0));\n\t}\n\n\tfunction logBytes10(bytes10 p0) internal view {\n\t\t_sendLogPayload(abi.encodeWithSignature(\"log(bytes10)\", p0));\n\t}\n\n\tfunction logBytes11(bytes11 p0) internal view {\n\t\t_sendLogPayload(abi.encodeWithSignature(\"log(bytes11)\", p0));\n\t}\n\n\tfunction logBytes12(bytes12 p0) internal view {\n\t\t_sendLogPayload(abi.encodeWithSignature(\"log(bytes12)\", p0));\n\t}\n\n\tfunction logBytes13(bytes13 p0) internal view {\n\t\t_sendLogPayload(abi.encodeWithSignature(\"log(bytes13)\", p0));\n\t}\n\n\tfunction logBytes14(bytes14 p0) internal view {\n\t\t_sendLogPayload(abi.encodeWithSignature(\"log(bytes14)\", p0));\n\t}\n\n\tfunction logBytes15(bytes15 p0) internal view {\n\t\t_sendLogPayload(abi.encodeWithSignature(\"log(bytes15)\", p0));\n\t}\n\n\tfunction logBytes16(bytes16 p0) internal view {\n\t\t_sendLogPayload(abi.encodeWithSignature(\"log(bytes16)\", p0));\n\t}\n\n\tfunction logBytes17(bytes17 p0) internal view {\n\t\t_sendLogPayload(abi.encodeWithSignature(\"log(bytes17)\", p0));\n\t}\n\n\tfunction logBytes18(bytes18 p0) internal view {\n\t\t_sendLogPayload(abi.encodeWithSignature(\"log(bytes18)\", p0));\n\t}\n\n\tfunction logBytes19(bytes19 p0) internal view {\n\t\t_sendLogPayload(abi.encodeWithSignature(\"log(bytes19)\", p0));\n\t}\n\n\tfunction logBytes20(bytes20 p0) internal view {\n\t\t_sendLogPayload(abi.encodeWithSignature(\"log(bytes20)\", p0));\n\t}\n\n\tfunction logBytes21(bytes21 p0) internal view {\n\t\t_sendLogPayload(abi.encodeWithSignature(\"log(bytes21)\", p0));\n\t}\n\n\tfunction logBytes22(bytes22 p0) internal view {\n\t\t_sendLogPayload(abi.encodeWithSignature(\"log(bytes22)\", p0));\n\t}\n\n\tfunction logBytes23(bytes23 p0) internal view {\n\t\t_sendLogPayload(abi.encodeWithSignature(\"log(bytes23)\", p0));\n\t}\n\n\tfunction logBytes24(bytes24 p0) internal view {\n\t\t_sendLogPayload(abi.encodeWithSignature(\"log(bytes24)\", p0));\n\t}\n\n\tfunction logBytes25(bytes25 p0) internal view {\n\t\t_sendLogPayload(abi.encodeWithSignature(\"log(bytes25)\", p0));\n\t}\n\n\tfunction logBytes26(bytes26 p0) internal view {\n\t\t_sendLogPayload(abi.encodeWithSignature(\"log(bytes26)\", p0));\n\t}\n\n\tfunction logBytes27(bytes27 p0) internal view {\n\t\t_sendLogPayload(abi.encodeWithSignature(\"log(bytes27)\", p0));\n\t}\n\n\tfunction logBytes28(bytes28 p0) internal view {\n\t\t_sendLogPayload(abi.encodeWithSignature(\"log(bytes28)\", p0));\n\t}\n\n\tfunction logBytes29(bytes29 p0) internal view {\n\t\t_sendLogPayload(abi.encodeWithSignature(\"log(bytes29)\", p0));\n\t}\n\n\tfunction logBytes30(bytes30 p0) internal view {\n\t\t_sendLogPayload(abi.encodeWithSignature(\"log(bytes30)\", p0));\n\t}\n\n\tfunction logBytes31(bytes31 p0) internal view {\n\t\t_sendLogPayload(abi.encodeWithSignature(\"log(bytes31)\", p0));\n\t}\n\n\tfunction logBytes32(bytes32 p0) internal view {\n\t\t_sendLogPayload(abi.encodeWithSignature(\"log(bytes32)\", p0));\n\t}\n\n\tfunction log(uint256 p0) internal view {\n\t\t_sendLogPayload(abi.encodeWithSignature(\"log(uint256)\", p0));\n\t}\n\n\tfunction log(string memory p0) internal view {\n\t\t_sendLogPayload(abi.encodeWithSignature(\"log(string)\", p0));\n\t}\n\n\tfunction log(bool p0) internal view {\n\t\t_sendLogPayload(abi.encodeWithSignature(\"log(bool)\", p0));\n\t}\n\n\tfunction log(address p0) internal view {\n\t\t_sendLogPayload(abi.encodeWithSignature(\"log(address)\", p0));\n\t}\n\n\tfunction log(uint256 p0, uint256 p1) internal view {\n\t\t_sendLogPayload(abi.encodeWithSignature(\"log(uint256,uint256)\", p0, p1));\n\t}\n\n\tfunction log(uint256 p0, string memory p1) internal view {\n\t\t_sendLogPayload(abi.encodeWithSignature(\"log(uint256,string)\", p0, p1));\n\t}\n\n\tfunction log(uint256 p0, bool p1) internal view {\n\t\t_sendLogPayload(abi.encodeWithSignature(\"log(uint256,bool)\", p0, p1));\n\t}\n\n\tfunction log(uint256 p0, address p1) internal view {\n\t\t_sendLogPayload(abi.encodeWithSignature(\"log(uint256,address)\", p0, p1));\n\t}\n\n\tfunction log(string memory p0, uint256 p1) internal view {\n\t\t_sendLogPayload(abi.encodeWithSignature(\"log(string,uint256)\", p0, p1));\n\t}\n\n\tfunction log(string memory p0, string memory p1) internal view {\n\t\t_sendLogPayload(abi.encodeWithSignature(\"log(string,string)\", p0, p1));\n\t}\n\n\tfunction log(string memory p0, bool p1) internal view {\n\t\t_sendLogPayload(abi.encodeWithSignature(\"log(string,bool)\", p0, p1));\n\t}\n\n\tfunction log(string memory p0, address p1) internal view {\n\t\t_sendLogPayload(abi.encodeWithSignature(\"log(string,address)\", p0, p1));\n\t}\n\n\tfunction log(bool p0, uint256 p1) internal view {\n\t\t_sendLogPayload(abi.encodeWithSignature(\"log(bool,uint256)\", p0, p1));\n\t}\n\n\tfunction log(bool p0, string memory p1) internal view {\n\t\t_sendLogPayload(abi.encodeWithSignature(\"log(bool,string)\", p0, p1));\n\t}\n\n\tfunction log(bool p0, bool p1) internal view {\n\t\t_sendLogPayload(abi.encodeWithSignature(\"log(bool,bool)\", p0, p1));\n\t}\n\n\tfunction log(bool p0, address p1) internal view {\n\t\t_sendLogPayload(abi.encodeWithSignature(\"log(bool,address)\", p0, p1));\n\t}\n\n\tfunction log(address p0, uint256 p1) internal view {\n\t\t_sendLogPayload(abi.encodeWithSignature(\"log(address,uint256)\", p0, p1));\n\t}\n\n\tfunction log(address p0, string memory p1) internal view {\n\t\t_sendLogPayload(abi.encodeWithSignature(\"log(address,string)\", p0, p1));\n\t}\n\n\tfunction log(address p0, bool p1) internal view {\n\t\t_sendLogPayload(abi.encodeWithSignature(\"log(address,bool)\", p0, p1));\n\t}\n\n\tfunction log(address p0, address p1) internal view {\n\t\t_sendLogPayload(abi.encodeWithSignature(\"log(address,address)\", p0, p1));\n\t}\n\n\tfunction log(uint256 p0, uint256 p1, uint256 p2) internal view {\n\t\t_sendLogPayload(abi.encodeWithSignature(\"log(uint256,uint256,uint256)\", p0, p1, p2));\n\t}\n\n\tfunction log(uint256 p0, uint256 p1, string memory p2) internal view {\n\t\t_sendLogPayload(abi.encodeWithSignature(\"log(uint256,uint256,string)\", p0, p1, p2));\n\t}\n\n\tfunction log(uint256 p0, uint256 p1, bool p2) internal view {\n\t\t_sendLogPayload(abi.encodeWithSignature(\"log(uint256,uint256,bool)\", p0, p1, p2));\n\t}\n\n\tfunction log(uint256 p0, uint256 p1, address p2) internal view {\n\t\t_sendLogPayload(abi.encodeWithSignature(\"log(uint256,uint256,address)\", p0, p1, p2));\n\t}\n\n\tfunction log(uint256 p0, string memory p1, uint256 p2) internal view {\n\t\t_sendLogPayload(abi.encodeWithSignature(\"log(uint256,string,uint256)\", p0, p1, p2));\n\t}\n\n\tfunction log(uint256 p0, string memory p1, string memory p2) internal view {\n\t\t_sendLogPayload(abi.encodeWithSignature(\"log(uint256,string,string)\", p0, p1, p2));\n\t}\n\n\tfunction log(uint256 p0, string memory p1, bool p2) internal view {\n\t\t_sendLogPayload(abi.encodeWithSignature(\"log(uint256,string,bool)\", p0, p1, p2));\n\t}\n\n\tfunction log(uint256 p0, string memory p1, address p2) internal view {\n\t\t_sendLogPayload(abi.encodeWithSignature(\"log(uint256,string,address)\", p0, p1, p2));\n\t}\n\n\tfunction log(uint256 p0, bool p1, uint256 p2) internal view {\n\t\t_sendLogPayload(abi.encodeWithSignature(\"log(uint256,bool,uint256)\", p0, p1, p2));\n\t}\n\n\tfunction log(uint256 p0, bool p1, string memory p2) internal view {\n\t\t_sendLogPayload(abi.encodeWithSignature(\"log(uint256,bool,string)\", p0, p1, p2));\n\t}\n\n\tfunction log(uint256 p0, bool p1, bool p2) internal view {\n\t\t_sendLogPayload(abi.encodeWithSignature(\"log(uint256,bool,bool)\", p0, p1, p2));\n\t}\n\n\tfunction log(uint256 p0, bool p1, address p2) internal view {\n\t\t_sendLogPayload(abi.encodeWithSignature(\"log(uint256,bool,address)\", p0, p1, p2));\n\t}\n\n\tfunction log(uint256 p0, address p1, uint256 p2) internal view {\n\t\t_sendLogPayload(abi.encodeWithSignature(\"log(uint256,address,uint256)\", p0, p1, p2));\n\t}\n\n\tfunction log(uint256 p0, address p1, string memory p2) internal view {\n\t\t_sendLogPayload(abi.encodeWithSignature(\"log(uint256,address,string)\", p0, p1, p2));\n\t}\n\n\tfunction log(uint256 p0, address p1, bool p2) internal view {\n\t\t_sendLogPayload(abi.encodeWithSignature(\"log(uint256,address,bool)\", p0, p1, p2));\n\t}\n\n\tfunction log(uint256 p0, address p1, address p2) internal view {\n\t\t_sendLogPayload(abi.encodeWithSignature(\"log(uint256,address,address)\", p0, p1, p2));\n\t}\n\n\tfunction log(string memory p0, uint256 p1, uint256 p2) internal view {\n\t\t_sendLogPayload(abi.encodeWithSignature(\"log(string,uint256,uint256)\", p0, p1, p2));\n\t}\n\n\tfunction log(string memory p0, uint256 p1, string memory p2) internal view {\n\t\t_sendLogPayload(abi.encodeWithSignature(\"log(string,uint256,string)\", p0, p1, p2));\n\t}\n\n\tfunction log(string memory p0, uint256 p1, bool p2) internal view {\n\t\t_sendLogPayload(abi.encodeWithSignature(\"log(string,uint256,bool)\", p0, p1, p2));\n\t}\n\n\tfunction log(string memory p0, uint256 p1, address p2) internal view {\n\t\t_sendLogPayload(abi.encodeWithSignature(\"log(string,uint256,address)\", p0, p1, p2));\n\t}\n\n\tfunction log(string memory p0, string memory p1, uint256 p2) internal view {\n\t\t_sendLogPayload(abi.encodeWithSignature(\"log(string,string,uint256)\", p0, p1, p2));\n\t}\n\n\tfunction log(string memory p0, string memory p1, string memory p2) internal view {\n\t\t_sendLogPayload(abi.encodeWithSignature(\"log(string,string,string)\", p0, p1, p2));\n\t}\n\n\tfunction log(string memory p0, string memory p1, bool p2) internal view {\n\t\t_sendLogPayload(abi.encodeWithSignature(\"log(string,string,bool)\", p0, p1, p2));\n\t}\n\n\tfunction log(string memory p0, string memory p1, address p2) internal view {\n\t\t_sendLogPayload(abi.encodeWithSignature(\"log(string,string,address)\", p0, p1, p2));\n\t}\n\n\tfunction log(string memory p0, bool p1, uint256 p2) internal view {\n\t\t_sendLogPayload(abi.encodeWithSignature(\"log(string,bool,uint256)\", p0, p1, p2));\n\t}\n\n\tfunction log(string memory p0, bool p1, string memory p2) internal view {\n\t\t_sendLogPayload(abi.encodeWithSignature(\"log(string,bool,string)\", p0, p1, p2));\n\t}\n\n\tfunction log(string memory p0, bool p1, bool p2) internal view {\n\t\t_sendLogPayload(abi.encodeWithSignature(\"log(string,bool,bool)\", p0, p1, p2));\n\t}\n\n\tfunction log(string memory p0, bool p1, address p2) internal view {\n\t\t_sendLogPayload(abi.encodeWithSignature(\"log(string,bool,address)\", p0, p1, p2));\n\t}\n\n\tfunction log(string memory p0, address p1, uint256 p2) internal view {\n\t\t_sendLogPayload(abi.encodeWithSignature(\"log(string,address,uint256)\", p0, p1, p2));\n\t}\n\n\tfunction log(string memory p0, address p1, string memory p2) internal view {\n\t\t_sendLogPayload(abi.encodeWithSignature(\"log(string,address,string)\", p0, p1, p2));\n\t}\n\n\tfunction log(string memory p0, address p1, bool p2) internal view {\n\t\t_sendLogPayload(abi.encodeWithSignature(\"log(string,address,bool)\", p0, p1, p2));\n\t}\n\n\tfunction log(string memory p0, address p1, address p2) internal view {\n\t\t_sendLogPayload(abi.encodeWithSignature(\"log(string,address,address)\", p0, p1, p2));\n\t}\n\n\tfunction log(bool p0, uint256 p1, uint256 p2) internal view {\n\t\t_sendLogPayload(abi.encodeWithSignature(\"log(bool,uint256,uint256)\", p0, p1, p2));\n\t}\n\n\tfunction log(bool p0, uint256 p1, string memory p2) internal view {\n\t\t_sendLogPayload(abi.encodeWithSignature(\"log(bool,uint256,string)\", p0, p1, p2));\n\t}\n\n\tfunction log(bool p0, uint256 p1, bool p2) internal view {\n\t\t_sendLogPayload(abi.encodeWithSignature(\"log(bool,uint256,bool)\", p0, p1, p2));\n\t}\n\n\tfunction log(bool p0, uint256 p1, address p2) internal view {\n\t\t_sendLogPayload(abi.encodeWithSignature(\"log(bool,uint256,address)\", p0, p1, p2));\n\t}\n\n\tfunction log(bool p0, string memory p1, uint256 p2) internal view {\n\t\t_sendLogPayload(abi.encodeWithSignature(\"log(bool,string,uint256)\", p0, p1, p2));\n\t}\n\n\tfunction log(bool p0, string memory p1, string memory p2) internal view {\n\t\t_sendLogPayload(abi.encodeWithSignature(\"log(bool,string,string)\", p0, p1, p2));\n\t}\n\n\tfunction log(bool p0, string memory p1, bool p2) internal view {\n\t\t_sendLogPayload(abi.encodeWithSignature(\"log(bool,string,bool)\", p0, p1, p2));\n\t}\n\n\tfunction log(bool p0, string memory p1, address p2) internal view {\n\t\t_sendLogPayload(abi.encodeWithSignature(\"log(bool,string,address)\", p0, p1, p2));\n\t}\n\n\tfunction log(bool p0, bool p1, uint256 p2) internal view {\n\t\t_sendLogPayload(abi.encodeWithSignature(\"log(bool,bool,uint256)\", p0, p1, p2));\n\t}\n\n\tfunction log(bool p0, bool p1, string memory p2) internal view {\n\t\t_sendLogPayload(abi.encodeWithSignature(\"log(bool,bool,string)\", p0, p1, p2));\n\t}\n\n\tfunction log(bool p0, bool p1, bool p2) internal view {\n\t\t_sendLogPayload(abi.encodeWithSignature(\"log(bool,bool,bool)\", p0, p1, p2));\n\t}\n\n\tfunction log(bool p0, bool p1, address p2) internal view {\n\t\t_sendLogPayload(abi.encodeWithSignature(\"log(bool,bool,address)\", p0, p1, p2));\n\t}\n\n\tfunction log(bool p0, address p1, uint256 p2) internal view {\n\t\t_sendLogPayload(abi.encodeWithSignature(\"log(bool,address,uint256)\", p0, p1, p2));\n\t}\n\n\tfunction log(bool p0, address p1, string memory p2) internal view {\n\t\t_sendLogPayload(abi.encodeWithSignature(\"log(bool,address,string)\", p0, p1, p2));\n\t}\n\n\tfunction log(bool p0, address p1, bool p2) internal view {\n\t\t_sendLogPayload(abi.encodeWithSignature(\"log(bool,address,bool)\", p0, p1, p2));\n\t}\n\n\tfunction log(bool p0, address p1, address p2) internal view {\n\t\t_sendLogPayload(abi.encodeWithSignature(\"log(bool,address,address)\", p0, p1, p2));\n\t}\n\n\tfunction log(address p0, uint256 p1, uint256 p2) internal view {\n\t\t_sendLogPayload(abi.encodeWithSignature(\"log(address,uint256,uint256)\", p0, p1, p2));\n\t}\n\n\tfunction log(address p0, uint256 p1, string memory p2) internal view {\n\t\t_sendLogPayload(abi.encodeWithSignature(\"log(address,uint256,string)\", p0, p1, p2));\n\t}\n\n\tfunction log(address p0, uint256 p1, bool p2) internal view {\n\t\t_sendLogPayload(abi.encodeWithSignature(\"log(address,uint256,bool)\", p0, p1, p2));\n\t}\n\n\tfunction log(address p0, uint256 p1, address p2) internal view {\n\t\t_sendLogPayload(abi.encodeWithSignature(\"log(address,uint256,address)\", p0, p1, p2));\n\t}\n\n\tfunction log(address p0, string memory p1, uint256 p2) internal view {\n\t\t_sendLogPayload(abi.encodeWithSignature(\"log(address,string,uint256)\", p0, p1, p2));\n\t}\n\n\tfunction log(address p0, string memory p1, string memory p2) internal view {\n\t\t_sendLogPayload(abi.encodeWithSignature(\"log(address,string,string)\", p0, p1, p2));\n\t}\n\n\tfunction log(address p0, string memory p1, bool p2) internal view {\n\t\t_sendLogPayload(abi.encodeWithSignature(\"log(address,string,bool)\", p0, p1, p2));\n\t}\n\n\tfunction log(address p0, string memory p1, address p2) internal view {\n\t\t_sendLogPayload(abi.encodeWithSignature(\"log(address,string,address)\", p0, p1, p2));\n\t}\n\n\tfunction log(address p0, bool p1, uint256 p2) internal view {\n\t\t_sendLogPayload(abi.encodeWithSignature(\"log(address,bool,uint256)\", p0, p1, p2));\n\t}\n\n\tfunction log(address p0, bool p1, string memory p2) internal view {\n\t\t_sendLogPayload(abi.encodeWithSignature(\"log(address,bool,string)\", p0, p1, p2));\n\t}\n\n\tfunction log(address p0, bool p1, bool p2) internal view {\n\t\t_sendLogPayload(abi.encodeWithSignature(\"log(address,bool,bool)\", p0, p1, p2));\n\t}\n\n\tfunction log(address p0, bool p1, address p2) internal view {\n\t\t_sendLogPayload(abi.encodeWithSignature(\"log(address,bool,address)\", p0, p1, p2));\n\t}\n\n\tfunction log(address p0, address p1, uint256 p2) internal view {\n\t\t_sendLogPayload(abi.encodeWithSignature(\"log(address,address,uint256)\", p0, p1, p2));\n\t}\n\n\tfunction log(address p0, address p1, string memory p2) internal view {\n\t\t_sendLogPayload(abi.encodeWithSignature(\"log(address,address,string)\", p0, p1, p2));\n\t}\n\n\tfunction log(address p0, address p1, bool p2) internal view {\n\t\t_sendLogPayload(abi.encodeWithSignature(\"log(address,address,bool)\", p0, p1, p2));\n\t}\n\n\tfunction log(address p0, address p1, address p2) internal view {\n\t\t_sendLogPayload(abi.encodeWithSignature(\"log(address,address,address)\", p0, p1, p2));\n\t}\n\n\tfunction log(uint256 p0, uint256 p1, uint256 p2, uint256 p3) internal view {\n\t\t_sendLogPayload(abi.encodeWithSignature(\"log(uint256,uint256,uint256,uint256)\", p0, p1, p2, p3));\n\t}\n\n\tfunction log(uint256 p0, uint256 p1, uint256 p2, string memory p3) internal view {\n\t\t_sendLogPayload(abi.encodeWithSignature(\"log(uint256,uint256,uint256,string)\", p0, p1, p2, p3));\n\t}\n\n\tfunction log(uint256 p0, uint256 p1, uint256 p2, bool p3) internal view {\n\t\t_sendLogPayload(abi.encodeWithSignature(\"log(uint256,uint256,uint256,bool)\", p0, p1, p2, p3));\n\t}\n\n\tfunction log(uint256 p0, uint256 p1, uint256 p2, address p3) internal view {\n\t\t_sendLogPayload(abi.encodeWithSignature(\"log(uint256,uint256,uint256,address)\", p0, p1, p2, p3));\n\t}\n\n\tfunction log(uint256 p0, uint256 p1, string memory p2, uint256 p3) internal view {\n\t\t_sendLogPayload(abi.encodeWithSignature(\"log(uint256,uint256,string,uint256)\", p0, p1, p2, p3));\n\t}\n\n\tfunction log(uint256 p0, uint256 p1, string memory p2, string memory p3) internal view {\n\t\t_sendLogPayload(abi.encodeWithSignature(\"log(uint256,uint256,string,string)\", p0, p1, p2, p3));\n\t}\n\n\tfunction log(uint256 p0, uint256 p1, string memory p2, bool p3) internal view {\n\t\t_sendLogPayload(abi.encodeWithSignature(\"log(uint256,uint256,string,bool)\", p0, p1, p2, p3));\n\t}\n\n\tfunction log(uint256 p0, uint256 p1, string memory p2, address p3) internal view {\n\t\t_sendLogPayload(abi.encodeWithSignature(\"log(uint256,uint256,string,address)\", p0, p1, p2, p3));\n\t}\n\n\tfunction log(uint256 p0, uint256 p1, bool p2, uint256 p3) internal view {\n\t\t_sendLogPayload(abi.encodeWithSignature(\"log(uint256,uint256,bool,uint256)\", p0, p1, p2, p3));\n\t}\n\n\tfunction log(uint256 p0, uint256 p1, bool p2, string memory p3) internal view {\n\t\t_sendLogPayload(abi.encodeWithSignature(\"log(uint256,uint256,bool,string)\", p0, p1, p2, p3));\n\t}\n\n\tfunction log(uint256 p0, uint256 p1, bool p2, bool p3) internal view {\n\t\t_sendLogPayload(abi.encodeWithSignature(\"log(uint256,uint256,bool,bool)\", p0, p1, p2, p3));\n\t}\n\n\tfunction log(uint256 p0, uint256 p1, bool p2, address p3) internal view {\n\t\t_sendLogPayload(abi.encodeWithSignature(\"log(uint256,uint256,bool,address)\", p0, p1, p2, p3));\n\t}\n\n\tfunction log(uint256 p0, uint256 p1, address p2, uint256 p3) internal view {\n\t\t_sendLogPayload(abi.encodeWithSignature(\"log(uint256,uint256,address,uint256)\", p0, p1, p2, p3));\n\t}\n\n\tfunction log(uint256 p0, uint256 p1, address p2, string memory p3) internal view {\n\t\t_sendLogPayload(abi.encodeWithSignature(\"log(uint256,uint256,address,string)\", p0, p1, p2, p3));\n\t}\n\n\tfunction log(uint256 p0, uint256 p1, address p2, bool p3) internal view {\n\t\t_sendLogPayload(abi.encodeWithSignature(\"log(uint256,uint256,address,bool)\", p0, p1, p2, p3));\n\t}\n\n\tfunction log(uint256 p0, uint256 p1, address p2, address p3) internal view {\n\t\t_sendLogPayload(abi.encodeWithSignature(\"log(uint256,uint256,address,address)\", p0, p1, p2, p3));\n\t}\n\n\tfunction log(uint256 p0, string memory p1, uint256 p2, uint256 p3) internal view {\n\t\t_sendLogPayload(abi.encodeWithSignature(\"log(uint256,string,uint256,uint256)\", p0, p1, p2, p3));\n\t}\n\n\tfunction log(uint256 p0, string memory p1, uint256 p2, string memory p3) internal view {\n\t\t_sendLogPayload(abi.encodeWithSignature(\"log(uint256,string,uint256,string)\", p0, p1, p2, p3));\n\t}\n\n\tfunction log(uint256 p0, string memory p1, uint256 p2, bool p3) internal view {\n\t\t_sendLogPayload(abi.encodeWithSignature(\"log(uint256,string,uint256,bool)\", p0, p1, p2, p3));\n\t}\n\n\tfunction log(uint256 p0, string memory p1, uint256 p2, address p3) internal view {\n\t\t_sendLogPayload(abi.encodeWithSignature(\"log(uint256,string,uint256,address)\", p0, p1, p2, p3));\n\t}\n\n\tfunction log(uint256 p0, string memory p1, string memory p2, uint256 p3) internal view {\n\t\t_sendLogPayload(abi.encodeWithSignature(\"log(uint256,string,string,uint256)\", p0, p1, p2, p3));\n\t}\n\n\tfunction log(uint256 p0, string memory p1, string memory p2, string memory p3) internal view {\n\t\t_sendLogPayload(abi.encodeWithSignature(\"log(uint256,string,string,string)\", p0, p1, p2, p3));\n\t}\n\n\tfunction log(uint256 p0, string memory p1, string memory p2, bool p3) internal view {\n\t\t_sendLogPayload(abi.encodeWithSignature(\"log(uint256,string,string,bool)\", p0, p1, p2, p3));\n\t}\n\n\tfunction log(uint256 p0, string memory p1, string memory p2, address p3) internal view {\n\t\t_sendLogPayload(abi.encodeWithSignature(\"log(uint256,string,string,address)\", p0, p1, p2, p3));\n\t}\n\n\tfunction log(uint256 p0, string memory p1, bool p2, uint256 p3) internal view {\n\t\t_sendLogPayload(abi.encodeWithSignature(\"log(uint256,string,bool,uint256)\", p0, p1, p2, p3));\n\t}\n\n\tfunction log(uint256 p0, string memory p1, bool p2, string memory p3) internal view {\n\t\t_sendLogPayload(abi.encodeWithSignature(\"log(uint256,string,bool,string)\", p0, p1, p2, p3));\n\t}\n\n\tfunction log(uint256 p0, string memory p1, bool p2, bool p3) internal view {\n\t\t_sendLogPayload(abi.encodeWithSignature(\"log(uint256,string,bool,bool)\", p0, p1, p2, p3));\n\t}\n\n\tfunction log(uint256 p0, string memory p1, bool p2, address p3) internal view {\n\t\t_sendLogPayload(abi.encodeWithSignature(\"log(uint256,string,bool,address)\", p0, p1, p2, p3));\n\t}\n\n\tfunction log(uint256 p0, string memory p1, address p2, uint256 p3) internal view {\n\t\t_sendLogPayload(abi.encodeWithSignature(\"log(uint256,string,address,uint256)\", p0, p1, p2, p3));\n\t}\n\n\tfunction log(uint256 p0, string memory p1, address p2, string memory p3) internal view {\n\t\t_sendLogPayload(abi.encodeWithSignature(\"log(uint256,string,address,string)\", p0, p1, p2, p3));\n\t}\n\n\tfunction log(uint256 p0, string memory p1, address p2, bool p3) internal view {\n\t\t_sendLogPayload(abi.encodeWithSignature(\"log(uint256,string,address,bool)\", p0, p1, p2, p3));\n\t}\n\n\tfunction log(uint256 p0, string memory p1, address p2, address p3) internal view {\n\t\t_sendLogPayload(abi.encodeWithSignature(\"log(uint256,string,address,address)\", p0, p1, p2, p3));\n\t}\n\n\tfunction log(uint256 p0, bool p1, uint256 p2, uint256 p3) internal view {\n\t\t_sendLogPayload(abi.encodeWithSignature(\"log(uint256,bool,uint256,uint256)\", p0, p1, p2, p3));\n\t}\n\n\tfunction log(uint256 p0, bool p1, uint256 p2, string memory p3) internal view {\n\t\t_sendLogPayload(abi.encodeWithSignature(\"log(uint256,bool,uint256,string)\", p0, p1, p2, p3));\n\t}\n\n\tfunction log(uint256 p0, bool p1, uint256 p2, bool p3) internal view {\n\t\t_sendLogPayload(abi.encodeWithSignature(\"log(uint256,bool,uint256,bool)\", p0, p1, p2, p3));\n\t}\n\n\tfunction log(uint256 p0, bool p1, uint256 p2, address p3) internal view {\n\t\t_sendLogPayload(abi.encodeWithSignature(\"log(uint256,bool,uint256,address)\", p0, p1, p2, p3));\n\t}\n\n\tfunction log(uint256 p0, bool p1, string memory p2, uint256 p3) internal view {\n\t\t_sendLogPayload(abi.encodeWithSignature(\"log(uint256,bool,string,uint256)\", p0, p1, p2, p3));\n\t}\n\n\tfunction log(uint256 p0, bool p1, string memory p2, string memory p3) internal view {\n\t\t_sendLogPayload(abi.encodeWithSignature(\"log(uint256,bool,string,string)\", p0, p1, p2, p3));\n\t}\n\n\tfunction log(uint256 p0, bool p1, string memory p2, bool p3) internal view {\n\t\t_sendLogPayload(abi.encodeWithSignature(\"log(uint256,bool,string,bool)\", p0, p1, p2, p3));\n\t}\n\n\tfunction log(uint256 p0, bool p1, string memory p2, address p3) internal view {\n\t\t_sendLogPayload(abi.encodeWithSignature(\"log(uint256,bool,string,address)\", p0, p1, p2, p3));\n\t}\n\n\tfunction log(uint256 p0, bool p1, bool p2, uint256 p3) internal view {\n\t\t_sendLogPayload(abi.encodeWithSignature(\"log(uint256,bool,bool,uint256)\", p0, p1, p2, p3));\n\t}\n\n\tfunction log(uint256 p0, bool p1, bool p2, string memory p3) internal view {\n\t\t_sendLogPayload(abi.encodeWithSignature(\"log(uint256,bool,bool,string)\", p0, p1, p2, p3));\n\t}\n\n\tfunction log(uint256 p0, bool p1, bool p2, bool p3) internal view {\n\t\t_sendLogPayload(abi.encodeWithSignature(\"log(uint256,bool,bool,bool)\", p0, p1, p2, p3));\n\t}\n\n\tfunction log(uint256 p0, bool p1, bool p2, address p3) internal view {\n\t\t_sendLogPayload(abi.encodeWithSignature(\"log(uint256,bool,bool,address)\", p0, p1, p2, p3));\n\t}\n\n\tfunction log(uint256 p0, bool p1, address p2, uint256 p3) internal view {\n\t\t_sendLogPayload(abi.encodeWithSignature(\"log(uint256,bool,address,uint256)\", p0, p1, p2, p3));\n\t}\n\n\tfunction log(uint256 p0, bool p1, address p2, string memory p3) internal view {\n\t\t_sendLogPayload(abi.encodeWithSignature(\"log(uint256,bool,address,string)\", p0, p1, p2, p3));\n\t}\n\n\tfunction log(uint256 p0, bool p1, address p2, bool p3) internal view {\n\t\t_sendLogPayload(abi.encodeWithSignature(\"log(uint256,bool,address,bool)\", p0, p1, p2, p3));\n\t}\n\n\tfunction log(uint256 p0, bool p1, address p2, address p3) internal view {\n\t\t_sendLogPayload(abi.encodeWithSignature(\"log(uint256,bool,address,address)\", p0, p1, p2, p3));\n\t}\n\n\tfunction log(uint256 p0, address p1, uint256 p2, uint256 p3) internal view {\n\t\t_sendLogPayload(abi.encodeWithSignature(\"log(uint256,address,uint256,uint256)\", p0, p1, p2, p3));\n\t}\n\n\tfunction log(uint256 p0, address p1, uint256 p2, string memory p3) internal view {\n\t\t_sendLogPayload(abi.encodeWithSignature(\"log(uint256,address,uint256,string)\", p0, p1, p2, p3));\n\t}\n\n\tfunction log(uint256 p0, address p1, uint256 p2, bool p3) internal view {\n\t\t_sendLogPayload(abi.encodeWithSignature(\"log(uint256,address,uint256,bool)\", p0, p1, p2, p3));\n\t}\n\n\tfunction log(uint256 p0, address p1, uint256 p2, address p3) internal view {\n\t\t_sendLogPayload(abi.encodeWithSignature(\"log(uint256,address,uint256,address)\", p0, p1, p2, p3));\n\t}\n\n\tfunction log(uint256 p0, address p1, string memory p2, uint256 p3) internal view {\n\t\t_sendLogPayload(abi.encodeWithSignature(\"log(uint256,address,string,uint256)\", p0, p1, p2, p3));\n\t}\n\n\tfunction log(uint256 p0, address p1, string memory p2, string memory p3) internal view {\n\t\t_sendLogPayload(abi.encodeWithSignature(\"log(uint256,address,string,string)\", p0, p1, p2, p3));\n\t}\n\n\tfunction log(uint256 p0, address p1, string memory p2, bool p3) internal view {\n\t\t_sendLogPayload(abi.encodeWithSignature(\"log(uint256,address,string,bool)\", p0, p1, p2, p3));\n\t}\n\n\tfunction log(uint256 p0, address p1, string memory p2, address p3) internal view {\n\t\t_sendLogPayload(abi.encodeWithSignature(\"log(uint256,address,string,address)\", p0, p1, p2, p3));\n\t}\n\n\tfunction log(uint256 p0, address p1, bool p2, uint256 p3) internal view {\n\t\t_sendLogPayload(abi.encodeWithSignature(\"log(uint256,address,bool,uint256)\", p0, p1, p2, p3));\n\t}\n\n\tfunction log(uint256 p0, address p1, bool p2, string memory p3) internal view {\n\t\t_sendLogPayload(abi.encodeWithSignature(\"log(uint256,address,bool,string)\", p0, p1, p2, p3));\n\t}\n\n\tfunction log(uint256 p0, address p1, bool p2, bool p3) internal view {\n\t\t_sendLogPayload(abi.encodeWithSignature(\"log(uint256,address,bool,bool)\", p0, p1, p2, p3));\n\t}\n\n\tfunction log(uint256 p0, address p1, bool p2, address p3) internal view {\n\t\t_sendLogPayload(abi.encodeWithSignature(\"log(uint256,address,bool,address)\", p0, p1, p2, p3));\n\t}\n\n\tfunction log(uint256 p0, address p1, address p2, uint256 p3) internal view {\n\t\t_sendLogPayload(abi.encodeWithSignature(\"log(uint256,address,address,uint256)\", p0, p1, p2, p3));\n\t}\n\n\tfunction log(uint256 p0, address p1, address p2, string memory p3) internal view {\n\t\t_sendLogPayload(abi.encodeWithSignature(\"log(uint256,address,address,string)\", p0, p1, p2, p3));\n\t}\n\n\tfunction log(uint256 p0, address p1, address p2, bool p3) internal view {\n\t\t_sendLogPayload(abi.encodeWithSignature(\"log(uint256,address,address,bool)\", p0, p1, p2, p3));\n\t}\n\n\tfunction log(uint256 p0, address p1, address p2, address p3) internal view {\n\t\t_sendLogPayload(abi.encodeWithSignature(\"log(uint256,address,address,address)\", p0, p1, p2, p3));\n\t}\n\n\tfunction log(string memory p0, uint256 p1, uint256 p2, uint256 p3) internal view {\n\t\t_sendLogPayload(abi.encodeWithSignature(\"log(string,uint256,uint256,uint256)\", p0, p1, p2, p3));\n\t}\n\n\tfunction log(string memory p0, uint256 p1, uint256 p2, string memory p3) internal view {\n\t\t_sendLogPayload(abi.encodeWithSignature(\"log(string,uint256,uint256,string)\", p0, p1, p2, p3));\n\t}\n\n\tfunction log(string memory p0, uint256 p1, uint256 p2, bool p3) internal view {\n\t\t_sendLogPayload(abi.encodeWithSignature(\"log(string,uint256,uint256,bool)\", p0, p1, p2, p3));\n\t}\n\n\tfunction log(string memory p0, uint256 p1, uint256 p2, address p3) internal view {\n\t\t_sendLogPayload(abi.encodeWithSignature(\"log(string,uint256,uint256,address)\", p0, p1, p2, p3));\n\t}\n\n\tfunction log(string memory p0, uint256 p1, string memory p2, uint256 p3) internal view {\n\t\t_sendLogPayload(abi.encodeWithSignature(\"log(string,uint256,string,uint256)\", p0, p1, p2, p3));\n\t}\n\n\tfunction log(string memory p0, uint256 p1, string memory p2, string memory p3) internal view {\n\t\t_sendLogPayload(abi.encodeWithSignature(\"log(string,uint256,string,string)\", p0, p1, p2, p3));\n\t}\n\n\tfunction log(string memory p0, uint256 p1, string memory p2, bool p3) internal view {\n\t\t_sendLogPayload(abi.encodeWithSignature(\"log(string,uint256,string,bool)\", p0, p1, p2, p3));\n\t}\n\n\tfunction log(string memory p0, uint256 p1, string memory p2, address p3) internal view {\n\t\t_sendLogPayload(abi.encodeWithSignature(\"log(string,uint256,string,address)\", p0, p1, p2, p3));\n\t}\n\n\tfunction log(string memory p0, uint256 p1, bool p2, uint256 p3) internal view {\n\t\t_sendLogPayload(abi.encodeWithSignature(\"log(string,uint256,bool,uint256)\", p0, p1, p2, p3));\n\t}\n\n\tfunction log(string memory p0, uint256 p1, bool p2, string memory p3) internal view {\n\t\t_sendLogPayload(abi.encodeWithSignature(\"log(string,uint256,bool,string)\", p0, p1, p2, p3));\n\t}\n\n\tfunction log(string memory p0, uint256 p1, bool p2, bool p3) internal view {\n\t\t_sendLogPayload(abi.encodeWithSignature(\"log(string,uint256,bool,bool)\", p0, p1, p2, p3));\n\t}\n\n\tfunction log(string memory p0, uint256 p1, bool p2, address p3) internal view {\n\t\t_sendLogPayload(abi.encodeWithSignature(\"log(string,uint256,bool,address)\", p0, p1, p2, p3));\n\t}\n\n\tfunction log(string memory p0, uint256 p1, address p2, uint256 p3) internal view {\n\t\t_sendLogPayload(abi.encodeWithSignature(\"log(string,uint256,address,uint256)\", p0, p1, p2, p3));\n\t}\n\n\tfunction log(string memory p0, uint256 p1, address p2, string memory p3) internal view {\n\t\t_sendLogPayload(abi.encodeWithSignature(\"log(string,uint256,address,string)\", p0, p1, p2, p3));\n\t}\n\n\tfunction log(string memory p0, uint256 p1, address p2, bool p3) internal view {\n\t\t_sendLogPayload(abi.encodeWithSignature(\"log(string,uint256,address,bool)\", p0, p1, p2, p3));\n\t}\n\n\tfunction log(string memory p0, uint256 p1, address p2, address p3) internal view {\n\t\t_sendLogPayload(abi.encodeWithSignature(\"log(string,uint256,address,address)\", p0, p1, p2, p3));\n\t}\n\n\tfunction log(string memory p0, string memory p1, uint256 p2, uint256 p3) internal view {\n\t\t_sendLogPayload(abi.encodeWithSignature(\"log(string,string,uint256,uint256)\", p0, p1, p2, p3));\n\t}\n\n\tfunction log(string memory p0, string memory p1, uint256 p2, string memory p3) internal view {\n\t\t_sendLogPayload(abi.encodeWithSignature(\"log(string,string,uint256,string)\", p0, p1, p2, p3));\n\t}\n\n\tfunction log(string memory p0, string memory p1, uint256 p2, bool p3) internal view {\n\t\t_sendLogPayload(abi.encodeWithSignature(\"log(string,string,uint256,bool)\", p0, p1, p2, p3));\n\t}\n\n\tfunction log(string memory p0, string memory p1, uint256 p2, address p3) internal view {\n\t\t_sendLogPayload(abi.encodeWithSignature(\"log(string,string,uint256,address)\", p0, p1, p2, p3));\n\t}\n\n\tfunction log(string memory p0, string memory p1, string memory p2, uint256 p3) internal view {\n\t\t_sendLogPayload(abi.encodeWithSignature(\"log(string,string,string,uint256)\", p0, p1, p2, p3));\n\t}\n\n\tfunction log(string memory p0, string memory p1, string memory p2, string memory p3) internal view {\n\t\t_sendLogPayload(abi.encodeWithSignature(\"log(string,string,string,string)\", p0, p1, p2, p3));\n\t}\n\n\tfunction log(string memory p0, string memory p1, string memory p2, bool p3) internal view {\n\t\t_sendLogPayload(abi.encodeWithSignature(\"log(string,string,string,bool)\", p0, p1, p2, p3));\n\t}\n\n\tfunction log(string memory p0, string memory p1, string memory p2, address p3) internal view {\n\t\t_sendLogPayload(abi.encodeWithSignature(\"log(string,string,string,address)\", p0, p1, p2, p3));\n\t}\n\n\tfunction log(string memory p0, string memory p1, bool p2, uint256 p3) internal view {\n\t\t_sendLogPayload(abi.encodeWithSignature(\"log(string,string,bool,uint256)\", p0, p1, p2, p3));\n\t}\n\n\tfunction log(string memory p0, string memory p1, bool p2, string memory p3) internal view {\n\t\t_sendLogPayload(abi.encodeWithSignature(\"log(string,string,bool,string)\", p0, p1, p2, p3));\n\t}\n\n\tfunction log(string memory p0, string memory p1, bool p2, bool p3) internal view {\n\t\t_sendLogPayload(abi.encodeWithSignature(\"log(string,string,bool,bool)\", p0, p1, p2, p3));\n\t}\n\n\tfunction log(string memory p0, string memory p1, bool p2, address p3) internal view {\n\t\t_sendLogPayload(abi.encodeWithSignature(\"log(string,string,bool,address)\", p0, p1, p2, p3));\n\t}\n\n\tfunction log(string memory p0, string memory p1, address p2, uint256 p3) internal view {\n\t\t_sendLogPayload(abi.encodeWithSignature(\"log(string,string,address,uint256)\", p0, p1, p2, p3));\n\t}\n\n\tfunction log(string memory p0, string memory p1, address p2, string memory p3) internal view {\n\t\t_sendLogPayload(abi.encodeWithSignature(\"log(string,string,address,string)\", p0, p1, p2, p3));\n\t}\n\n\tfunction log(string memory p0, string memory p1, address p2, bool p3) internal view {\n\t\t_sendLogPayload(abi.encodeWithSignature(\"log(string,string,address,bool)\", p0, p1, p2, p3));\n\t}\n\n\tfunction log(string memory p0, string memory p1, address p2, address p3) internal view {\n\t\t_sendLogPayload(abi.encodeWithSignature(\"log(string,string,address,address)\", p0, p1, p2, p3));\n\t}\n\n\tfunction log(string memory p0, bool p1, uint256 p2, uint256 p3) internal view {\n\t\t_sendLogPayload(abi.encodeWithSignature(\"log(string,bool,uint256,uint256)\", p0, p1, p2, p3));\n\t}\n\n\tfunction log(string memory p0, bool p1, uint256 p2, string memory p3) internal view {\n\t\t_sendLogPayload(abi.encodeWithSignature(\"log(string,bool,uint256,string)\", p0, p1, p2, p3));\n\t}\n\n\tfunction log(string memory p0, bool p1, uint256 p2, bool p3) internal view {\n\t\t_sendLogPayload(abi.encodeWithSignature(\"log(string,bool,uint256,bool)\", p0, p1, p2, p3));\n\t}\n\n\tfunction log(string memory p0, bool p1, uint256 p2, address p3) internal view {\n\t\t_sendLogPayload(abi.encodeWithSignature(\"log(string,bool,uint256,address)\", p0, p1, p2, p3));\n\t}\n\n\tfunction log(string memory p0, bool p1, string memory p2, uint256 p3) internal view {\n\t\t_sendLogPayload(abi.encodeWithSignature(\"log(string,bool,string,uint256)\", p0, p1, p2, p3));\n\t}\n\n\tfunction log(string memory p0, bool p1, string memory p2, string memory p3) internal view {\n\t\t_sendLogPayload(abi.encodeWithSignature(\"log(string,bool,string,string)\", p0, p1, p2, p3));\n\t}\n\n\tfunction log(string memory p0, bool p1, string memory p2, bool p3) internal view {\n\t\t_sendLogPayload(abi.encodeWithSignature(\"log(string,bool,string,bool)\", p0, p1, p2, p3));\n\t}\n\n\tfunction log(string memory p0, bool p1, string memory p2, address p3) internal view {\n\t\t_sendLogPayload(abi.encodeWithSignature(\"log(string,bool,string,address)\", p0, p1, p2, p3));\n\t}\n\n\tfunction log(string memory p0, bool p1, bool p2, uint256 p3) internal view {\n\t\t_sendLogPayload(abi.encodeWithSignature(\"log(string,bool,bool,uint256)\", p0, p1, p2, p3));\n\t}\n\n\tfunction log(string memory p0, bool p1, bool p2, string memory p3) internal view {\n\t\t_sendLogPayload(abi.encodeWithSignature(\"log(string,bool,bool,string)\", p0, p1, p2, p3));\n\t}\n\n\tfunction log(string memory p0, bool p1, bool p2, bool p3) internal view {\n\t\t_sendLogPayload(abi.encodeWithSignature(\"log(string,bool,bool,bool)\", p0, p1, p2, p3));\n\t}\n\n\tfunction log(string memory p0, bool p1, bool p2, address p3) internal view {\n\t\t_sendLogPayload(abi.encodeWithSignature(\"log(string,bool,bool,address)\", p0, p1, p2, p3));\n\t}\n\n\tfunction log(string memory p0, bool p1, address p2, uint256 p3) internal view {\n\t\t_sendLogPayload(abi.encodeWithSignature(\"log(string,bool,address,uint256)\", p0, p1, p2, p3));\n\t}\n\n\tfunction log(string memory p0, bool p1, address p2, string memory p3) internal view {\n\t\t_sendLogPayload(abi.encodeWithSignature(\"log(string,bool,address,string)\", p0, p1, p2, p3));\n\t}\n\n\tfunction log(string memory p0, bool p1, address p2, bool p3) internal view {\n\t\t_sendLogPayload(abi.encodeWithSignature(\"log(string,bool,address,bool)\", p0, p1, p2, p3));\n\t}\n\n\tfunction log(string memory p0, bool p1, address p2, address p3) internal view {\n\t\t_sendLogPayload(abi.encodeWithSignature(\"log(string,bool,address,address)\", p0, p1, p2, p3));\n\t}\n\n\tfunction log(string memory p0, address p1, uint256 p2, uint256 p3) internal view {\n\t\t_sendLogPayload(abi.encodeWithSignature(\"log(string,address,uint256,uint256)\", p0, p1, p2, p3));\n\t}\n\n\tfunction log(string memory p0, address p1, uint256 p2, string memory p3) internal view {\n\t\t_sendLogPayload(abi.encodeWithSignature(\"log(string,address,uint256,string)\", p0, p1, p2, p3));\n\t}\n\n\tfunction log(string memory p0, address p1, uint256 p2, bool p3) internal view {\n\t\t_sendLogPayload(abi.encodeWithSignature(\"log(string,address,uint256,bool)\", p0, p1, p2, p3));\n\t}\n\n\tfunction log(string memory p0, address p1, uint256 p2, address p3) internal view {\n\t\t_sendLogPayload(abi.encodeWithSignature(\"log(string,address,uint256,address)\", p0, p1, p2, p3));\n\t}\n\n\tfunction log(string memory p0, address p1, string memory p2, uint256 p3) internal view {\n\t\t_sendLogPayload(abi.encodeWithSignature(\"log(string,address,string,uint256)\", p0, p1, p2, p3));\n\t}\n\n\tfunction log(string memory p0, address p1, string memory p2, string memory p3) internal view {\n\t\t_sendLogPayload(abi.encodeWithSignature(\"log(string,address,string,string)\", p0, p1, p2, p3));\n\t}\n\n\tfunction log(string memory p0, address p1, string memory p2, bool p3) internal view {\n\t\t_sendLogPayload(abi.encodeWithSignature(\"log(string,address,string,bool)\", p0, p1, p2, p3));\n\t}\n\n\tfunction log(string memory p0, address p1, string memory p2, address p3) internal view {\n\t\t_sendLogPayload(abi.encodeWithSignature(\"log(string,address,string,address)\", p0, p1, p2, p3));\n\t}\n\n\tfunction log(string memory p0, address p1, bool p2, uint256 p3) internal view {\n\t\t_sendLogPayload(abi.encodeWithSignature(\"log(string,address,bool,uint256)\", p0, p1, p2, p3));\n\t}\n\n\tfunction log(string memory p0, address p1, bool p2, string memory p3) internal view {\n\t\t_sendLogPayload(abi.encodeWithSignature(\"log(string,address,bool,string)\", p0, p1, p2, p3));\n\t}\n\n\tfunction log(string memory p0, address p1, bool p2, bool p3) internal view {\n\t\t_sendLogPayload(abi.encodeWithSignature(\"log(string,address,bool,bool)\", p0, p1, p2, p3));\n\t}\n\n\tfunction log(string memory p0, address p1, bool p2, address p3) internal view {\n\t\t_sendLogPayload(abi.encodeWithSignature(\"log(string,address,bool,address)\", p0, p1, p2, p3));\n\t}\n\n\tfunction log(string memory p0, address p1, address p2, uint256 p3) internal view {\n\t\t_sendLogPayload(abi.encodeWithSignature(\"log(string,address,address,uint256)\", p0, p1, p2, p3));\n\t}\n\n\tfunction log(string memory p0, address p1, address p2, string memory p3) internal view {\n\t\t_sendLogPayload(abi.encodeWithSignature(\"log(string,address,address,string)\", p0, p1, p2, p3));\n\t}\n\n\tfunction log(string memory p0, address p1, address p2, bool p3) internal view {\n\t\t_sendLogPayload(abi.encodeWithSignature(\"log(string,address,address,bool)\", p0, p1, p2, p3));\n\t}\n\n\tfunction log(string memory p0, address p1, address p2, address p3) internal view {\n\t\t_sendLogPayload(abi.encodeWithSignature(\"log(string,address,address,address)\", p0, p1, p2, p3));\n\t}\n\n\tfunction log(bool p0, uint256 p1, uint256 p2, uint256 p3) internal view {\n\t\t_sendLogPayload(abi.encodeWithSignature(\"log(bool,uint256,uint256,uint256)\", p0, p1, p2, p3));\n\t}\n\n\tfunction log(bool p0, uint256 p1, uint256 p2, string memory p3) internal view {\n\t\t_sendLogPayload(abi.encodeWithSignature(\"log(bool,uint256,uint256,string)\", p0, p1, p2, p3));\n\t}\n\n\tfunction log(bool p0, uint256 p1, uint256 p2, bool p3) internal view {\n\t\t_sendLogPayload(abi.encodeWithSignature(\"log(bool,uint256,uint256,bool)\", p0, p1, p2, p3));\n\t}\n\n\tfunction log(bool p0, uint256 p1, uint256 p2, address p3) internal view {\n\t\t_sendLogPayload(abi.encodeWithSignature(\"log(bool,uint256,uint256,address)\", p0, p1, p2, p3));\n\t}\n\n\tfunction log(bool p0, uint256 p1, string memory p2, uint256 p3) internal view {\n\t\t_sendLogPayload(abi.encodeWithSignature(\"log(bool,uint256,string,uint256)\", p0, p1, p2, p3));\n\t}\n\n\tfunction log(bool p0, uint256 p1, string memory p2, string memory p3) internal view {\n\t\t_sendLogPayload(abi.encodeWithSignature(\"log(bool,uint256,string,string)\", p0, p1, p2, p3));\n\t}\n\n\tfunction log(bool p0, uint256 p1, string memory p2, bool p3) internal view {\n\t\t_sendLogPayload(abi.encodeWithSignature(\"log(bool,uint256,string,bool)\", p0, p1, p2, p3));\n\t}\n\n\tfunction log(bool p0, uint256 p1, string memory p2, address p3) internal view {\n\t\t_sendLogPayload(abi.encodeWithSignature(\"log(bool,uint256,string,address)\", p0, p1, p2, p3));\n\t}\n\n\tfunction log(bool p0, uint256 p1, bool p2, uint256 p3) internal view {\n\t\t_sendLogPayload(abi.encodeWithSignature(\"log(bool,uint256,bool,uint256)\", p0, p1, p2, p3));\n\t}\n\n\tfunction log(bool p0, uint256 p1, bool p2, string memory p3) internal view {\n\t\t_sendLogPayload(abi.encodeWithSignature(\"log(bool,uint256,bool,string)\", p0, p1, p2, p3));\n\t}\n\n\tfunction log(bool p0, uint256 p1, bool p2, bool p3) internal view {\n\t\t_sendLogPayload(abi.encodeWithSignature(\"log(bool,uint256,bool,bool)\", p0, p1, p2, p3));\n\t}\n\n\tfunction log(bool p0, uint256 p1, bool p2, address p3) internal view {\n\t\t_sendLogPayload(abi.encodeWithSignature(\"log(bool,uint256,bool,address)\", p0, p1, p2, p3));\n\t}\n\n\tfunction log(bool p0, uint256 p1, address p2, uint256 p3) internal view {\n\t\t_sendLogPayload(abi.encodeWithSignature(\"log(bool,uint256,address,uint256)\", p0, p1, p2, p3));\n\t}\n\n\tfunction log(bool p0, uint256 p1, address p2, string memory p3) internal view {\n\t\t_sendLogPayload(abi.encodeWithSignature(\"log(bool,uint256,address,string)\", p0, p1, p2, p3));\n\t}\n\n\tfunction log(bool p0, uint256 p1, address p2, bool p3) internal view {\n\t\t_sendLogPayload(abi.encodeWithSignature(\"log(bool,uint256,address,bool)\", p0, p1, p2, p3));\n\t}\n\n\tfunction log(bool p0, uint256 p1, address p2, address p3) internal view {\n\t\t_sendLogPayload(abi.encodeWithSignature(\"log(bool,uint256,address,address)\", p0, p1, p2, p3));\n\t}\n\n\tfunction log(bool p0, string memory p1, uint256 p2, uint256 p3) internal view {\n\t\t_sendLogPayload(abi.encodeWithSignature(\"log(bool,string,uint256,uint256)\", p0, p1, p2, p3));\n\t}\n\n\tfunction log(bool p0, string memory p1, uint256 p2, string memory p3) internal view {\n\t\t_sendLogPayload(abi.encodeWithSignature(\"log(bool,string,uint256,string)\", p0, p1, p2, p3));\n\t}\n\n\tfunction log(bool p0, string memory p1, uint256 p2, bool p3) internal view {\n\t\t_sendLogPayload(abi.encodeWithSignature(\"log(bool,string,uint256,bool)\", p0, p1, p2, p3));\n\t}\n\n\tfunction log(bool p0, string memory p1, uint256 p2, address p3) internal view {\n\t\t_sendLogPayload(abi.encodeWithSignature(\"log(bool,string,uint256,address)\", p0, p1, p2, p3));\n\t}\n\n\tfunction log(bool p0, string memory p1, string memory p2, uint256 p3) internal view {\n\t\t_sendLogPayload(abi.encodeWithSignature(\"log(bool,string,string,uint256)\", p0, p1, p2, p3));\n\t}\n\n\tfunction log(bool p0, string memory p1, string memory p2, string memory p3) internal view {\n\t\t_sendLogPayload(abi.encodeWithSignature(\"log(bool,string,string,string)\", p0, p1, p2, p3));\n\t}\n\n\tfunction log(bool p0, string memory p1, string memory p2, bool p3) internal view {\n\t\t_sendLogPayload(abi.encodeWithSignature(\"log(bool,string,string,bool)\", p0, p1, p2, p3));\n\t}\n\n\tfunction log(bool p0, string memory p1, string memory p2, address p3) internal view {\n\t\t_sendLogPayload(abi.encodeWithSignature(\"log(bool,string,string,address)\", p0, p1, p2, p3));\n\t}\n\n\tfunction log(bool p0, string memory p1, bool p2, uint256 p3) internal view {\n\t\t_sendLogPayload(abi.encodeWithSignature(\"log(bool,string,bool,uint256)\", p0, p1, p2, p3));\n\t}\n\n\tfunction log(bool p0, string memory p1, bool p2, string memory p3) internal view {\n\t\t_sendLogPayload(abi.encodeWithSignature(\"log(bool,string,bool,string)\", p0, p1, p2, p3));\n\t}\n\n\tfunction log(bool p0, string memory p1, bool p2, bool p3) internal view {\n\t\t_sendLogPayload(abi.encodeWithSignature(\"log(bool,string,bool,bool)\", p0, p1, p2, p3));\n\t}\n\n\tfunction log(bool p0, string memory p1, bool p2, address p3) internal view {\n\t\t_sendLogPayload(abi.encodeWithSignature(\"log(bool,string,bool,address)\", p0, p1, p2, p3));\n\t}\n\n\tfunction log(bool p0, string memory p1, address p2, uint256 p3) internal view {\n\t\t_sendLogPayload(abi.encodeWithSignature(\"log(bool,string,address,uint256)\", p0, p1, p2, p3));\n\t}\n\n\tfunction log(bool p0, string memory p1, address p2, string memory p3) internal view {\n\t\t_sendLogPayload(abi.encodeWithSignature(\"log(bool,string,address,string)\", p0, p1, p2, p3));\n\t}\n\n\tfunction log(bool p0, string memory p1, address p2, bool p3) internal view {\n\t\t_sendLogPayload(abi.encodeWithSignature(\"log(bool,string,address,bool)\", p0, p1, p2, p3));\n\t}\n\n\tfunction log(bool p0, string memory p1, address p2, address p3) internal view {\n\t\t_sendLogPayload(abi.encodeWithSignature(\"log(bool,string,address,address)\", p0, p1, p2, p3));\n\t}\n\n\tfunction log(bool p0, bool p1, uint256 p2, uint256 p3) internal view {\n\t\t_sendLogPayload(abi.encodeWithSignature(\"log(bool,bool,uint256,uint256)\", p0, p1, p2, p3));\n\t}\n\n\tfunction log(bool p0, bool p1, uint256 p2, string memory p3) internal view {\n\t\t_sendLogPayload(abi.encodeWithSignature(\"log(bool,bool,uint256,string)\", p0, p1, p2, p3));\n\t}\n\n\tfunction log(bool p0, bool p1, uint256 p2, bool p3) internal view {\n\t\t_sendLogPayload(abi.encodeWithSignature(\"log(bool,bool,uint256,bool)\", p0, p1, p2, p3));\n\t}\n\n\tfunction log(bool p0, bool p1, uint256 p2, address p3) internal view {\n\t\t_sendLogPayload(abi.encodeWithSignature(\"log(bool,bool,uint256,address)\", p0, p1, p2, p3));\n\t}\n\n\tfunction log(bool p0, bool p1, string memory p2, uint256 p3) internal view {\n\t\t_sendLogPayload(abi.encodeWithSignature(\"log(bool,bool,string,uint256)\", p0, p1, p2, p3));\n\t}\n\n\tfunction log(bool p0, bool p1, string memory p2, string memory p3) internal view {\n\t\t_sendLogPayload(abi.encodeWithSignature(\"log(bool,bool,string,string)\", p0, p1, p2, p3));\n\t}\n\n\tfunction log(bool p0, bool p1, string memory p2, bool p3) internal view {\n\t\t_sendLogPayload(abi.encodeWithSignature(\"log(bool,bool,string,bool)\", p0, p1, p2, p3));\n\t}\n\n\tfunction log(bool p0, bool p1, string memory p2, address p3) internal view {\n\t\t_sendLogPayload(abi.encodeWithSignature(\"log(bool,bool,string,address)\", p0, p1, p2, p3));\n\t}\n\n\tfunction log(bool p0, bool p1, bool p2, uint256 p3) internal view {\n\t\t_sendLogPayload(abi.encodeWithSignature(\"log(bool,bool,bool,uint256)\", p0, p1, p2, p3));\n\t}\n\n\tfunction log(bool p0, bool p1, bool p2, string memory p3) internal view {\n\t\t_sendLogPayload(abi.encodeWithSignature(\"log(bool,bool,bool,string)\", p0, p1, p2, p3));\n\t}\n\n\tfunction log(bool p0, bool p1, bool p2, bool p3) internal view {\n\t\t_sendLogPayload(abi.encodeWithSignature(\"log(bool,bool,bool,bool)\", p0, p1, p2, p3));\n\t}\n\n\tfunction log(bool p0, bool p1, bool p2, address p3) internal view {\n\t\t_sendLogPayload(abi.encodeWithSignature(\"log(bool,bool,bool,address)\", p0, p1, p2, p3));\n\t}\n\n\tfunction log(bool p0, bool p1, address p2, uint256 p3) internal view {\n\t\t_sendLogPayload(abi.encodeWithSignature(\"log(bool,bool,address,uint256)\", p0, p1, p2, p3));\n\t}\n\n\tfunction log(bool p0, bool p1, address p2, string memory p3) internal view {\n\t\t_sendLogPayload(abi.encodeWithSignature(\"log(bool,bool,address,string)\", p0, p1, p2, p3));\n\t}\n\n\tfunction log(bool p0, bool p1, address p2, bool p3) internal view {\n\t\t_sendLogPayload(abi.encodeWithSignature(\"log(bool,bool,address,bool)\", p0, p1, p2, p3));\n\t}\n\n\tfunction log(bool p0, bool p1, address p2, address p3) internal view {\n\t\t_sendLogPayload(abi.encodeWithSignature(\"log(bool,bool,address,address)\", p0, p1, p2, p3));\n\t}\n\n\tfunction log(bool p0, address p1, uint256 p2, uint256 p3) internal view {\n\t\t_sendLogPayload(abi.encodeWithSignature(\"log(bool,address,uint256,uint256)\", p0, p1, p2, p3));\n\t}\n\n\tfunction log(bool p0, address p1, uint256 p2, string memory p3) internal view {\n\t\t_sendLogPayload(abi.encodeWithSignature(\"log(bool,address,uint256,string)\", p0, p1, p2, p3));\n\t}\n\n\tfunction log(bool p0, address p1, uint256 p2, bool p3) internal view {\n\t\t_sendLogPayload(abi.encodeWithSignature(\"log(bool,address,uint256,bool)\", p0, p1, p2, p3));\n\t}\n\n\tfunction log(bool p0, address p1, uint256 p2, address p3) internal view {\n\t\t_sendLogPayload(abi.encodeWithSignature(\"log(bool,address,uint256,address)\", p0, p1, p2, p3));\n\t}\n\n\tfunction log(bool p0, address p1, string memory p2, uint256 p3) internal view {\n\t\t_sendLogPayload(abi.encodeWithSignature(\"log(bool,address,string,uint256)\", p0, p1, p2, p3));\n\t}\n\n\tfunction log(bool p0, address p1, string memory p2, string memory p3) internal view {\n\t\t_sendLogPayload(abi.encodeWithSignature(\"log(bool,address,string,string)\", p0, p1, p2, p3));\n\t}\n\n\tfunction log(bool p0, address p1, string memory p2, bool p3) internal view {\n\t\t_sendLogPayload(abi.encodeWithSignature(\"log(bool,address,string,bool)\", p0, p1, p2, p3));\n\t}\n\n\tfunction log(bool p0, address p1, string memory p2, address p3) internal view {\n\t\t_sendLogPayload(abi.encodeWithSignature(\"log(bool,address,string,address)\", p0, p1, p2, p3));\n\t}\n\n\tfunction log(bool p0, address p1, bool p2, uint256 p3) internal view {\n\t\t_sendLogPayload(abi.encodeWithSignature(\"log(bool,address,bool,uint256)\", p0, p1, p2, p3));\n\t}\n\n\tfunction log(bool p0, address p1, bool p2, string memory p3) internal view {\n\t\t_sendLogPayload(abi.encodeWithSignature(\"log(bool,address,bool,string)\", p0, p1, p2, p3));\n\t}\n\n\tfunction log(bool p0, address p1, bool p2, bool p3) internal view {\n\t\t_sendLogPayload(abi.encodeWithSignature(\"log(bool,address,bool,bool)\", p0, p1, p2, p3));\n\t}\n\n\tfunction log(bool p0, address p1, bool p2, address p3) internal view {\n\t\t_sendLogPayload(abi.encodeWithSignature(\"log(bool,address,bool,address)\", p0, p1, p2, p3));\n\t}\n\n\tfunction log(bool p0, address p1, address p2, uint256 p3) internal view {\n\t\t_sendLogPayload(abi.encodeWithSignature(\"log(bool,address,address,uint256)\", p0, p1, p2, p3));\n\t}\n\n\tfunction log(bool p0, address p1, address p2, string memory p3) internal view {\n\t\t_sendLogPayload(abi.encodeWithSignature(\"log(bool,address,address,string)\", p0, p1, p2, p3));\n\t}\n\n\tfunction log(bool p0, address p1, address p2, bool p3) internal view {\n\t\t_sendLogPayload(abi.encodeWithSignature(\"log(bool,address,address,bool)\", p0, p1, p2, p3));\n\t}\n\n\tfunction log(bool p0, address p1, address p2, address p3) internal view {\n\t\t_sendLogPayload(abi.encodeWithSignature(\"log(bool,address,address,address)\", p0, p1, p2, p3));\n\t}\n\n\tfunction log(address p0, uint256 p1, uint256 p2, uint256 p3) internal view {\n\t\t_sendLogPayload(abi.encodeWithSignature(\"log(address,uint256,uint256,uint256)\", p0, p1, p2, p3));\n\t}\n\n\tfunction log(address p0, uint256 p1, uint256 p2, string memory p3) internal view {\n\t\t_sendLogPayload(abi.encodeWithSignature(\"log(address,uint256,uint256,string)\", p0, p1, p2, p3));\n\t}\n\n\tfunction log(address p0, uint256 p1, uint256 p2, bool p3) internal view {\n\t\t_sendLogPayload(abi.encodeWithSignature(\"log(address,uint256,uint256,bool)\", p0, p1, p2, p3));\n\t}\n\n\tfunction log(address p0, uint256 p1, uint256 p2, address p3) internal view {\n\t\t_sendLogPayload(abi.encodeWithSignature(\"log(address,uint256,uint256,address)\", p0, p1, p2, p3));\n\t}\n\n\tfunction log(address p0, uint256 p1, string memory p2, uint256 p3) internal view {\n\t\t_sendLogPayload(abi.encodeWithSignature(\"log(address,uint256,string,uint256)\", p0, p1, p2, p3));\n\t}\n\n\tfunction log(address p0, uint256 p1, string memory p2, string memory p3) internal view {\n\t\t_sendLogPayload(abi.encodeWithSignature(\"log(address,uint256,string,string)\", p0, p1, p2, p3));\n\t}\n\n\tfunction log(address p0, uint256 p1, string memory p2, bool p3) internal view {\n\t\t_sendLogPayload(abi.encodeWithSignature(\"log(address,uint256,string,bool)\", p0, p1, p2, p3));\n\t}\n\n\tfunction log(address p0, uint256 p1, string memory p2, address p3) internal view {\n\t\t_sendLogPayload(abi.encodeWithSignature(\"log(address,uint256,string,address)\", p0, p1, p2, p3));\n\t}\n\n\tfunction log(address p0, uint256 p1, bool p2, uint256 p3) internal view {\n\t\t_sendLogPayload(abi.encodeWithSignature(\"log(address,uint256,bool,uint256)\", p0, p1, p2, p3));\n\t}\n\n\tfunction log(address p0, uint256 p1, bool p2, string memory p3) internal view {\n\t\t_sendLogPayload(abi.encodeWithSignature(\"log(address,uint256,bool,string)\", p0, p1, p2, p3));\n\t}\n\n\tfunction log(address p0, uint256 p1, bool p2, bool p3) internal view {\n\t\t_sendLogPayload(abi.encodeWithSignature(\"log(address,uint256,bool,bool)\", p0, p1, p2, p3));\n\t}\n\n\tfunction log(address p0, uint256 p1, bool p2, address p3) internal view {\n\t\t_sendLogPayload(abi.encodeWithSignature(\"log(address,uint256,bool,address)\", p0, p1, p2, p3));\n\t}\n\n\tfunction log(address p0, uint256 p1, address p2, uint256 p3) internal view {\n\t\t_sendLogPayload(abi.encodeWithSignature(\"log(address,uint256,address,uint256)\", p0, p1, p2, p3));\n\t}\n\n\tfunction log(address p0, uint256 p1, address p2, string memory p3) internal view {\n\t\t_sendLogPayload(abi.encodeWithSignature(\"log(address,uint256,address,string)\", p0, p1, p2, p3));\n\t}\n\n\tfunction log(address p0, uint256 p1, address p2, bool p3) internal view {\n\t\t_sendLogPayload(abi.encodeWithSignature(\"log(address,uint256,address,bool)\", p0, p1, p2, p3));\n\t}\n\n\tfunction log(address p0, uint256 p1, address p2, address p3) internal view {\n\t\t_sendLogPayload(abi.encodeWithSignature(\"log(address,uint256,address,address)\", p0, p1, p2, p3));\n\t}\n\n\tfunction log(address p0, string memory p1, uint256 p2, uint256 p3) internal view {\n\t\t_sendLogPayload(abi.encodeWithSignature(\"log(address,string,uint256,uint256)\", p0, p1, p2, p3));\n\t}\n\n\tfunction log(address p0, string memory p1, uint256 p2, string memory p3) internal view {\n\t\t_sendLogPayload(abi.encodeWithSignature(\"log(address,string,uint256,string)\", p0, p1, p2, p3));\n\t}\n\n\tfunction log(address p0, string memory p1, uint256 p2, bool p3) internal view {\n\t\t_sendLogPayload(abi.encodeWithSignature(\"log(address,string,uint256,bool)\", p0, p1, p2, p3));\n\t}\n\n\tfunction log(address p0, string memory p1, uint256 p2, address p3) internal view {\n\t\t_sendLogPayload(abi.encodeWithSignature(\"log(address,string,uint256,address)\", p0, p1, p2, p3));\n\t}\n\n\tfunction log(address p0, string memory p1, string memory p2, uint256 p3) internal view {\n\t\t_sendLogPayload(abi.encodeWithSignature(\"log(address,string,string,uint256)\", p0, p1, p2, p3));\n\t}\n\n\tfunction log(address p0, string memory p1, string memory p2, string memory p3) internal view {\n\t\t_sendLogPayload(abi.encodeWithSignature(\"log(address,string,string,string)\", p0, p1, p2, p3));\n\t}\n\n\tfunction log(address p0, string memory p1, string memory p2, bool p3) internal view {\n\t\t_sendLogPayload(abi.encodeWithSignature(\"log(address,string,string,bool)\", p0, p1, p2, p3));\n\t}\n\n\tfunction log(address p0, string memory p1, string memory p2, address p3) internal view {\n\t\t_sendLogPayload(abi.encodeWithSignature(\"log(address,string,string,address)\", p0, p1, p2, p3));\n\t}\n\n\tfunction log(address p0, string memory p1, bool p2, uint256 p3) internal view {\n\t\t_sendLogPayload(abi.encodeWithSignature(\"log(address,string,bool,uint256)\", p0, p1, p2, p3));\n\t}\n\n\tfunction log(address p0, string memory p1, bool p2, string memory p3) internal view {\n\t\t_sendLogPayload(abi.encodeWithSignature(\"log(address,string,bool,string)\", p0, p1, p2, p3));\n\t}\n\n\tfunction log(address p0, string memory p1, bool p2, bool p3) internal view {\n\t\t_sendLogPayload(abi.encodeWithSignature(\"log(address,string,bool,bool)\", p0, p1, p2, p3));\n\t}\n\n\tfunction log(address p0, string memory p1, bool p2, address p3) internal view {\n\t\t_sendLogPayload(abi.encodeWithSignature(\"log(address,string,bool,address)\", p0, p1, p2, p3));\n\t}\n\n\tfunction log(address p0, string memory p1, address p2, uint256 p3) internal view {\n\t\t_sendLogPayload(abi.encodeWithSignature(\"log(address,string,address,uint256)\", p0, p1, p2, p3));\n\t}\n\n\tfunction log(address p0, string memory p1, address p2, string memory p3) internal view {\n\t\t_sendLogPayload(abi.encodeWithSignature(\"log(address,string,address,string)\", p0, p1, p2, p3));\n\t}\n\n\tfunction log(address p0, string memory p1, address p2, bool p3) internal view {\n\t\t_sendLogPayload(abi.encodeWithSignature(\"log(address,string,address,bool)\", p0, p1, p2, p3));\n\t}\n\n\tfunction log(address p0, string memory p1, address p2, address p3) internal view {\n\t\t_sendLogPayload(abi.encodeWithSignature(\"log(address,string,address,address)\", p0, p1, p2, p3));\n\t}\n\n\tfunction log(address p0, bool p1, uint256 p2, uint256 p3) internal view {\n\t\t_sendLogPayload(abi.encodeWithSignature(\"log(address,bool,uint256,uint256)\", p0, p1, p2, p3));\n\t}\n\n\tfunction log(address p0, bool p1, uint256 p2, string memory p3) internal view {\n\t\t_sendLogPayload(abi.encodeWithSignature(\"log(address,bool,uint256,string)\", p0, p1, p2, p3));\n\t}\n\n\tfunction log(address p0, bool p1, uint256 p2, bool p3) internal view {\n\t\t_sendLogPayload(abi.encodeWithSignature(\"log(address,bool,uint256,bool)\", p0, p1, p2, p3));\n\t}\n\n\tfunction log(address p0, bool p1, uint256 p2, address p3) internal view {\n\t\t_sendLogPayload(abi.encodeWithSignature(\"log(address,bool,uint256,address)\", p0, p1, p2, p3));\n\t}\n\n\tfunction log(address p0, bool p1, string memory p2, uint256 p3) internal view {\n\t\t_sendLogPayload(abi.encodeWithSignature(\"log(address,bool,string,uint256)\", p0, p1, p2, p3));\n\t}\n\n\tfunction log(address p0, bool p1, string memory p2, string memory p3) internal view {\n\t\t_sendLogPayload(abi.encodeWithSignature(\"log(address,bool,string,string)\", p0, p1, p2, p3));\n\t}\n\n\tfunction log(address p0, bool p1, string memory p2, bool p3) internal view {\n\t\t_sendLogPayload(abi.encodeWithSignature(\"log(address,bool,string,bool)\", p0, p1, p2, p3));\n\t}\n\n\tfunction log(address p0, bool p1, string memory p2, address p3) internal view {\n\t\t_sendLogPayload(abi.encodeWithSignature(\"log(address,bool,string,address)\", p0, p1, p2, p3));\n\t}\n\n\tfunction log(address p0, bool p1, bool p2, uint256 p3) internal view {\n\t\t_sendLogPayload(abi.encodeWithSignature(\"log(address,bool,bool,uint256)\", p0, p1, p2, p3));\n\t}\n\n\tfunction log(address p0, bool p1, bool p2, string memory p3) internal view {\n\t\t_sendLogPayload(abi.encodeWithSignature(\"log(address,bool,bool,string)\", p0, p1, p2, p3));\n\t}\n\n\tfunction log(address p0, bool p1, bool p2, bool p3) internal view {\n\t\t_sendLogPayload(abi.encodeWithSignature(\"log(address,bool,bool,bool)\", p0, p1, p2, p3));\n\t}\n\n\tfunction log(address p0, bool p1, bool p2, address p3) internal view {\n\t\t_sendLogPayload(abi.encodeWithSignature(\"log(address,bool,bool,address)\", p0, p1, p2, p3));\n\t}\n\n\tfunction log(address p0, bool p1, address p2, uint256 p3) internal view {\n\t\t_sendLogPayload(abi.encodeWithSignature(\"log(address,bool,address,uint256)\", p0, p1, p2, p3));\n\t}\n\n\tfunction log(address p0, bool p1, address p2, string memory p3) internal view {\n\t\t_sendLogPayload(abi.encodeWithSignature(\"log(address,bool,address,string)\", p0, p1, p2, p3));\n\t}\n\n\tfunction log(address p0, bool p1, address p2, bool p3) internal view {\n\t\t_sendLogPayload(abi.encodeWithSignature(\"log(address,bool,address,bool)\", p0, p1, p2, p3));\n\t}\n\n\tfunction log(address p0, bool p1, address p2, address p3) internal view {\n\t\t_sendLogPayload(abi.encodeWithSignature(\"log(address,bool,address,address)\", p0, p1, p2, p3));\n\t}\n\n\tfunction log(address p0, address p1, uint256 p2, uint256 p3) internal view {\n\t\t_sendLogPayload(abi.encodeWithSignature(\"log(address,address,uint256,uint256)\", p0, p1, p2, p3));\n\t}\n\n\tfunction log(address p0, address p1, uint256 p2, string memory p3) internal view {\n\t\t_sendLogPayload(abi.encodeWithSignature(\"log(address,address,uint256,string)\", p0, p1, p2, p3));\n\t}\n\n\tfunction log(address p0, address p1, uint256 p2, bool p3) internal view {\n\t\t_sendLogPayload(abi.encodeWithSignature(\"log(address,address,uint256,bool)\", p0, p1, p2, p3));\n\t}\n\n\tfunction log(address p0, address p1, uint256 p2, address p3) internal view {\n\t\t_sendLogPayload(abi.encodeWithSignature(\"log(address,address,uint256,address)\", p0, p1, p2, p3));\n\t}\n\n\tfunction log(address p0, address p1, string memory p2, uint256 p3) internal view {\n\t\t_sendLogPayload(abi.encodeWithSignature(\"log(address,address,string,uint256)\", p0, p1, p2, p3));\n\t}\n\n\tfunction log(address p0, address p1, string memory p2, string memory p3) internal view {\n\t\t_sendLogPayload(abi.encodeWithSignature(\"log(address,address,string,string)\", p0, p1, p2, p3));\n\t}\n\n\tfunction log(address p0, address p1, string memory p2, bool p3) internal view {\n\t\t_sendLogPayload(abi.encodeWithSignature(\"log(address,address,string,bool)\", p0, p1, p2, p3));\n\t}\n\n\tfunction log(address p0, address p1, string memory p2, address p3) internal view {\n\t\t_sendLogPayload(abi.encodeWithSignature(\"log(address,address,string,address)\", p0, p1, p2, p3));\n\t}\n\n\tfunction log(address p0, address p1, bool p2, uint256 p3) internal view {\n\t\t_sendLogPayload(abi.encodeWithSignature(\"log(address,address,bool,uint256)\", p0, p1, p2, p3));\n\t}\n\n\tfunction log(address p0, address p1, bool p2, string memory p3) internal view {\n\t\t_sendLogPayload(abi.encodeWithSignature(\"log(address,address,bool,string)\", p0, p1, p2, p3));\n\t}\n\n\tfunction log(address p0, address p1, bool p2, bool p3) internal view {\n\t\t_sendLogPayload(abi.encodeWithSignature(\"log(address,address,bool,bool)\", p0, p1, p2, p3));\n\t}\n\n\tfunction log(address p0, address p1, bool p2, address p3) internal view {\n\t\t_sendLogPayload(abi.encodeWithSignature(\"log(address,address,bool,address)\", p0, p1, p2, p3));\n\t}\n\n\tfunction log(address p0, address p1, address p2, uint256 p3) internal view {\n\t\t_sendLogPayload(abi.encodeWithSignature(\"log(address,address,address,uint256)\", p0, p1, p2, p3));\n\t}\n\n\tfunction log(address p0, address p1, address p2, string memory p3) internal view {\n\t\t_sendLogPayload(abi.encodeWithSignature(\"log(address,address,address,string)\", p0, p1, p2, p3));\n\t}\n\n\tfunction log(address p0, address p1, address p2, bool p3) internal view {\n\t\t_sendLogPayload(abi.encodeWithSignature(\"log(address,address,address,bool)\", p0, p1, p2, p3));\n\t}\n\n\tfunction log(address p0, address p1, address p2, address p3) internal view {\n\t\t_sendLogPayload(abi.encodeWithSignature(\"log(address,address,address,address)\", p0, p1, p2, p3));\n\t}\n\n}\n"}}}