{"language": "Solidity", "sources": {"bool.sol": {"content": "pragma abicoder               v2;\n\ncontract C {\n    function gggg(bool x) external pure returns (bool) {\n        return x;\n    }\n    function f(uint256 a) external view returns (bool) {\n        bool x = false;\n        assembly { x := a }\n        return this.gggg(x);\n    }\n}\n// ----\n// f(uint256): 0 -> false\n// gggg(bool): 0 -> false # test validation as well as sanity check #\n// f(uint256): 1 -> true\n// gggg(bool): 1 -> true\n// f(uint256): 2 -> true\n// gggg(bool): 2 -> FAILURE\n// f(uint256): 0x1000 -> true\n// gggg(bool): 0x1000 -> FAILURE\n"}}, "settings": {"optimizer": {"enabled": true, "runs": 200}, "outputSelection": {"*": {"*": ["abi", "metadata", "evm.bytecode", "evm.deployedBytecode", "evm.methodIdentifiers", "evm.legacyAssembly", "evm.bytecode.opcodes", "yulCFGJson"]}}, "metadata": {"appendCBOR": false}, "viaIR": true}}