{"language": "Solidity", "sources": {"keccak256_multiple_arguments_with_numeric_literals.sol": {"content": "contract c {\n    function foo(uint256 a, uint16 b) public returns (bytes32 d) {\n        d = keccak256(abi.encodePacked(a, b, uint8(145)));\n    }\n}\n// ----\n// foo(uint256,uint16): 0xa, 0xc -> 0x88acd45f75907e7c560318bc1a5249850a0999c4896717b1167d05d116e6dbad\n"}}, "settings": {"optimizer": {"enabled": true, "runs": 200}, "outputSelection": {"*": {"*": ["abi", "metadata", "evm.bytecode", "evm.deployedBytecode", "evm.methodIdentifiers", "evm.legacyAssembly", "evm.bytecode.opcodes", "yulCFGJson"]}}, "metadata": {"appendCBOR": false}, "viaIR": true}}