{"language": "Solidity", "sources": {"abi_decode_simple_storage.sol": {"content": "contract C {\n    bytes data;\n\n    function f(bytes memory _data) public returns (uint256, bytes memory) {\n        data = _data;\n        return abi.decode(data, (uint256, bytes));\n    }\n}\n// ----\n// f(bytes): 0x20, 0x80, 0x21, 0x40, 0x7, \"abcdefg\" -> 0x21, 0x40, 0x7, \"abcdefg\"\n// gas irOptimized: 135499\n// gas legacy: 137095\n// gas legacyOptimized: 135823\n"}}, "settings": {"optimizer": {"enabled": true, "runs": 200}, "outputSelection": {"*": {"*": ["abi", "metadata", "evm.bytecode", "evm.deployedBytecode", "evm.methodIdentifiers", "evm.legacyAssembly", "evm.bytecode.opcodes", "yulCFGJson"]}}, "metadata": {"appendCBOR": false}, "viaIR": true}}