{"language": "Solidity", "sources": {"enums.sol": {"content": "pragma abicoder v1;\ncontract C {\n    enum E { A, B }\n    function f(E e) public pure returns (uint x) {\n        assembly { x := e }\n    }\n}\n// ====\n// ABIEncoderV1Only: true\n// compileViaYul: false\n// ----\n// f(uint8): 0 -> 0\n// f(uint8): 1 -> 1\n// f(uint8): 2 -> 2\n// f(uint8): 0xffffffffffffffffffffffffffffffffffffffffffffffffffffffffffffffff -> 0xff\n"}}, "settings": {"optimizer": {"enabled": true, "runs": 200}, "outputSelection": {"*": {"*": ["abi", "metadata", "evm.bytecode", "evm.deployedBytecode", "evm.methodIdentifiers", "evm.legacyAssembly", "evm.bytecode.opcodes", "yulCFGJson"]}}, "metadata": {"appendCBOR": false}, "viaIR": true}}