{"language": "Solidity", "sources": {"memory_dynamic_array_and_calldata_static_array.sol": {"content": "contract C {\n    function f(uint256[] memory a, uint256[1] calldata b) public returns (bytes memory) {\n        return abi.encode(a, b);\n    }\n\n    function g(uint256[] memory a, uint256[1] calldata b) external returns (bytes memory) {\n        return f(a, b);\n    }\n\n    function h(uint256[] memory a, uint256[1] calldata b) external returns (uint256[] memory, uint256[1] calldata) {\n        return (a, b);\n    }\n}\n// ----\n// f(uint256[],uint256[1]): 0x40, 0xff, 1, 0xffff -> 0x20, 0x80, 0x40, 0xff, 1, 0xffff\n// g(uint256[],uint256[1]): 0x40, 0xff, 1, 0xffff -> 0x20, 0x80, 0x40, 0xff, 1, 0xffff\n// h(uint256[],uint256[1]): 0x40, 0xff, 1, 0xffff -> 0x40, 0xff, 1, 0xffff\n"}}, "settings": {"optimizer": {"enabled": true, "runs": 200}, "outputSelection": {"*": {"*": ["abi", "metadata", "evm.bytecode", "evm.deployedBytecode", "evm.methodIdentifiers", "evm.legacyAssembly", "evm.bytecode.opcodes", "yulCFGJson"]}}, "metadata": {"appendCBOR": false}, "viaIR": true}}