{"language": "Solidity", "sources": {"calldata_2d_bytes_to_memory_2.sol": {"content": "pragma abicoder v2;\n\ncontract C {\n    function g(bytes[2] memory m) internal {\n        assert(m[0].length > 1);\n        assert(m[1].length > 1);\n        assert(m[0][0] == m[1][0]);\n        assert(m[0][1] == m[1][1]);\n    }\n    function f(bytes[2] calldata c) external {\n        g(c);\n    }\n}\n// ----\n// f(bytes[2]): 0x20, 0x40, 0x40, 2, \"ab\" ->\n// f(bytes[2]): 0x20, 0x40, 0x40, 1, \"a\" -> FAILURE, hex\"4e487b71\", 0x01\n"}}, "settings": {"optimizer": {"enabled": true, "runs": 200}, "outputSelection": {"*": {"*": ["abi", "metadata", "evm.bytecode", "evm.deployedBytecode", "evm.methodIdentifiers", "evm.legacyAssembly", "evm.bytecode.opcodes", "yulCFGJson"]}}, "metadata": {"appendCBOR": false}, "viaIR": true}}