{"language": "Solidity", "sources": {"sha256_empty.sol": {"content": "contract C {\n    function f() public returns (bytes32) {\n        return sha256(\"\");\n    }\n}\n// ----\n// f() -> 0xe3b0c44298fc1c149afbf4c8996fb92427ae41e4649b934ca495991b7852b855\n"}}, "settings": {"optimizer": {"enabled": true, "runs": 200}, "outputSelection": {"*": {"*": ["abi", "metadata", "evm.bytecode", "evm.deployedBytecode", "evm.methodIdentifiers", "evm.legacyAssembly", "evm.bytecode.opcodes", "yulCFGJson"]}}, "metadata": {"appendCBOR": false}, "viaIR": true}}