{"language": "Solidity", "sources": {"array_copy_storage_storage_dynamic_dynamic.sol": {"content": "contract c {\n    uint256[] data1;\n    uint256[] data2;\n\n    function test() public returns (uint256 x, uint256 y) {\n        data2.push(11);\n        data1.push(0);\n        data1.push(1);\n        data1.push(2);\n        data1.push(3);\n        data1.push(4);\n        data2 = data1;\n        assert(data1[0] == data2[0]);\n        x = data2.length;\n        y = data2[4];\n    }\n}\n// ----\n// test() -> 5, 4\n// gas irOptimized: 253591\n// gas legacy: 250892\n// gas legacyOptimized: 250045\n"}}, "settings": {"optimizer": {"enabled": true, "runs": 200}, "outputSelection": {"*": {"*": ["abi", "metadata", "evm.bytecode", "evm.deployedBytecode", "evm.methodIdentifiers", "evm.legacyAssembly", "evm.bytecode.opcodes", "yulCFGJson"]}}, "metadata": {"appendCBOR": false}, "viaIR": true}}