{"language": "Solidity", "sources": {"calldata_array_dynamic_static_dynamic.sol": {"content": "pragma abicoder               v2;\n\ncontract C {\n    function f(uint8[][1][] calldata s) external pure returns (bytes memory) {\n        return msg.data;\n    }\n    function f2(uint256[][2][] calldata s) external pure returns (bytes memory) {\n        return msg.data;\n    }\n    function reenc_f(uint8[][1][] calldata s) external view returns (bytes memory) {\n        return this.f(s);\n    }\n    function reenc_f2(uint256[][2][] calldata s) external view returns (bytes memory) {\n        return this.f2(s);\n    }\n    function g() external returns (bytes memory) {\n        uint8[][1][] memory m = new uint8[][1][](1);\n        m[0][0] = new uint8[](1);\n        m[0][0][0] = 42;\n        return this.f(m);\n    }\n    function h() external returns (bytes memory) {\n        uint8[][1][] memory m = new uint8[][1][](1);\n        m[0][0] = new uint8[](1);\n        m[0][0][0] = 42;\n        return this.reenc_f(m);\n    }\n    function i() external returns (bytes memory) {\n        uint256[][2][] memory m = new uint256[][2][](1);\n        m[0][0] = new uint256[](1);\n        m[0][1] = new uint256[](1);\n        m[0][0][0] = 42;\n        m[0][1][0] = 42;\n        return this.f2(m);\n    }\n    function j() external returns (bytes memory) {\n        uint256[][2][] memory m = new uint256[][2][](1);\n        m[0][0] = new uint256[](1);\n        m[0][1] = new uint256[](1);\n        m[0][0][0] = 42;\n        m[0][1][0] = 42;\n        return this.reenc_f2(m);\n    }\n}\n// ====\n// EVMVersion: >homestead\n// ----\n// g() -> 32, 196, hex\"eccb829a\", 32, 1, 32, 32, 1, 42, hex\"00000000000000000000000000000000000000000000000000000000\"\n// h() -> 32, 196, hex\"eccb829a\", 32, 1, 32, 32, 1, 42, hex\"00000000000000000000000000000000000000000000000000000000\"\n"}}, "settings": {"optimizer": {"enabled": true, "runs": 200}, "outputSelection": {"*": {"*": ["abi", "metadata", "evm.bytecode", "evm.deployedBytecode", "evm.methodIdentifiers", "evm.legacyAssembly", "evm.bytecode.opcodes", "yulCFGJson"]}}, "metadata": {"appendCBOR": false}, "viaIR": true}}