{"language": "Solidity", "sources": {"static_array.sol": {"content": "pragma abicoder               v2;\n\ncontract C {\n    function gggggggg(uint8[2] calldata s) external pure returns (bytes memory) {\n        s[0]; // only this will validate.\n        return msg.data;\n    }\n    function f(uint256 a, uint256 b) public returns (bytes memory) {\n        uint8[2] memory m = [0,0];\n        assembly {\n            mstore(m, a)\n            mstore(add(m, 0x20), b)\n        }\n        return this.gggggggg(m);\n    }\n}\n// ====\n// EVMVersion: >homestead\n// ----\n// f(uint256,uint256): 1, 1 -> 0x20, 0x44, hex\"78b86ac6\", 1, 1, hex\"00000000000000000000000000000000000000000000000000000000\"\n// gggggggg(uint8[2]): 1, 1 -> 0x20, 0x44, hex\"78b86ac6\", 1, 1, hex\"00000000000000000000000000000000000000000000000000000000\"\n// f(uint256,uint256): 0x0101, 0x0101 -> 0x20, 0x44, hex\"78b86ac6\", 1, 1, hex\"00000000000000000000000000000000000000000000000000000000\"\n// gggggggg(uint8[2]): 0x0101, 0x0101 -> FAILURE\n"}}, "settings": {"optimizer": {"enabled": true, "runs": 200}, "outputSelection": {"*": {"*": ["abi", "metadata", "evm.bytecode", "evm.deployedBytecode", "evm.methodIdentifiers", "evm.legacyAssembly", "evm.bytecode.opcodes", "yulCFGJson"]}}, "metadata": {"appendCBOR": false}, "viaIR": true}}