{"language": "Solidity", "sources": {"contracts/CometConfiguration.sol": {"content": "// SPDX-License-Identifier: BUSL-1.1\npragma solidity ^0.8.30;\n\n/**\n * @title Compound's Comet Configuration Interface\n * @author Compound\n */\ncontract CometConfiguration {\n    struct ExtConfiguration {\n        bytes32 name32;\n        bytes32 symbol32;\n    }\n\n    struct Configuration {\n        address governor;\n        address pauseGuardian;\n        address baseToken;\n        address baseTokenPriceFeed;\n        address extensionDelegate;\n\n        uint64 supplyKink;\n        uint64 supplyPerYearInterestRateSlopeLow;\n        uint64 supplyPerYearInterestRateSlopeHigh;\n        uint64 supplyPerYearInterestRateBase;\n        uint64 borrowKink;\n        uint64 borrowPerYearInterestRateSlopeLow;\n        uint64 borrowPerYearInterestRateSlopeHigh;\n        uint64 borrowPerYearInterestRateBase;\n        uint64 storeFrontPriceFactor;\n        uint64 trackingIndexScale;\n        uint64 baseTrackingSupplySpeed;\n        uint64 baseTrackingBorrowSpeed;\n        uint104 baseMinForRewards;\n        uint104 baseBorrowMin;\n        uint104 targetReserves;\n\n        AssetConfig[] assetConfigs;\n    }\n\n    struct AssetConfig {\n        address asset;\n        address priceFeed;\n        uint8 decimals;\n        uint64 borrowCollateralFactor;\n        uint64 liquidateCollateralFactor;\n        uint64 liquidationFactor;\n        uint128 supplyCap;\n    }\n}\n"}, "contracts/CometCore.sol": {"content": "// SPDX-License-Identifier: BUSL-1.1\npragma solidity ^0.8.30;\n\nimport \"./CometConfiguration.sol\";\nimport \"./CometStorage.sol\";\nimport \"./CometMath.sol\";\n\nabstract contract CometCore is CometConfiguration, CometStorage, CometMath {\n    struct AssetInfo {\n        uint8 offset;\n        address asset;\n        address priceFeed;\n        uint64 scale;\n        uint64 borrowCollateralFactor;\n        uint64 liquidateCollateralFactor;\n        uint64 liquidationFactor;\n        uint128 supplyCap;\n    }\n\n    /** Internal constants **/\n\n    /// @dev The max number of assets this contract is hardcoded to support\n    ///  Do not change this variable without updating all the fields throughout the contract,\n    //    including the size of UserBasic.assetsIn and corresponding integer conversions.\n    uint8 internal constant MAX_ASSETS = 15;\n\n    /// @dev The max number of decimals base token can have\n    ///  Note this cannot just be increased arbitrarily.\n    uint8 internal constant MAX_BASE_DECIMALS = 18;\n\n    /// @dev The max value for a collateral factor (1)\n    uint64 internal constant MAX_COLLATERAL_FACTOR = FACTOR_SCALE;\n\n    /// @dev Offsets for specific actions in the pause flag bit array\n    uint8 internal constant PAUSE_SUPPLY_OFFSET = 0;\n    uint8 internal constant PAUSE_TRANSFER_OFFSET = 1;\n    uint8 internal constant PAUSE_WITHDRAW_OFFSET = 2;\n    uint8 internal constant PAUSE_ABSORB_OFFSET = 3;\n    uint8 internal constant PAUSE_BUY_OFFSET = 4;\n\n    /// @dev The decimals required for a price feed\n    uint8 internal constant PRICE_FEED_DECIMALS = 8;\n\n    /// @dev 365 days * 24 hours * 60 minutes * 60 seconds\n    uint64 internal constant SECONDS_PER_YEAR = 31_536_000;\n\n    /// @dev The scale for base tracking accrual\n    uint64 internal constant BASE_ACCRUAL_SCALE = 1e6;\n\n    /// @dev The scale for base index (depends on time/rate scales, not base token)\n    uint64 internal constant BASE_INDEX_SCALE = 1e15;\n\n    /// @dev The scale for prices (in USD)\n    uint64 internal constant PRICE_SCALE = uint64(10 ** PRICE_FEED_DECIMALS);\n\n    /// @dev The scale for factors\n    uint64 internal constant FACTOR_SCALE = 1e18;\n\n    /**\n     * @notice Determine if the manager has permission to act on behalf of the owner\n     * @param owner The owner account\n     * @param manager The manager account\n     * @return Whether or not the manager has permission\n     */\n    function hasPermission(address owner, address manager) public view returns (bool) {\n        return owner == manager || isAllowed[owner][manager];\n    }\n\n    /**\n     * @dev The positive present supply balance if positive or the negative borrow balance if negative\n     */\n    function presentValue(int104 principalValue_) internal view returns (int256) {\n        if (principalValue_ >= 0) {\n            return signed256(presentValueSupply(baseSupplyIndex, uint104(principalValue_)));\n        } else {\n            return -signed256(presentValueBorrow(baseBorrowIndex, uint104(-principalValue_)));\n        }\n    }\n\n    /**\n     * @dev The principal amount projected forward by the supply index\n     */\n    function presentValueSupply(uint64 baseSupplyIndex_, uint104 principalValue_) internal pure returns (uint256) {\n        return uint256(principalValue_) * baseSupplyIndex_ / BASE_INDEX_SCALE;\n    }\n\n    /**\n     * @dev The principal amount projected forward by the borrow index\n     */\n    function presentValueBorrow(uint64 baseBorrowIndex_, uint104 principalValue_) internal pure returns (uint256) {\n        return uint256(principalValue_) * baseBorrowIndex_ / BASE_INDEX_SCALE;\n    }\n\n    /**\n     * @dev The positive principal if positive or the negative principal if negative\n     */\n    function principalValue(int256 presentValue_) internal view returns (int104) {\n        if (presentValue_ >= 0) {\n            return signed104(principalValueSupply(baseSupplyIndex, uint256(presentValue_)));\n        } else {\n            return -signed104(principalValueBorrow(baseBorrowIndex, uint256(-presentValue_)));\n        }\n    }\n\n    /**\n     * @dev The present value projected backward by the supply index (rounded down)\n     *  Note: This will overflow (revert) at 2^104/1e18=~20 trillion principal for assets with 18 decimals.\n     */\n    function principalValueSupply(uint64 baseSupplyIndex_, uint256 presentValue_) internal pure returns (uint104) {\n        return safe104((presentValue_ * BASE_INDEX_SCALE) / baseSupplyIndex_);\n    }\n\n    /**\n     * @dev The present value projected backward by the borrow index (rounded up)\n     *  Note: This will overflow (revert) at 2^104/1e18=~20 trillion principal for assets with 18 decimals.\n     */\n    function principalValueBorrow(uint64 baseBorrowIndex_, uint256 presentValue_) internal pure returns (uint104) {\n        return safe104((presentValue_ * BASE_INDEX_SCALE + baseBorrowIndex_ - 1) / baseBorrowIndex_);\n    }\n}\n"}, "contracts/CometExtInterface.sol": {"content": "// SPDX-License-Identifier: BUSL-1.1\npragma solidity ^0.8.30;\n\nimport \"./CometCore.sol\";\n\n/**\n * @title Compound's Comet Ext Interface\n * @notice An efficient monolithic money market protocol\n * @author Compound\n */\nabstract contract CometExtInterface is CometCore {\n    error BadAmount();\n    error BadNonce();\n    error BadSignatory();\n    error InvalidValueS();\n    error InvalidValueV();\n    error SignatureExpired();\n\n    function allow(address manager, bool isAllowed) virtual external;\n    function allowBySig(address owner, address manager, bool isAllowed, uint256 nonce, uint256 expiry, uint8 v, bytes32 r, bytes32 s) virtual external;\n\n    function collateralBalanceOf(address account, address asset) virtual external view returns (uint128);\n    function baseTrackingAccrued(address account) virtual external view returns (uint64);\n\n    function baseAccrualScale() virtual external view returns (uint64);\n    function baseIndexScale() virtual external view returns (uint64);\n    function factorScale() virtual external view returns (uint64);\n    function priceScale() virtual external view returns (uint64);\n\n    function maxAssets() virtual external view returns (uint8);\n\n    function totalsBasic() virtual external view returns (TotalsBasic memory);\n\n    function version() virtual external view returns (string memory);\n\n    /**\n      * ===== ERC20 interfaces =====\n      * Does not include the following functions/events, which are defined in `CometMainInterface` instead:\n      * - function decimals() virtual external view returns (uint8)\n      * - function totalSupply() virtual external view returns (uint256)\n      * - function transfer(address dst, uint amount) virtual external returns (bool)\n      * - function transferFrom(address src, address dst, uint amount) virtual external returns (bool)\n      * - function balanceOf(address owner) virtual external view returns (uint256)\n      * - event Transfer(address indexed from, address indexed to, uint256 amount)\n      */\n    function name() virtual external view returns (string memory);\n    function symbol() virtual external view returns (string memory);\n\n    /**\n      * @notice Approve `spender` to transfer up to `amount` from `src`\n      * @dev This will overwrite the approval amount for `spender`\n      *  and is subject to issues noted [here](https://eips.ethereum.org/EIPS/eip-20#approve)\n      * @param spender The address of the account which may transfer tokens\n      * @param amount The number of tokens that are approved (-1 means infinite)\n      * @return Whether or not the approval succeeded\n      */\n    function approve(address spender, uint256 amount) virtual external returns (bool);\n\n    /**\n      * @notice Get the current allowance from `owner` for `spender`\n      * @param owner The address of the account which owns the tokens to be spent\n      * @param spender The address of the account which may transfer tokens\n      * @return The number of tokens allowed to be spent (-1 means infinite)\n      */\n    function allowance(address owner, address spender) virtual external view returns (uint256);\n\n    event Approval(address indexed owner, address indexed spender, uint256 amount);\n}"}, "contracts/CometInterface.sol": {"content": "// SPDX-License-Identifier: BUSL-1.1\npragma solidity ^0.8.30;\n\nimport \"./CometMainInterface.sol\";\nimport \"./CometExtInterface.sol\";\n\n/**\n * @title Compound's Comet Interface\n * @notice An efficient monolithic money market protocol\n * @author Compound\n */\nabstract contract CometInterface is CometMainInterface, CometExtInterface {}\n"}, "contracts/CometMainInterface.sol": {"content": "// SPDX-License-Identifier: BUSL-1.1\npragma solidity ^0.8.30;\n\nimport \"./CometCore.sol\";\n\n/**\n * @title Compound's Comet Main Interface (without Ext)\n * @notice An efficient monolithic money market protocol\n * @author Compound\n */\nabstract contract CometMainInterface is CometCore {\n    error Absurd();\n    error AlreadyInitialized();\n    error BadAsset();\n    error BadDecimals();\n    error BadDiscount();\n    error BadMinimum();\n    error BadPrice();\n    error BorrowTooSmall();\n    error BorrowCFTooLarge();\n    error InsufficientReserves();\n    error LiquidateCFTooLarge();\n    error NoSelfTransfer();\n    error NotCollateralized();\n    error NotForSale();\n    error NotLiquidatable();\n    error Paused();\n    error SupplyCapExceeded();\n    error TimestampTooLarge();\n    error TooManyAssets();\n    error TooMuchSlippage();\n    error TransferInFailed();\n    error TransferOutFailed();\n    error Unauthorized();\n\n    event Supply(address indexed from, address indexed dst, uint amount);\n    event Transfer(address indexed from, address indexed to, uint amount);\n    event Withdraw(address indexed src, address indexed to, uint amount);\n\n    event SupplyCollateral(address indexed from, address indexed dst, address indexed asset, uint amount);\n    event TransferCollateral(address indexed from, address indexed to, address indexed asset, uint amount);\n    event WithdrawCollateral(address indexed src, address indexed to, address indexed asset, uint amount);\n\n    /// @notice Event emitted when a borrow position is absorbed by the protocol\n    event AbsorbDebt(address indexed absorber, address indexed borrower, uint basePaidOut, uint usdValue);\n\n    /// @notice Event emitted when a user's collateral is absorbed by the protocol\n    event AbsorbCollateral(address indexed absorber, address indexed borrower, address indexed asset, uint collateralAbsorbed, uint usdValue);\n\n    /// @notice Event emitted when a collateral asset is purchased from the protocol\n    event BuyCollateral(address indexed buyer, address indexed asset, uint baseAmount, uint collateralAmount);\n\n    /// @notice Event emitted when an action is paused/unpaused\n    event PauseAction(bool supplyPaused, bool transferPaused, bool withdrawPaused, bool absorbPaused, bool buyPaused);\n\n    /// @notice Event emitted when reserves are withdrawn by the governor\n    event WithdrawReserves(address indexed to, uint amount);\n\n    function supply(address asset, uint amount) virtual external;\n    function supplyTo(address dst, address asset, uint amount) virtual external;\n    function supplyFrom(address from, address dst, address asset, uint amount) virtual external;\n\n    function transfer(address dst, uint amount) virtual external returns (bool);\n    function transferFrom(address src, address dst, uint amount) virtual external returns (bool);\n\n    function transferAsset(address dst, address asset, uint amount) virtual external;\n    function transferAssetFrom(address src, address dst, address asset, uint amount) virtual external;\n\n    function withdraw(address asset, uint amount) virtual external;\n    function withdrawTo(address to, address asset, uint amount) virtual external;\n    function withdrawFrom(address src, address to, address asset, uint amount) virtual external;\n\n    function approveThis(address manager, address asset, uint amount) virtual external;\n    function withdrawReserves(address to, uint amount) virtual external;\n\n    function absorb(address absorber, address[] calldata accounts) virtual external;\n    function buyCollateral(address asset, uint minAmount, uint baseAmount, address recipient) virtual external;\n    function quoteCollateral(address asset, uint baseAmount) virtual public view returns (uint);\n\n    function getAssetInfo(uint8 i) virtual public view returns (AssetInfo memory);\n    function getAssetInfoByAddress(address asset) virtual public view returns (AssetInfo memory);\n    function getCollateralReserves(address asset) virtual public view returns (uint);\n    function getReserves() virtual public view returns (int);\n    function getPrice(address priceFeed) virtual public view returns (uint);\n\n    function isBorrowCollateralized(address account) virtual public view returns (bool);\n    function isLiquidatable(address account) virtual public view returns (bool);\n\n    function totalSupply() virtual external view returns (uint256);\n    function totalBorrow() virtual external view returns (uint256);\n    function balanceOf(address owner) virtual public view returns (uint256);\n    function borrowBalanceOf(address account) virtual public view returns (uint256);\n\n    function pause(bool supplyPaused, bool transferPaused, bool withdrawPaused, bool absorbPaused, bool buyPaused) virtual external;\n    function isSupplyPaused() virtual public view returns (bool);\n    function isTransferPaused() virtual public view returns (bool);\n    function isWithdrawPaused() virtual public view returns (bool);\n    function isAbsorbPaused() virtual public view returns (bool);\n    function isBuyPaused() virtual public view returns (bool);\n\n    function accrueAccount(address account) virtual external;\n    function getSupplyRate(uint utilization) virtual public view returns (uint64);\n    function getBorrowRate(uint utilization) virtual public view returns (uint64);\n    function getUtilization() virtual public view returns (uint);\n\n    function governor() virtual external view returns (address);\n    function pauseGuardian() virtual external view returns (address);\n    function baseToken() virtual external view returns (address);\n    function baseTokenPriceFeed() virtual external view returns (address);\n    function extensionDelegate() virtual external view returns (address);\n\n    /// @dev uint64\n    function supplyKink() virtual external view returns (uint);\n    /// @dev uint64\n    function supplyPerSecondInterestRateSlopeLow() virtual external view returns (uint);\n    /// @dev uint64\n    function supplyPerSecondInterestRateSlopeHigh() virtual external view returns (uint);\n    /// @dev uint64\n    function supplyPerSecondInterestRateBase() virtual external view returns (uint);\n    /// @dev uint64\n    function borrowKink() virtual external view returns (uint);\n    /// @dev uint64\n    function borrowPerSecondInterestRateSlopeLow() virtual external view returns (uint);\n    /// @dev uint64\n    function borrowPerSecondInterestRateSlopeHigh() virtual external view returns (uint);\n    /// @dev uint64\n    function borrowPerSecondInterestRateBase() virtual external view returns (uint);\n    /// @dev uint64\n    function storeFrontPriceFactor() virtual external view returns (uint);\n\n    /// @dev uint64\n    function baseScale() virtual external view returns (uint);\n    /// @dev uint64\n    function trackingIndexScale() virtual external view returns (uint);\n\n    /// @dev uint64\n    function baseTrackingSupplySpeed() virtual external view returns (uint);\n    /// @dev uint64\n    function baseTrackingBorrowSpeed() virtual external view returns (uint);\n    /// @dev uint104\n    function baseMinForRewards() virtual external view returns (uint);\n    /// @dev uint104\n    function baseBorrowMin() virtual external view returns (uint);\n    /// @dev uint104\n    function targetReserves() virtual external view returns (uint);\n\n    function numAssets() virtual external view returns (uint8);\n    function decimals() virtual external view returns (uint8);\n\n    function initializeStorage() virtual external;\n}"}, "contracts/CometMath.sol": {"content": "// SPDX-License-Identifier: BUSL-1.1\npragma solidity ^0.8.30;\n\n/**\n * @title Compound's Comet Math Contract\n * @dev Pure math functions\n * @author Compound\n */\ncontract CometMath {\n    /** Custom errors **/\n\n    error InvalidUInt64();\n    error InvalidUInt104();\n    error InvalidUInt128();\n    error InvalidInt104();\n    error InvalidInt256();\n    error NegativeNumber();\n\n    function safe64(uint n) internal pure returns (uint64) {\n        if (n > type(uint64).max) revert InvalidUInt64();\n        return uint64(n);\n    }\n\n    function safe104(uint n) internal pure returns (uint104) {\n        if (n > type(uint104).max) revert InvalidUInt104();\n        return uint104(n);\n    }\n\n    function safe128(uint n) internal pure returns (uint128) {\n        if (n > type(uint128).max) revert InvalidUInt128();\n        return uint128(n);\n    }\n\n    function signed104(uint104 n) internal pure returns (int104) {\n        if (n > uint104(type(int104).max)) revert InvalidInt104();\n        return int104(n);\n    }\n\n    function signed256(uint256 n) internal pure returns (int256) {\n        if (n > uint256(type(int256).max)) revert InvalidInt256();\n        return int256(n);\n    }\n\n    function unsigned104(int104 n) internal pure returns (uint104) {\n        if (n < 0) revert NegativeNumber();\n        return uint104(n);\n    }\n\n    function unsigned256(int256 n) internal pure returns (uint256) {\n        if (n < 0) revert NegativeNumber();\n        return uint256(n);\n    }\n\n    function toUInt8(bool x) internal pure returns (uint8) {\n        return x ? 1 : 0;\n    }\n\n    function toBool(uint8 x) internal pure returns (bool) {\n        return x != 0;\n    }\n}\n"}, "contracts/CometStorage.sol": {"content": "// SPDX-License-Identifier: BUSL-1.1\npragma solidity ^0.8.30;\n\n/**\n * @title Compound's Comet Storage Interface\n * @dev Versions can enforce append-only storage slots via inheritance.\n * @author Compound\n */\ncontract CometStorage {\n    // 512 bits total = 2 slots\n    struct TotalsBasic {\n        // 1st slot\n        uint64 baseSupplyIndex;\n        uint64 baseBorrowIndex;\n        uint64 trackingSupplyIndex;\n        uint64 trackingBorrowIndex;\n        // 2nd slot\n        uint104 totalSupplyBase;\n        uint104 totalBorrowBase;\n        uint40 lastAccrualTime;\n        uint8 pauseFlags;\n    }\n\n    struct TotalsCollateral {\n        uint128 totalSupplyAsset;\n        uint128 _reserved;\n    }\n\n    struct UserBasic {\n        int104 principal;\n        uint64 baseTrackingIndex;\n        uint64 baseTrackingAccrued;\n        uint16 assetsIn;\n        uint8 _reserved;\n    }\n\n    struct UserCollateral {\n        uint128 balance;\n        uint128 _reserved;\n    }\n\n    struct LiquidatorPoints {\n        uint32 numAbsorbs;\n        uint64 numAbsorbed;\n        uint128 approxSpend;\n        uint32 _reserved;\n    }\n\n    /// @dev Aggregate variables tracked for the entire market\n    uint64 internal baseSupplyIndex;\n    uint64 internal baseBorrowIndex;\n    uint64 internal trackingSupplyIndex;\n    uint64 internal trackingBorrowIndex;\n    uint104 internal totalSupplyBase;\n    uint104 internal totalBorrowBase;\n    uint40 internal lastAccrualTime;\n    uint8 internal pauseFlags;\n\n    /// @notice Aggregate variables tracked for each collateral asset\n    mapping(address => TotalsCollateral) public totalsCollateral;\n\n    /// @notice Mapping of users to accounts which may be permitted to manage the user account\n    mapping(address => mapping(address => bool)) public isAllowed;\n\n    /// @notice The next expected nonce for an address, for validating authorizations via signature\n    mapping(address => uint) public userNonce;\n\n    /// @notice Mapping of users to base principal and other basic data\n    mapping(address => UserBasic) public userBasic;\n\n    /// @notice Mapping of users to collateral data per collateral asset\n    mapping(address => mapping(address => UserCollateral)) public userCollateral;\n\n    /// @notice Mapping of magic liquidator points\n    mapping(address => LiquidatorPoints) public liquidatorPoints;\n}\n"}, "contracts/ERC20.sol": {"content": "// SPDX-License-Identifier: BUSL-1.1\npragma solidity ^0.8.30;\n\n/**\n * @title ERC 20 Token Standard Interface\n *  https://eips.ethereum.org/EIPS/eip-20\n */\ninterface ERC20 {\n    function name() external view returns (string memory);\n    function symbol() external view returns (string memory);\n    function decimals() external view returns (uint8);\n\n    /**\n      * @notice Get the total number of tokens in circulation\n      * @return The supply of tokens\n      */\n    function totalSupply() external view returns (uint256);\n\n    /**\n     * @notice Gets the balance of the specified address\n     * @param owner The address from which the balance will be retrieved\n     * @return The balance\n     */\n    function balanceOf(address owner) external view returns (uint256);\n\n    /**\n      * @notice Transfer `amount` tokens from `msg.sender` to `dst`\n      * @param dst The address of the destination account\n      * @param amount The number of tokens to transfer\n      * @return Whether or not the transfer succeeded\n      */\n    function transfer(address dst, uint256 amount) external returns (bool);\n\n    /**\n      * @notice Transfer `amount` tokens from `src` to `dst`\n      * @param src The address of the source account\n      * @param dst The address of the destination account\n      * @param amount The number of tokens to transfer\n      * @return Whether or not the transfer succeeded\n      */\n    function transferFrom(address src, address dst, uint256 amount) external returns (bool);\n\n    /**\n      * @notice Approve `spender` to transfer up to `amount` from `src`\n      * @dev This will overwrite the approval amount for `spender`\n      *  and is subject to issues noted [here](https://eips.ethereum.org/EIPS/eip-20#approve)\n      * @param spender The address of the account which may transfer tokens\n      * @param amount The number of tokens that are approved (-1 means infinite)\n      * @return Whether or not the approval succeeded\n      */\n    function approve(address spender, uint256 amount) external returns (bool);\n\n    /**\n      * @notice Get the current allowance from `owner` for `spender`\n      * @param owner The address of the account which owns the tokens to be spent\n      * @param spender The address of the account which may transfer tokens\n      * @return The number of tokens allowed to be spent (-1 means infinite)\n      */\n    function allowance(address owner, address spender) external view returns (uint256);\n\n    event Transfer(address indexed from, address indexed to, uint256 amount);\n    event Approval(address indexed owner, address indexed spender, uint256 amount);\n}\n"}, "contracts/IWstETH.sol": {"content": "// SPDX-License-Identifier: BUSL-1.1\npragma solidity ^0.8.30;\n\nimport \"./ERC20.sol\";\n\n/**\n * @dev Interface for interacting with WstETH contract\n * Note Not a comprehensive interface\n */\ninterface IWstETH is ERC20 {\n    function stETH() external returns (address);\n\n    function wrap(uint256 _stETHAmount) external returns (uint256);\n    function unwrap(uint256 _wstETHAmount) external returns (uint256);\n\n    function receive() external payable;\n\n    function getWstETHByStETH(uint256 _stETHAmount) external view returns (uint256);\n    function getStETHByWstETH(uint256 _wstETHAmount) external view returns (uint256);\n\n    function stEthPerToken() external view returns (uint256);\n    function tokensPerStEth() external view returns (uint256);\n}"}, "contracts/liquidator/interfaces/IStableSwap.sol": {"content": "// SPDX-License-Identifier: MIT\npragma solidity ^0.8.30;\n\n/**\n * @dev Interface for interacting with Curve pools\n * Note Not a comprehensive interface\n */\n\ninterface IStableSwap {\n    function coins(uint256 i) external view returns (address);\n    function exchange(int128 i, int128 j, uint256 _dx, uint256 _min_dy) external payable returns (uint256);\n}\n"}, "contracts/liquidator/interfaces/IUniswapV2Router.sol": {"content": "// SPDX-License-Identifier: MIT\npragma solidity ^0.8.30;\n\n/**\n * @dev Interface for interacting with Uniswap and SushiSwap Routers\n * Note Not a comprehensive interface\n */\ninterface IUniswapV2Router {\n    function swapExactTokensForTokens(\n        uint256 amountIn,\n        uint256 amountOutMin,\n        address[] calldata path,\n        address to,\n        uint256 deadline\n    ) external returns (uint256[] memory amounts);\n}"}, "contracts/liquidator/interfaces/IVault.sol": {"content": "// SPDX-License-Identifier: MIT\npragma solidity ^0.8.30;\n\n/**\n * @dev Interfaces for interacting with Balancer Vaults\n * Note Not comprehensive\n */\ninterface IVault {\n    enum SwapKind { GIVEN_IN, GIVEN_OUT }\n\n    struct BatchSwapStep {\n        bytes32 poolId;\n        uint256 assetInIndex;\n        uint256 assetOutIndex;\n        uint256 amount;\n        bytes userData;\n    }\n\n    struct FundManagement {\n        address sender;\n        bool fromInternalBalance;\n        address payable recipient;\n        bool toInternalBalance;\n    }\n\n    function batchSwap(\n        SwapKind kind,\n        BatchSwapStep[] memory swaps,\n        IAsset[] memory assets,\n        FundManagement memory funds,\n        int256[] memory limits,\n        uint256 deadline\n    ) external payable returns (int256[] memory);\n}\n\ninterface IAsset {}"}, "contracts/liquidator/OnChainLiquidator.sol": {"content": "// SPDX-License-Identifier: MIT\npragma solidity ^0.8.30;\n\nimport \"./vendor/@uniswap/v3-core/contracts/interfaces/callback/IUniswapV3FlashCallback.sol\";\nimport \"./vendor/@uniswap/v3-periphery/contracts/base/PeripheryPayments.sol\";\nimport \"./vendor/@uniswap/v3-periphery/contracts/base/PeripheryImmutableState.sol\";\nimport \"./vendor/@uniswap/v3-periphery/contracts/libraries/PoolAddress.sol\";\nimport \"./vendor/@uniswap/v3-periphery/contracts/libraries/CallbackValidation.sol\";\nimport \"./vendor/@uniswap/v3-periphery/contracts/libraries/TransferHelper.sol\";\nimport \"./vendor/@uniswap/v3-periphery/contracts/interfaces/ISwapRouter.sol\";\n\nimport \"../CometInterface.sol\";\nimport \"../ERC20.sol\";\nimport \"../IWstETH.sol\";\nimport \"./interfaces/IStableSwap.sol\";\nimport \"./interfaces/IUniswapV2Router.sol\";\nimport \"./interfaces/IVault.sol\";\n\n/**\n * @title Compound's on-chain liquidation contract\n * @author Compound\n */\ncontract OnChainLiquidator is IUniswapV3FlashCallback, PeripheryImmutableState, PeripheryPayments {\n    /** Errors */\n    error InsufficientAmountOut(address tokenIn, address tokenOut, uint256 amountIn, uint256 amountOut, uint256 amountOutMin, PoolConfig poolConfig);\n    error InvalidArgument();\n    error InsufficientBalance(uint256 available, uint256 required);\n    error InvalidExchange();\n    error InvalidPoolConfig(address swapToken, PoolConfig poolConfig);\n    error Unauthorized();\n\n    /** Events **/\n    event Absorb(address indexed initiator, address[] accounts);\n    event AbsorbWithoutBuyingCollateral();\n    event BuyAndSwap(address indexed tokenIn, address indexed tokenOut, uint256 baseAmountPaid, uint256 assetBalance, uint256 amountOut);\n    event Pay(address indexed token, address indexed payer, address indexed recipient, uint256 value);\n    event Swap(address indexed tokenIn, address indexed tokenOut, uint256 amountIn, uint256 amountOut, PoolConfig poolConfig);\n\n    enum Exchange {\n        Uniswap,\n        SushiSwap,\n        Balancer,\n        Curve\n    }\n\n    // XXX make this less gassy; rearrange fields\n    struct PoolConfig {\n        Exchange exchange;      // which exchange the config applies to\n        uint24 uniswapPoolFee;  // fee for the swap pool (e.g. 3000, 500, 100); only applies to Uniswap pool configs\n        bool swapViaWeth;       // whether to swap the asset to WETH before swapping to base token; applies to SushiSwap and Uniswap pool configs\n        bytes32 balancerPoolId; // pool id for the asset pair; only applies to Balancer pool configs\n        address curvePool;      // address of target Curve pool; only applies to Curve pool configs\n    }\n\n    /** OnChainLiquidator immutables **/\n\n    /// @notice Balancer Vault used for token exchange\n    address public immutable balancerVault;\n\n    /// @notice SushiSwap router used for token exchange\n    address public immutable sushiSwapRouter;\n\n    /// @notice Uniswap router used for token exchange\n    address public immutable uniswapRouter;\n\n    /// @notice Lido Staked Ether 2.0 address\n    address public immutable stEth;\n\n    /// @notice Wrapped liquid staked Ether 2.0 address\n    address public immutable wstEth;\n\n    /** OnChainLiquidator configuration constants **/\n\n    /// @notice Address used by Curve to represent null\n    address public constant NULL_ADDRESS = 0xEeeeeEeeeEeEeeEeEeEeeEEEeeeeEeeeeeeeEEeE;\n\n    /// @notice The scale for asset price calculations\n    uint256 public constant QUOTE_PRICE_SCALE = 1e18;\n\n    /// @notice The asset pool configurations\n    mapping(address => PoolConfig) public poolConfigs;\n\n    /**\n     * @notice Construct a new liquidator instance\n     * @param balancerVault_ Address of Balancer Vault\n     * @param sushiSwapRouter_ Address of SushiSwap Router\n     * @param uniswapRouter_ Address of Uniswap Router\n     * @param uniswapV3Factory_ Address of Uniswap V3 Factory\n     * @param stEth_ Address of stETH contract\n     * @param wstEth_ Address of wstETH contract\n     * @param WETH9_ Address of WETH9\n     **/\n    constructor(\n        address balancerVault_,\n        address sushiSwapRouter_,\n        address uniswapRouter_,\n        address uniswapV3Factory_,\n        address stEth_,\n        address wstEth_,\n        address WETH9_\n    ) PeripheryImmutableState(uniswapV3Factory_, WETH9_) {\n        balancerVault = balancerVault_;\n        sushiSwapRouter = sushiSwapRouter_;\n        uniswapRouter = uniswapRouter_;\n        stEth = stEth_;\n        wstEth = wstEth_;\n    }\n\n    /**\n     * @notice Calls the pools flash function with data needed in `uniswapV3FlashCallback`\n     * @param comet Instance of Comet to liquidate from\n     * @param liquidatableAccounts List of addresses where Comet.isLiquidatable(address) is true\n     * @param assets List of Comet collateral assets to buy and sell\n     * @param poolConfigs List of PoolConfig structs for each asset in `assets`; determines which exchange to use when swapping\n     * @param maxAmountsToPurchase Max amount of each asset to attempt to buy and sell\n     * @param flashLoanPairToken Address used (in combination with Comet base asset) to find the Uniswap pool to request flash loan from (e.g. USDC/DAI/500)\n     * @param flashLoanPoolFee Pool fee of the Uniswap pool to request flash loan from (e.g. USDC/DAI/500)\n     * @param liquidationThreshold Minimum amount (in terms of Comet base token) to attempt to buy/sell\n     */\n    function absorbAndArbitrage(\n        address comet,\n        address[] calldata liquidatableAccounts,\n        address[] calldata assets,\n        PoolConfig[] calldata poolConfigs,\n        uint[] calldata maxAmountsToPurchase,\n        address flashLoanPairToken,\n        uint24 flashLoanPoolFee,\n        uint liquidationThreshold\n    ) external {\n        if (poolConfigs.length != assets.length) revert InvalidArgument();\n        if (maxAmountsToPurchase.length != assets.length) revert InvalidArgument();\n\n        // Absorb Comet underwater accounts\n        CometInterface(comet).absorb(msg.sender, liquidatableAccounts);\n        emit Absorb(msg.sender, liquidatableAccounts);\n\n        uint256 flashLoanAmount = 0;\n        uint256[] memory assetBaseAmounts = new uint256[](assets.length);\n\n        for (uint8 i = 0; i < assets.length; i++) {\n            ( , uint256 collateralBalanceInBase) = purchasableBalanceOfAsset(\n                comet,\n                assets[i],\n                maxAmountsToPurchase[i]\n            );\n            if (collateralBalanceInBase > liquidationThreshold) {\n                flashLoanAmount += collateralBalanceInBase;\n                assetBaseAmounts[i] = collateralBalanceInBase;\n            }\n        }\n\n        // if there is nothing to buy, just absorb the accounts\n        if (flashLoanAmount == 0) {\n            emit AbsorbWithoutBuyingCollateral();\n            return;\n        }\n\n        address poolToken0 = flashLoanPairToken;\n        address poolToken1 = CometInterface(comet).baseToken();\n        bool reversedPair = poolToken0 > poolToken1;\n        // Use Uniswap approach to determining order of tokens https://github.com/Uniswap/v3-periphery/blob/main/contracts/libraries/PoolAddress.sol#L20-L27\n        if (reversedPair) (poolToken0, poolToken1) = (poolToken1, poolToken0);\n\n        // Find the desired Uniswap pool to borrow base token from, for ex DAI-USDC\n        PoolAddress.PoolKey memory poolKey =\n            PoolAddress.PoolKey({token0: poolToken0, token1: poolToken1, fee: flashLoanPoolFee});\n        IUniswapV3Pool pool = IUniswapV3Pool(PoolAddress.computeAddress(factory, poolKey));\n\n        pool.flash(\n            address(this),\n            reversedPair ? flashLoanAmount : 0,\n            reversedPair ? 0 : flashLoanAmount,\n            abi.encode(\n                FlashCallbackData({\n                    comet: comet,\n                    flashLoanAmount: flashLoanAmount,\n                    recipient: msg.sender,\n                    poolKey: poolKey,\n                    assets: assets,\n                    assetBaseAmounts: assetBaseAmounts,\n                    poolConfigs: poolConfigs\n                })\n            )\n        );\n    }\n\n    struct FlashCallbackData {\n        address comet;\n        uint256 flashLoanAmount;\n        address recipient;\n        PoolAddress.PoolKey poolKey;\n        address[] assets;\n        uint256[] assetBaseAmounts;\n        PoolConfig[] poolConfigs;\n    }\n\n    /**\n     * @notice Uniswap flashloan callback\n     * @param fee0 The fee for borrowing token0 from pool\n     * @param fee1 The fee for borrowing token1 from pool\n     * @param data The encoded data passed from loan initiation function\n     */\n    function uniswapV3FlashCallback(\n        uint256 fee0,\n        uint256 fee1,\n        bytes calldata data\n    ) external override {\n        // Verify uniswap callback, recommended security measure\n        FlashCallbackData memory flashCallbackData = abi.decode(data, (FlashCallbackData));\n        CallbackValidation.verifyCallback(factory, flashCallbackData.poolKey);\n\n        address[] memory assets = flashCallbackData.assets;\n\n        address baseToken = CometInterface(flashCallbackData.comet).baseToken();\n\n        // Allow Comet protocol to withdraw USDC (base token) for collateral purchase\n        TransferHelper.safeApprove(baseToken, address(flashCallbackData.comet), flashCallbackData.flashLoanAmount);\n\n        uint256 totalAmountOut = 0;\n        for (uint i = 0; i < assets.length; i++) {\n            address asset = assets[i];\n            uint256 assetBaseAmount = flashCallbackData.assetBaseAmounts[i];\n\n            if (assetBaseAmount == 0) continue;\n\n            CometInterface(flashCallbackData.comet).buyCollateral(asset, 0, assetBaseAmount, address(this));\n\n            uint256 assetBalance = ERC20(asset).balanceOf(address(this));\n\n            uint256 amountOut = swapCollateral(\n                flashCallbackData.comet,\n                asset,\n                assetBaseAmount,\n                flashCallbackData.poolConfigs[i]\n            );\n\n            emit BuyAndSwap(asset, baseToken, assetBaseAmount, assetBalance, amountOut);\n\n            totalAmountOut += amountOut;\n        }\n\n        address recipient = flashCallbackData.recipient;\n        uint256 totalAmountOwed = flashCallbackData.flashLoanAmount + fee0 + fee1;\n        uint256 balance = ERC20(baseToken).balanceOf(address(this));\n\n        if (totalAmountOwed > balance) {\n            revert InsufficientBalance(balance, totalAmountOwed);\n        }\n\n        TransferHelper.safeApprove(baseToken, address(this), totalAmountOwed);\n\n        // Repay the loan\n        if (totalAmountOwed > 0) {\n            pay(baseToken, address(this), msg.sender, totalAmountOwed);\n            emit Pay(baseToken, address(this), msg.sender, totalAmountOwed);\n        }\n\n        uint256 remainingBalance = ERC20(baseToken).balanceOf(address(this));\n\n        // If profitable, pay profits to the original caller\n        if (remainingBalance > 0) {\n            TransferHelper.safeApprove(baseToken, address(this), remainingBalance);\n            pay(baseToken, address(this), recipient, remainingBalance);\n            emit Pay(baseToken, address(this), recipient, remainingBalance);\n        }\n    }\n\n    /**\n     * @dev Returns lesser of two values\n     */\n    function min(uint256 a, uint256 b) internal view returns (uint256) {\n        return a <= b ? a : b;\n    }\n\n    function purchasableBalanceOfAsset(address comet, address asset, uint maxCollateralToPurchase) internal returns (uint256, uint256) {\n        uint256 collateralBalance = CometInterface(comet).getCollateralReserves(asset);\n\n        collateralBalance = min(collateralBalance, maxCollateralToPurchase);\n\n        uint256 baseScale = CometInterface(comet).baseScale();\n\n        uint256 quotePrice = CometInterface(comet).quoteCollateral(asset, QUOTE_PRICE_SCALE * baseScale);\n        uint256 collateralBalanceInBase = baseScale * QUOTE_PRICE_SCALE * collateralBalance / quotePrice;\n\n        return (collateralBalance, collateralBalanceInBase);\n    }\n\n    function swapCollateral(\n        address comet,\n        address asset,\n        uint256 amountOutMin,\n        PoolConfig memory poolConfig\n    ) internal returns (uint256) {\n        if (poolConfig.exchange == Exchange.Uniswap) {\n            return swapViaUniswap(comet, asset, amountOutMin, poolConfig);\n        } else if (poolConfig.exchange == Exchange.SushiSwap) {\n            return swapViaSushiSwap(comet, asset, amountOutMin, poolConfig);\n        } else if (poolConfig.exchange == Exchange.Balancer) {\n            return swapViaBalancer(comet, asset, amountOutMin, poolConfig);\n        } else if (poolConfig.exchange == Exchange.Curve) {\n            return swapViaCurve(comet, asset, amountOutMin, poolConfig);\n        } else {\n            revert InvalidExchange();\n        }\n    }\n\n    /**\n     * @dev Swaps the given asset to USDC (base token) using Uniswap pools\n     */\n    function swapViaUniswap(address comet, address asset, uint256 amountOutMin, PoolConfig memory poolConfig) internal returns (uint256) {\n        uint256 swapAmount = ERC20(asset).balanceOf(address(this));\n        // Safety check, make sure residue balance in protocol is ignored\n        if (swapAmount == 0) return 0;\n\n        uint24 poolFee = poolConfig.uniswapPoolFee;\n\n        if (poolFee == 0) {\n            revert InvalidPoolConfig(asset, poolConfig);\n        }\n\n        address swapToken = asset;\n\n        address baseToken = CometInterface(comet).baseToken();\n\n        TransferHelper.safeApprove(asset, address(uniswapRouter), swapAmount);\n        // For low liquidity asset, swap it to ETH first\n        if (poolConfig.swapViaWeth) {\n            uint256 swapAmountNew = ISwapRouter(uniswapRouter).exactInputSingle(\n                ISwapRouter.ExactInputSingleParams({\n                    tokenIn: asset,\n                    tokenOut: WETH9,\n                    fee: poolFee,\n                    recipient: address(this),\n                    deadline: block.timestamp,\n                    amountIn: swapAmount,\n                    amountOutMinimum: 0,\n                    sqrtPriceLimitX96: 0\n                })\n            );\n            emit Swap(asset, WETH9, swapAmount, swapAmountNew, poolConfig);\n            swapAmount = swapAmountNew;\n            swapToken = WETH9;\n            poolFee = 500; // XXX move into constant\n\n            TransferHelper.safeApprove(WETH9, address(uniswapRouter), swapAmount);\n        }\n\n        // Swap asset or received ETH to base asset\n        uint256 amountOut = ISwapRouter(uniswapRouter).exactInputSingle(\n            ISwapRouter.ExactInputSingleParams({\n                tokenIn: swapToken,\n                tokenOut: baseToken,\n                fee: poolFee,\n                recipient: address(this),\n                deadline: block.timestamp,\n                amountIn: swapAmount,\n                amountOutMinimum: 0,\n                sqrtPriceLimitX96: 0\n            })\n        );\n\n        // we do a manual check against `amountOutMin` (instead of specifying an\n        // `amountOutMinimum` in the swap) so we can provide better information\n        // in the error message\n        if (amountOut < amountOutMin) {\n            revert InsufficientAmountOut(swapToken, baseToken, swapAmount, amountOut, amountOutMin, poolConfig);\n        }\n\n        emit Swap(swapToken, baseToken, swapAmount, amountOut, poolConfig);\n\n        return amountOut;\n    }\n\n    /**\n     * @dev Swaps the given asset to USDC (base token) using Sushi Swap pools\n     */\n    function swapViaSushiSwap(address comet, address asset, uint256 amountOutMin, PoolConfig memory poolConfig) internal returns (uint256) {\n        uint256 swapAmount = ERC20(asset).balanceOf(address(this));\n        // Safety check, make sure residue balance in protocol is ignored\n        if (swapAmount == 0) return 0;\n\n        address swapToken = asset;\n\n        address baseToken = CometInterface(comet).baseToken();\n\n        TransferHelper.safeApprove(asset, sushiSwapRouter, swapAmount);\n\n        address[] memory path;\n        if (poolConfig.swapViaWeth) {\n            path = new address[](3);\n            path[0] = swapToken;\n            path[1] = WETH9;\n            path[2] = baseToken;\n        } else {\n            path = new address[](2);\n            path[0] = swapToken;\n            path[1] = baseToken;\n        }\n\n        uint256[] memory amounts = IUniswapV2Router(sushiSwapRouter).swapExactTokensForTokens(\n            swapAmount,     // amountIn\n            0,              // amountOutMin\n            path,           // path\n            address(this),  // to\n            block.timestamp // deadline\n        );\n        uint256 amountOut = amounts[amounts.length - 1];\n\n        // we do a manual check against `amountOutMin` (instead of specifying an\n        // `amountOutMinimum` in the swap) so we can provide better information\n        // in the error message\n        if (amountOut < amountOutMin) {\n            revert InsufficientAmountOut(swapToken, baseToken, swapAmount, amountOut, amountOutMin, poolConfig);\n        }\n\n        emit Swap(swapToken, baseToken, swapAmount, amountOut, poolConfig);\n\n        return amountOut;\n    }\n\n    function swapViaBalancer(address comet, address asset, uint256 amountOutMin, PoolConfig memory poolConfig) internal returns (uint256) {\n        uint256 swapAmount = ERC20(asset).balanceOf(address(this));\n        // Safety check, make sure residue balance in protocol is ignored\n        if (swapAmount == 0) return 0;\n\n        address swapToken = asset;\n\n        address baseToken = CometInterface(comet).baseToken();\n\n        TransferHelper.safeApprove(asset, address(balancerVault), swapAmount);\n\n        int256[] memory limits = new int256[](2);\n        limits[0] = type(int256).max;\n        limits[1] = type(int256).max;\n\n        IAsset[] memory assets = new IAsset[](2);\n        assets[0] = IAsset(asset);\n        assets[1] = IAsset(baseToken);\n\n        IVault.BatchSwapStep[] memory steps = new IVault.BatchSwapStep[](1);\n        steps[0] = IVault.BatchSwapStep({\n            poolId: poolConfig.balancerPoolId,\n            assetInIndex: 0,\n            assetOutIndex: 1,\n            amount: swapAmount,\n            userData: bytes(\"\")\n        });\n\n        int256[] memory assetDeltas = IVault(balancerVault).batchSwap(\n            IVault.SwapKind.GIVEN_IN,\n            steps,\n            assets,\n            IVault.FundManagement({\n                sender: address(this),\n                fromInternalBalance: false,\n                recipient: payable(this),\n                toInternalBalance: false\n            }),\n            limits,\n            block.timestamp\n        );\n\n        int256 signedAmountOut = -assetDeltas[assetDeltas.length - 1];\n\n        if (signedAmountOut < 0) {\n            revert InsufficientAmountOut(swapToken, baseToken, swapAmount, 0, amountOutMin, poolConfig);\n        }\n\n        uint256 amountOut = uint256(signedAmountOut);\n\n        if (amountOut < amountOutMin) {\n            revert InsufficientAmountOut(swapToken, baseToken, swapAmount, amountOut, amountOutMin, poolConfig);\n        }\n\n        emit Swap(swapToken, baseToken, swapAmount, amountOut, poolConfig);\n\n        return amountOut;\n    }\n\n    function swapViaCurve(address comet, address asset, uint256 amountOutMin, PoolConfig memory poolConfig) internal returns (uint256) {\n        uint256 swapAmount = ERC20(asset).balanceOf(address(this));\n        // Safety check, make sure residue balance in protocol is ignored\n        if (swapAmount == 0) return 0;\n\n        address tokenIn = asset;\n\n        // unwrap wstETH\n        if (tokenIn == wstEth) {\n            swapAmount = IWstETH(wstEth).unwrap(swapAmount);\n            tokenIn = stEth;\n        }\n\n        address curvePool = poolConfig.curvePool;\n\n        TransferHelper.safeApprove(tokenIn, address(curvePool), swapAmount);\n\n        address coin0 = IStableSwap(curvePool).coins(0);\n        address coin1 = IStableSwap(curvePool).coins(1);\n\n        if (coin0 != tokenIn && coin1 != tokenIn) {\n            revert InvalidPoolConfig(tokenIn, poolConfig);\n        }\n\n        address tokenOut = CometInterface(comet).baseToken();\n\n        // Curve uses the null address to represent ETH\n        if (coin0 == NULL_ADDRESS || coin1 == NULL_ADDRESS) {\n            tokenOut = NULL_ADDRESS;\n        }\n\n        int128 idxOfTokenIn = coin0 == asset ? int128(0) : int128(1);\n        int128 idxOfTokenOut = idxOfTokenIn == 0 ? int128(1) : int128(0);\n\n        uint amountOut = IStableSwap(curvePool).exchange(\n            idxOfTokenIn,  // i idx of token to send\n            idxOfTokenOut, // j idx of token to receive\n            swapAmount,    // _dx amount of i to be exchanged\n            0              // _min_dy min amount of j to receive\n        );\n\n        if (amountOut < amountOutMin) {\n            revert InsufficientAmountOut(tokenIn, tokenOut, swapAmount, amountOut, amountOutMin, poolConfig);\n        }\n\n        // wrap any received ETH to WETH\n        if (tokenOut == NULL_ADDRESS) {\n            IWETH9(WETH9).deposit{value: amountOut}();\n            amountOut = IWETH9(WETH9).balanceOf(address(this));\n            tokenOut = WETH9;\n        }\n\n        emit Swap(tokenIn, tokenOut, swapAmount, amountOut, poolConfig);\n\n        return amountOut;\n    }\n\n    receive() external payable {}\n}\n"}, "contracts/liquidator/vendor/@openzeppelin/contracts/token/ERC20/IERC20.sol": {"content": "// SPDX-License-Identifier: MIT\n// OpenZeppelin Contracts (last updated v4.6.0) (token/ERC20/IERC20.sol)\n\npragma solidity ^0.8.30;\n\n/**\n * @dev Interface of the ERC20 standard as defined in the EIP.\n */\ninterface IERC20 {\n    /**\n     * @dev Emitted when `value` tokens are moved from one account (`from`) to\n     * another (`to`).\n     *\n     * Note that `value` may be zero.\n     */\n    event Transfer(address indexed from, address indexed to, uint256 value);\n\n    /**\n     * @dev Emitted when the allowance of a `spender` for an `owner` is set by\n     * a call to {approve}. `value` is the new allowance.\n     */\n    event Approval(address indexed owner, address indexed spender, uint256 value);\n\n    /**\n     * @dev Returns the amount of tokens in existence.\n     */\n    function totalSupply() external view returns (uint256);\n\n    /**\n     * @dev Returns the amount of tokens owned by `account`.\n     */\n    function balanceOf(address account) external view returns (uint256);\n\n    /**\n     * @dev Moves `amount` tokens from the caller's account to `to`.\n     *\n     * Returns a boolean value indicating whether the operation succeeded.\n     *\n     * Emits a {Transfer} event.\n     */\n    function transfer(address to, uint256 amount) external returns (bool);\n\n    /**\n     * @dev Returns the remaining number of tokens that `spender` will be\n     * allowed to spend on behalf of `owner` through {transferFrom}. This is\n     * zero by default.\n     *\n     * This value changes when {approve} or {transferFrom} are called.\n     */\n    function allowance(address owner, address spender) external view returns (uint256);\n\n    /**\n     * @dev Sets `amount` as the allowance of `spender` over the caller's tokens.\n     *\n     * Returns a boolean value indicating whether the operation succeeded.\n     *\n     * IMPORTANT: Beware that changing an allowance with this method brings the risk\n     * that someone may use both the old and the new allowance by unfortunate\n     * transaction ordering. One possible solution to mitigate this race\n     * condition is to first reduce the spender's allowance to 0 and set the\n     * desired value afterwards:\n     * https://github.com/ethereum/EIPs/issues/20#issuecomment-263524729\n     *\n     * Emits an {Approval} event.\n     */\n    function approve(address spender, uint256 amount) external returns (bool);\n\n    /**\n     * @dev Moves `amount` tokens from `from` to `to` using the\n     * allowance mechanism. `amount` is then deducted from the caller's\n     * allowance.\n     *\n     * Returns a boolean value indicating whether the operation succeeded.\n     *\n     * Emits a {Transfer} event.\n     */\n    function transferFrom(\n        address from,\n        address to,\n        uint256 amount\n    ) external returns (bool);\n}\n"}, "contracts/liquidator/vendor/@uniswap/v3-core/contracts/interfaces/callback/IUniswapV3FlashCallback.sol": {"content": "// SPDX-License-Identifier: GPL-2.0-or-later\npragma solidity ^0.8.30;\n\n/// @title Callback for IUniswapV3PoolActions#flash\n/// @notice Any contract that calls IUniswapV3PoolActions#flash must implement this interface\ninterface IUniswapV3FlashCallback {\n    /// @notice Called to `msg.sender` after transferring to the recipient from IUniswapV3Pool#flash.\n    /// @dev In the implementation you must repay the pool the tokens sent by flash plus the computed fee amounts.\n    /// The caller of this method must be checked to be a UniswapV3Pool deployed by the canonical UniswapV3Factory.\n    /// @param fee0 The fee amount in token0 due to the pool by the end of the flash\n    /// @param fee1 The fee amount in token1 due to the pool by the end of the flash\n    /// @param data Any data passed through by the caller via the IUniswapV3PoolActions#flash call\n    function uniswapV3FlashCallback(\n        uint256 fee0,\n        uint256 fee1,\n        bytes calldata data\n    ) external;\n}\n"}, "contracts/liquidator/vendor/@uniswap/v3-core/contracts/interfaces/callback/IUniswapV3SwapCallback.sol": {"content": "// SPDX-License-Identifier: GPL-2.0-or-later\npragma solidity ^0.8.30;\n\n/// @title Callback for IUniswapV3PoolActions#swap\n/// @notice Any contract that calls IUniswapV3PoolActions#swap must implement this interface\ninterface IUniswapV3SwapCallback {\n    /// @notice Called to `msg.sender` after executing a swap via IUniswapV3Pool#swap.\n    /// @dev In the implementation you must pay the pool tokens owed for the swap.\n    /// The caller of this method must be checked to be a UniswapV3Pool deployed by the canonical UniswapV3Factory.\n    /// amount0Delta and amount1Delta can both be 0 if no tokens were swapped.\n    /// @param amount0Delta The amount of token0 that was sent (negative) or must be received (positive) by the pool by\n    /// the end of the swap. If positive, the callback must send that amount of token0 to the pool.\n    /// @param amount1Delta The amount of token1 that was sent (negative) or must be received (positive) by the pool by\n    /// the end of the swap. If positive, the callback must send that amount of token1 to the pool.\n    /// @param data Any data passed through by the caller via the IUniswapV3PoolActions#swap call\n    function uniswapV3SwapCallback(\n        int256 amount0Delta,\n        int256 amount1Delta,\n        bytes calldata data\n    ) external;\n}\n"}, "contracts/liquidator/vendor/@uniswap/v3-core/contracts/interfaces/IUniswapV3Pool.sol": {"content": "// SPDX-License-Identifier: GPL-2.0-or-later\npragma solidity ^0.8.30;\n\nimport './pool/IUniswapV3PoolImmutables.sol';\nimport './pool/IUniswapV3PoolState.sol';\nimport './pool/IUniswapV3PoolDerivedState.sol';\nimport './pool/IUniswapV3PoolActions.sol';\nimport './pool/IUniswapV3PoolOwnerActions.sol';\nimport './pool/IUniswapV3PoolEvents.sol';\n\n/// @title The interface for a Uniswap V3 Pool\n/// @notice A Uniswap pool facilitates swapping and automated market making between any two assets that strictly conform\n/// to the ERC20 specification\n/// @dev The pool interface is broken up into many smaller pieces\ninterface IUniswapV3Pool is\n    IUniswapV3PoolImmutables,\n    IUniswapV3PoolState,\n    IUniswapV3PoolDerivedState,\n    IUniswapV3PoolActions,\n    IUniswapV3PoolOwnerActions,\n    IUniswapV3PoolEvents\n{\n\n}\n"}, "contracts/liquidator/vendor/@uniswap/v3-core/contracts/interfaces/pool/IUniswapV3PoolActions.sol": {"content": "// SPDX-License-Identifier: GPL-2.0-or-later\npragma solidity ^0.8.30;\n\n/// @title Permissionless pool actions\n/// @notice Contains pool methods that can be called by anyone\ninterface IUniswapV3PoolActions {\n    /// @notice Sets the initial price for the pool\n    /// @dev Price is represented as a sqrt(amountToken1/amountToken0) Q64.96 value\n    /// @param sqrtPriceX96 the initial sqrt price of the pool as a Q64.96\n    function initialize(uint160 sqrtPriceX96) external;\n\n    /// @notice Adds liquidity for the given recipient/tickLower/tickUpper position\n    /// @dev The caller of this method receives a callback in the form of IUniswapV3MintCallback#uniswapV3MintCallback\n    /// in which they must pay any token0 or token1 owed for the liquidity. The amount of token0/token1 due depends\n    /// on tickLower, tickUpper, the amount of liquidity, and the current price.\n    /// @param recipient The address for which the liquidity will be created\n    /// @param tickLower The lower tick of the position in which to add liquidity\n    /// @param tickUpper The upper tick of the position in which to add liquidity\n    /// @param amount The amount of liquidity to mint\n    /// @param data Any data that should be passed through to the callback\n    /// @return amount0 The amount of token0 that was paid to mint the given amount of liquidity. Matches the value in the callback\n    /// @return amount1 The amount of token1 that was paid to mint the given amount of liquidity. Matches the value in the callback\n    function mint(\n        address recipient,\n        int24 tickLower,\n        int24 tickUpper,\n        uint128 amount,\n        bytes calldata data\n    ) external returns (uint256 amount0, uint256 amount1);\n\n    /// @notice Collects tokens owed to a position\n    /// @dev Does not recompute fees earned, which must be done either via mint or burn of any amount of liquidity.\n    /// Collect must be called by the position owner. To withdraw only token0 or only token1, amount0Requested or\n    /// amount1Requested may be set to zero. To withdraw all tokens owed, caller may pass any value greater than the\n    /// actual tokens owed, e.g. type(uint128).max. Tokens owed may be from accumulated swap fees or burned liquidity.\n    /// @param recipient The address which should receive the fees collected\n    /// @param tickLower The lower tick of the position for which to collect fees\n    /// @param tickUpper The upper tick of the position for which to collect fees\n    /// @param amount0Requested How much token0 should be withdrawn from the fees owed\n    /// @param amount1Requested How much token1 should be withdrawn from the fees owed\n    /// @return amount0 The amount of fees collected in token0\n    /// @return amount1 The amount of fees collected in token1\n    function collect(\n        address recipient,\n        int24 tickLower,\n        int24 tickUpper,\n        uint128 amount0Requested,\n        uint128 amount1Requested\n    ) external returns (uint128 amount0, uint128 amount1);\n\n    /// @notice Burn liquidity from the sender and account tokens owed for the liquidity to the position\n    /// @dev Can be used to trigger a recalculation of fees owed to a position by calling with an amount of 0\n    /// @dev Fees must be collected separately via a call to #collect\n    /// @param tickLower The lower tick of the position for which to burn liquidity\n    /// @param tickUpper The upper tick of the position for which to burn liquidity\n    /// @param amount How much liquidity to burn\n    /// @return amount0 The amount of token0 sent to the recipient\n    /// @return amount1 The amount of token1 sent to the recipient\n    function burn(\n        int24 tickLower,\n        int24 tickUpper,\n        uint128 amount\n    ) external returns (uint256 amount0, uint256 amount1);\n\n    /// @notice Swap token0 for token1, or token1 for token0\n    /// @dev The caller of this method receives a callback in the form of IUniswapV3SwapCallback#uniswapV3SwapCallback\n    /// @param recipient The address to receive the output of the swap\n    /// @param zeroForOne The direction of the swap, true for token0 to token1, false for token1 to token0\n    /// @param amountSpecified The amount of the swap, which implicitly configures the swap as exact input (positive), or exact output (negative)\n    /// @param sqrtPriceLimitX96 The Q64.96 sqrt price limit. If zero for one, the price cannot be less than this\n    /// value after the swap. If one for zero, the price cannot be greater than this value after the swap\n    /// @param data Any data to be passed through to the callback\n    /// @return amount0 The delta of the balance of token0 of the pool, exact when negative, minimum when positive\n    /// @return amount1 The delta of the balance of token1 of the pool, exact when negative, minimum when positive\n    function swap(\n        address recipient,\n        bool zeroForOne,\n        int256 amountSpecified,\n        uint160 sqrtPriceLimitX96,\n        bytes calldata data\n    ) external returns (int256 amount0, int256 amount1);\n\n    /// @notice Receive token0 and/or token1 and pay it back, plus a fee, in the callback\n    /// @dev The caller of this method receives a callback in the form of IUniswapV3FlashCallback#uniswapV3FlashCallback\n    /// @dev Can be used to donate underlying tokens pro-rata to currently in-range liquidity providers by calling\n    /// with 0 amount{0,1} and sending the donation amount(s) from the callback\n    /// @param recipient The address which will receive the token0 and token1 amounts\n    /// @param amount0 The amount of token0 to send\n    /// @param amount1 The amount of token1 to send\n    /// @param data Any data to be passed through to the callback\n    function flash(\n        address recipient,\n        uint256 amount0,\n        uint256 amount1,\n        bytes calldata data\n    ) external;\n\n    /// @notice Increase the maximum number of price and liquidity observations that this pool will store\n    /// @dev This method is no-op if the pool already has an observationCardinalityNext greater than or equal to\n    /// the input observationCardinalityNext.\n    /// @param observationCardinalityNext The desired minimum number of observations for the pool to store\n    function increaseObservationCardinalityNext(uint16 observationCardinalityNext) external;\n}\n"}, "contracts/liquidator/vendor/@uniswap/v3-core/contracts/interfaces/pool/IUniswapV3PoolDerivedState.sol": {"content": "// SPDX-License-Identifier: GPL-2.0-or-later\npragma solidity ^0.8.30;\n\n/// @title Pool state that is not stored\n/// @notice Contains view functions to provide information about the pool that is computed rather than stored on the\n/// blockchain. The functions here may have variable gas costs.\ninterface IUniswapV3PoolDerivedState {\n    /// @notice Returns the cumulative tick and liquidity as of each timestamp `secondsAgo` from the current block timestamp\n    /// @dev To get a time weighted average tick or liquidity-in-range, you must call this with two values, one representing\n    /// the beginning of the period and another for the end of the period. E.g., to get the last hour time-weighted average tick,\n    /// you must call it with secondsAgos = [3600, 0].\n    /// @dev The time weighted average tick represents the geometric time weighted average price of the pool, in\n    /// log base sqrt(1.0001) of token1 / token0. The TickMath library can be used to go from a tick value to a ratio.\n    /// @param secondsAgos From how long ago each cumulative tick and liquidity value should be returned\n    /// @return tickCumulatives Cumulative tick values as of each `secondsAgos` from the current block timestamp\n    /// @return secondsPerLiquidityCumulativeX128s Cumulative seconds per liquidity-in-range value as of each `secondsAgos` from the current block\n    /// timestamp\n    function observe(uint32[] calldata secondsAgos)\n        external\n        view\n        returns (int56[] memory tickCumulatives, uint160[] memory secondsPerLiquidityCumulativeX128s);\n\n    /// @notice Returns a snapshot of the tick cumulative, seconds per liquidity and seconds inside a tick range\n    /// @dev Snapshots must only be compared to other snapshots, taken over a period for which a position existed.\n    /// I.e., snapshots cannot be compared if a position is not held for the entire period between when the first\n    /// snapshot is taken and the second snapshot is taken.\n    /// @param tickLower The lower tick of the range\n    /// @param tickUpper The upper tick of the range\n    /// @return tickCumulativeInside The snapshot of the tick accumulator for the range\n    /// @return secondsPerLiquidityInsideX128 The snapshot of seconds per liquidity for the range\n    /// @return secondsInside The snapshot of seconds per liquidity for the range\n    function snapshotCumulativesInside(int24 tickLower, int24 tickUpper)\n        external\n        view\n        returns (\n            int56 tickCumulativeInside,\n            uint160 secondsPerLiquidityInsideX128,\n            uint32 secondsInside\n        );\n}\n"}, "contracts/liquidator/vendor/@uniswap/v3-core/contracts/interfaces/pool/IUniswapV3PoolEvents.sol": {"content": "// SPDX-License-Identifier: GPL-2.0-or-later\npragma solidity ^0.8.30;\n\n/// @title Events emitted by a pool\n/// @notice Contains all events emitted by the pool\ninterface IUniswapV3PoolEvents {\n    /// @notice Emitted exactly once by a pool when #initialize is first called on the pool\n    /// @dev Mint/Burn/Swap cannot be emitted by the pool before Initialize\n    /// @param sqrtPriceX96 The initial sqrt price of the pool, as a Q64.96\n    /// @param tick The initial tick of the pool, i.e. log base 1.0001 of the starting price of the pool\n    event Initialize(uint160 sqrtPriceX96, int24 tick);\n\n    /// @notice Emitted when liquidity is minted for a given position\n    /// @param sender The address that minted the liquidity\n    /// @param owner The owner of the position and recipient of any minted liquidity\n    /// @param tickLower The lower tick of the position\n    /// @param tickUpper The upper tick of the position\n    /// @param amount The amount of liquidity minted to the position range\n    /// @param amount0 How much token0 was required for the minted liquidity\n    /// @param amount1 How much token1 was required for the minted liquidity\n    event Mint(\n        address sender,\n        address indexed owner,\n        int24 indexed tickLower,\n        int24 indexed tickUpper,\n        uint128 amount,\n        uint256 amount0,\n        uint256 amount1\n    );\n\n    /// @notice Emitted when fees are collected by the owner of a position\n    /// @dev Collect events may be emitted with zero amount0 and amount1 when the caller chooses not to collect fees\n    /// @param owner The owner of the position for which fees are collected\n    /// @param tickLower The lower tick of the position\n    /// @param tickUpper The upper tick of the position\n    /// @param amount0 The amount of token0 fees collected\n    /// @param amount1 The amount of token1 fees collected\n    event Collect(\n        address indexed owner,\n        address recipient,\n        int24 indexed tickLower,\n        int24 indexed tickUpper,\n        uint128 amount0,\n        uint128 amount1\n    );\n\n    /// @notice Emitted when a position's liquidity is removed\n    /// @dev Does not withdraw any fees earned by the liquidity position, which must be withdrawn via #collect\n    /// @param owner The owner of the position for which liquidity is removed\n    /// @param tickLower The lower tick of the position\n    /// @param tickUpper The upper tick of the position\n    /// @param amount The amount of liquidity to remove\n    /// @param amount0 The amount of token0 withdrawn\n    /// @param amount1 The amount of token1 withdrawn\n    event Burn(\n        address indexed owner,\n        int24 indexed tickLower,\n        int24 indexed tickUpper,\n        uint128 amount,\n        uint256 amount0,\n        uint256 amount1\n    );\n\n    /// @notice Emitted by the pool for any swaps between token0 and token1\n    /// @param sender The address that initiated the swap call, and that received the callback\n    /// @param recipient The address that received the output of the swap\n    /// @param amount0 The delta of the token0 balance of the pool\n    /// @param amount1 The delta of the token1 balance of the pool\n    /// @param sqrtPriceX96 The sqrt(price) of the pool after the swap, as a Q64.96\n    /// @param liquidity The liquidity of the pool after the swap\n    /// @param tick The log base 1.0001 of price of the pool after the swap\n    event Swap(\n        address indexed sender,\n        address indexed recipient,\n        int256 amount0,\n        int256 amount1,\n        uint160 sqrtPriceX96,\n        uint128 liquidity,\n        int24 tick\n    );\n\n    /// @notice Emitted by the pool for any flashes of token0/token1\n    /// @param sender The address that initiated the swap call, and that received the callback\n    /// @param recipient The address that received the tokens from flash\n    /// @param amount0 The amount of token0 that was flashed\n    /// @param amount1 The amount of token1 that was flashed\n    /// @param paid0 The amount of token0 paid for the flash, which can exceed the amount0 plus the fee\n    /// @param paid1 The amount of token1 paid for the flash, which can exceed the amount1 plus the fee\n    event Flash(\n        address indexed sender,\n        address indexed recipient,\n        uint256 amount0,\n        uint256 amount1,\n        uint256 paid0,\n        uint256 paid1\n    );\n\n    /// @notice Emitted by the pool for increases to the number of observations that can be stored\n    /// @dev observationCardinalityNext is not the observation cardinality until an observation is written at the index\n    /// just before a mint/swap/burn.\n    /// @param observationCardinalityNextOld The previous value of the next observation cardinality\n    /// @param observationCardinalityNextNew The updated value of the next observation cardinality\n    event IncreaseObservationCardinalityNext(\n        uint16 observationCardinalityNextOld,\n        uint16 observationCardinalityNextNew\n    );\n\n    /// @notice Emitted when the protocol fee is changed by the pool\n    /// @param feeProtocol0Old The previous value of the token0 protocol fee\n    /// @param feeProtocol1Old The previous value of the token1 protocol fee\n    /// @param feeProtocol0New The updated value of the token0 protocol fee\n    /// @param feeProtocol1New The updated value of the token1 protocol fee\n    event SetFeeProtocol(uint8 feeProtocol0Old, uint8 feeProtocol1Old, uint8 feeProtocol0New, uint8 feeProtocol1New);\n\n    /// @notice Emitted when the collected protocol fees are withdrawn by the factory owner\n    /// @param sender The address that collects the protocol fees\n    /// @param recipient The address that receives the collected protocol fees\n    /// @param amount0 The amount of token0 protocol fees that is withdrawn\n    /// @param amount0 The amount of token1 protocol fees that is withdrawn\n    event CollectProtocol(address indexed sender, address indexed recipient, uint128 amount0, uint128 amount1);\n}\n"}, "contracts/liquidator/vendor/@uniswap/v3-core/contracts/interfaces/pool/IUniswapV3PoolImmutables.sol": {"content": "// SPDX-License-Identifier: GPL-2.0-or-later\npragma solidity ^0.8.30;\n\n/// @title Pool state that never changes\n/// @notice These parameters are fixed for a pool forever, i.e., the methods will always return the same values\ninterface IUniswapV3PoolImmutables {\n    /// @notice The contract that deployed the pool, which must adhere to the IUniswapV3Factory interface\n    /// @return The contract address\n    function factory() external view returns (address);\n\n    /// @notice The first of the two tokens of the pool, sorted by address\n    /// @return The token contract address\n    function token0() external view returns (address);\n\n    /// @notice The second of the two tokens of the pool, sorted by address\n    /// @return The token contract address\n    function token1() external view returns (address);\n\n    /// @notice The pool's fee in hundredths of a bip, i.e. 1e-6\n    /// @return The fee\n    function fee() external view returns (uint24);\n\n    /// @notice The pool tick spacing\n    /// @dev Ticks can only be used at multiples of this value, minimum of 1 and always positive\n    /// e.g.: a tickSpacing of 3 means ticks can be initialized every 3rd tick, i.e., ..., -6, -3, 0, 3, 6, ...\n    /// This value is an int24 to avoid casting even though it is always positive.\n    /// @return The tick spacing\n    function tickSpacing() external view returns (int24);\n\n    /// @notice The maximum amount of position liquidity that can use any tick in the range\n    /// @dev This parameter is enforced per tick to prevent liquidity from overflowing a uint128 at any point, and\n    /// also prevents out-of-range liquidity from being used to prevent adding in-range liquidity to a pool\n    /// @return The max amount of liquidity per tick\n    function maxLiquidityPerTick() external view returns (uint128);\n}\n"}, "contracts/liquidator/vendor/@uniswap/v3-core/contracts/interfaces/pool/IUniswapV3PoolOwnerActions.sol": {"content": "// SPDX-License-Identifier: GPL-2.0-or-later\npragma solidity ^0.8.30;\n\n/// @title Permissioned pool actions\n/// @notice Contains pool methods that may only be called by the factory owner\ninterface IUniswapV3PoolOwnerActions {\n    /// @notice Set the denominator of the protocol's % share of the fees\n    /// @param feeProtocol0 new protocol fee for token0 of the pool\n    /// @param feeProtocol1 new protocol fee for token1 of the pool\n    function setFeeProtocol(uint8 feeProtocol0, uint8 feeProtocol1) external;\n\n    /// @notice Collect the protocol fee accrued to the pool\n    /// @param recipient The address to which collected protocol fees should be sent\n    /// @param amount0Requested The maximum amount of token0 to send, can be 0 to collect fees in only token1\n    /// @param amount1Requested The maximum amount of token1 to send, can be 0 to collect fees in only token0\n    /// @return amount0 The protocol fee collected in token0\n    /// @return amount1 The protocol fee collected in token1\n    function collectProtocol(\n        address recipient,\n        uint128 amount0Requested,\n        uint128 amount1Requested\n    ) external returns (uint128 amount0, uint128 amount1);\n}\n"}, "contracts/liquidator/vendor/@uniswap/v3-core/contracts/interfaces/pool/IUniswapV3PoolState.sol": {"content": "// SPDX-License-Identifier: GPL-2.0-or-later\npragma solidity ^0.8.30;\n\n/// @title Pool state that can change\n/// @notice These methods compose the pool's state, and can change with any frequency including multiple times\n/// per transaction\ninterface IUniswapV3PoolState {\n    /// @notice The 0th storage slot in the pool stores many values, and is exposed as a single method to save gas\n    /// when accessed externally.\n    /// @return sqrtPriceX96 The current price of the pool as a sqrt(token1/token0) Q64.96 value\n    /// tick The current tick of the pool, i.e. according to the last tick transition that was run.\n    /// This value may not always be equal to SqrtTickMath.getTickAtSqrtRatio(sqrtPriceX96) if the price is on a tick\n    /// boundary.\n    /// observationIndex The index of the last oracle observation that was written,\n    /// observationCardinality The current maximum number of observations stored in the pool,\n    /// observationCardinalityNext The next maximum number of observations, to be updated when the observation.\n    /// feeProtocol The protocol fee for both tokens of the pool.\n    /// Encoded as two 4 bit values, where the protocol fee of token1 is shifted 4 bits and the protocol fee of token0\n    /// is the lower 4 bits. Used as the denominator of a fraction of the swap fee, e.g. 4 means 1/4th of the swap fee.\n    /// unlocked Whether the pool is currently locked to reentrancy\n    function slot0()\n        external\n        view\n        returns (\n            uint160 sqrtPriceX96,\n            int24 tick,\n            uint16 observationIndex,\n            uint16 observationCardinality,\n            uint16 observationCardinalityNext,\n            uint8 feeProtocol,\n            bool unlocked\n        );\n\n    /// @notice The fee growth as a Q128.128 fees of token0 collected per unit of liquidity for the entire life of the pool\n    /// @dev This value can overflow the uint256\n    function feeGrowthGlobal0X128() external view returns (uint256);\n\n    /// @notice The fee growth as a Q128.128 fees of token1 collected per unit of liquidity for the entire life of the pool\n    /// @dev This value can overflow the uint256\n    function feeGrowthGlobal1X128() external view returns (uint256);\n\n    /// @notice The amounts of token0 and token1 that are owed to the protocol\n    /// @dev Protocol fees will never exceed uint128 max in either token\n    function protocolFees() external view returns (uint128 token0, uint128 token1);\n\n    /// @notice The currently in range liquidity available to the pool\n    /// @dev This value has no relationship to the total liquidity across all ticks\n    function liquidity() external view returns (uint128);\n\n    /// @notice Look up information about a specific tick in the pool\n    /// @param tick The tick to look up\n    /// @return liquidityGross the total amount of position liquidity that uses the pool either as tick lower or\n    /// tick upper,\n    /// liquidityNet how much liquidity changes when the pool price crosses the tick,\n    /// feeGrowthOutside0X128 the fee growth on the other side of the tick from the current tick in token0,\n    /// feeGrowthOutside1X128 the fee growth on the other side of the tick from the current tick in token1,\n    /// tickCumulativeOutside the cumulative tick value on the other side of the tick from the current tick\n    /// secondsPerLiquidityOutsideX128 the seconds spent per liquidity on the other side of the tick from the current tick,\n    /// secondsOutside the seconds spent on the other side of the tick from the current tick,\n    /// initialized Set to true if the tick is initialized, i.e. liquidityGross is greater than 0, otherwise equal to false.\n    /// Outside values can only be used if the tick is initialized, i.e. if liquidityGross is greater than 0.\n    /// In addition, these values are only relative and must be used only in comparison to previous snapshots for\n    /// a specific position.\n    function ticks(int24 tick)\n        external\n        view\n        returns (\n            uint128 liquidityGross,\n            int128 liquidityNet,\n            uint256 feeGrowthOutside0X128,\n            uint256 feeGrowthOutside1X128,\n            int56 tickCumulativeOutside,\n            uint160 secondsPerLiquidityOutsideX128,\n            uint32 secondsOutside,\n            bool initialized\n        );\n\n    /// @notice Returns 256 packed tick initialized boolean values. See TickBitmap for more information\n    function tickBitmap(int16 wordPosition) external view returns (uint256);\n\n    /// @notice Returns the information about a position by the position's key\n    /// @param key The position's key is a hash of a preimage composed by the owner, tickLower and tickUpper\n    /// @return _liquidity The amount of liquidity in the position,\n    /// Returns feeGrowthInside0LastX128 fee growth of token0 inside the tick range as of the last mint/burn/poke,\n    /// Returns feeGrowthInside1LastX128 fee growth of token1 inside the tick range as of the last mint/burn/poke,\n    /// Returns tokensOwed0 the computed amount of token0 owed to the position as of the last mint/burn/poke,\n    /// Returns tokensOwed1 the computed amount of token1 owed to the position as of the last mint/burn/poke\n    function positions(bytes32 key)\n        external\n        view\n        returns (\n            uint128 _liquidity,\n            uint256 feeGrowthInside0LastX128,\n            uint256 feeGrowthInside1LastX128,\n            uint128 tokensOwed0,\n            uint128 tokensOwed1\n        );\n\n    /// @notice Returns data about a specific observation index\n    /// @param index The element of the observations array to fetch\n    /// @dev You most likely want to use #observe() instead of this method to get an observation as of some amount of time\n    /// ago, rather than at a specific index in the array.\n    /// @return blockTimestamp The timestamp of the observation,\n    /// Returns tickCumulative the tick multiplied by seconds elapsed for the life of the pool as of the observation timestamp,\n    /// Returns secondsPerLiquidityCumulativeX128 the seconds per in range liquidity for the life of the pool as of the observation timestamp,\n    /// Returns initialized whether the observation has been initialized and the values are safe to use\n    function observations(uint256 index)\n        external\n        view\n        returns (\n            uint32 blockTimestamp,\n            int56 tickCumulative,\n            uint160 secondsPerLiquidityCumulativeX128,\n            bool initialized\n        );\n}\n"}, "contracts/liquidator/vendor/@uniswap/v3-periphery/contracts/base/PeripheryImmutableState.sol": {"content": "// SPDX-License-Identifier: GPL-2.0-or-later\npragma solidity ^0.8.30;\n\nimport '../interfaces/IPeripheryImmutableState.sol';\n\n/// @title Immutable state\n/// @notice Immutable state used by periphery contracts\nabstract contract PeripheryImmutableState is IPeripheryImmutableState {\n    /// @inheritdoc IPeripheryImmutableState\n    address public immutable override factory;\n    /// @inheritdoc IPeripheryImmutableState\n    address public immutable override WETH9;\n\n    constructor(address _factory, address _WETH9) {\n        factory = _factory;\n        WETH9 = _WETH9;\n    }\n}\n"}, "contracts/liquidator/vendor/@uniswap/v3-periphery/contracts/base/PeripheryPayments.sol": {"content": "// SPDX-License-Identifier: GPL-2.0-or-later\npragma solidity ^0.8.30;\n\nimport '../../../../@openzeppelin/contracts/token/ERC20/IERC20.sol';\n\nimport '../interfaces/IPeripheryPayments.sol';\nimport '../interfaces/external/IWETH9.sol';\n\nimport '../libraries/TransferHelper.sol';\n\nimport './PeripheryImmutableState.sol';\n\nabstract contract PeripheryPayments is IPeripheryPayments, PeripheryImmutableState {\n    /// @inheritdoc IPeripheryPayments\n    function unwrapWETH9(uint256 amountMinimum, address recipient) public payable override {\n        uint256 balanceWETH9 = IWETH9(WETH9).balanceOf(address(this));\n        require(balanceWETH9 >= amountMinimum, 'Insufficient WETH9');\n\n        if (balanceWETH9 > 0) {\n            IWETH9(WETH9).withdraw(balanceWETH9);\n            TransferHelper.safeTransferETH(recipient, balanceWETH9);\n        }\n    }\n\n    /// @inheritdoc IPeripheryPayments\n    function sweepToken(\n        address token,\n        uint256 amountMinimum,\n        address recipient\n    ) public payable override {\n        uint256 balanceToken = IERC20(token).balanceOf(address(this));\n        require(balanceToken >= amountMinimum, 'Insufficient token');\n\n        if (balanceToken > 0) {\n            TransferHelper.safeTransfer(token, recipient, balanceToken);\n        }\n    }\n\n    /// @inheritdoc IPeripheryPayments\n    function refundETH() external payable override {\n        if (address(this).balance > 0) TransferHelper.safeTransferETH(msg.sender, address(this).balance);\n    }\n\n    /// @param token The token to pay\n    /// @param payer The entity that must pay\n    /// @param recipient The entity that will receive payment\n    /// @param value The amount to pay\n    function pay(\n        address token,\n        address payer,\n        address recipient,\n        uint256 value\n    ) internal {\n        if (token == WETH9 && address(this).balance >= value) {\n            // pay with WETH9\n            IWETH9(WETH9).deposit{value: value}(); // wrap only what is needed to pay\n            IWETH9(WETH9).transfer(recipient, value);\n        } else if (payer == address(this)) {\n            // pay with tokens already in the contract (for the exact input multihop case)\n            TransferHelper.safeTransfer(token, recipient, value);\n        } else {\n            // pull payment\n            TransferHelper.safeTransferFrom(token, payer, recipient, value);\n        }\n    }\n}\n"}, "contracts/liquidator/vendor/@uniswap/v3-periphery/contracts/interfaces/external/IWETH9.sol": {"content": "// SPDX-License-Identifier: GPL-2.0-or-later\npragma solidity ^0.8.30;\n\nimport '../../../../../@openzeppelin/contracts/token/ERC20/IERC20.sol';\n\n/// @title Interface for WETH9\ninterface IWETH9 is IERC20 {\n    /// @notice Deposit ether to get wrapped ether\n    function deposit() external payable;\n\n    /// @notice Withdraw wrapped ether to get ether\n    function withdraw(uint256) external;\n}\n"}, "contracts/liquidator/vendor/@uniswap/v3-periphery/contracts/interfaces/IPeripheryImmutableState.sol": {"content": "// SPDX-License-Identifier: GPL-2.0-or-later\npragma solidity ^0.8.30;\n\n/// @title Immutable state\n/// @notice Functions that return immutable state of the router\ninterface IPeripheryImmutableState {\n    /// @return Returns the address of the Uniswap V3 factory\n    function factory() external view returns (address);\n\n    /// @return Returns the address of WETH9\n    function WETH9() external view returns (address);\n}\n"}, "contracts/liquidator/vendor/@uniswap/v3-periphery/contracts/interfaces/IPeripheryPayments.sol": {"content": "// SPDX-License-Identifier: GPL-2.0-or-later\npragma solidity ^0.8.30;\n\n/// @title Periphery Payments\n/// @notice Functions to ease deposits and withdrawals of ETH\ninterface IPeripheryPayments {\n    /// @notice Unwraps the contract's WETH9 balance and sends it to recipient as ETH.\n    /// @dev The amountMinimum parameter prevents malicious contracts from stealing WETH9 from users.\n    /// @param amountMinimum The minimum amount of WETH9 to unwrap\n    /// @param recipient The address receiving ETH\n    function unwrapWETH9(uint256 amountMinimum, address recipient) external payable;\n\n    /// @notice Refunds any ETH balance held by this contract to the `msg.sender`\n    /// @dev Useful for bundling with mint or increase liquidity that uses ether, or exact output swaps\n    /// that use ether for the input amount\n    function refundETH() external payable;\n\n    /// @notice Transfers the full amount of a token held by this contract to recipient\n    /// @dev The amountMinimum parameter prevents malicious contracts from stealing the token from users\n    /// @param token The contract address of the token which will be transferred to `recipient`\n    /// @param amountMinimum The minimum amount of token required for a transfer\n    /// @param recipient The destination address of the token\n    function sweepToken(\n        address token,\n        uint256 amountMinimum,\n        address recipient\n    ) external payable;\n}\n"}, "contracts/liquidator/vendor/@uniswap/v3-periphery/contracts/interfaces/ISwapRouter.sol": {"content": "// SPDX-License-Identifier: GPL-2.0-or-later\npragma solidity ^0.8.30;\npragma abicoder v2;\n\nimport '../../../v3-core/contracts/interfaces/callback/IUniswapV3SwapCallback.sol';\n\n/// @title Router token swapping functionality\n/// @notice Functions for swapping tokens via Uniswap V3\ninterface ISwapRouter is IUniswapV3SwapCallback {\n    struct ExactInputSingleParams {\n        address tokenIn;\n        address tokenOut;\n        uint24 fee;\n        address recipient;\n        uint256 deadline;\n        uint256 amountIn;\n        uint256 amountOutMinimum;\n        uint160 sqrtPriceLimitX96;\n    }\n\n    /// @notice Swaps `amountIn` of one token for as much as possible of another token\n    /// @param params The parameters necessary for the swap, encoded as `ExactInputSingleParams` in calldata\n    /// @return amountOut The amount of the received token\n    function exactInputSingle(ExactInputSingleParams calldata params) external payable returns (uint256 amountOut);\n\n    struct ExactInputParams {\n        bytes path;\n        address recipient;\n        uint256 deadline;\n        uint256 amountIn;\n        uint256 amountOutMinimum;\n    }\n\n    /// @notice Swaps `amountIn` of one token for as much as possible of another along the specified path\n    /// @param params The parameters necessary for the multi-hop swap, encoded as `ExactInputParams` in calldata\n    /// @return amountOut The amount of the received token\n    function exactInput(ExactInputParams calldata params) external payable returns (uint256 amountOut);\n\n    struct ExactOutputSingleParams {\n        address tokenIn;\n        address tokenOut;\n        uint24 fee;\n        address recipient;\n        uint256 deadline;\n        uint256 amountOut;\n        uint256 amountInMaximum;\n        uint160 sqrtPriceLimitX96;\n    }\n\n    /// @notice Swaps as little as possible of one token for `amountOut` of another token\n    /// @param params The parameters necessary for the swap, encoded as `ExactOutputSingleParams` in calldata\n    /// @return amountIn The amount of the input token\n    function exactOutputSingle(ExactOutputSingleParams calldata params) external payable returns (uint256 amountIn);\n\n    struct ExactOutputParams {\n        bytes path;\n        address recipient;\n        uint256 deadline;\n        uint256 amountOut;\n        uint256 amountInMaximum;\n    }\n\n    /// @notice Swaps as little as possible of one token for `amountOut` of another along the specified path (reversed)\n    /// @param params The parameters necessary for the multi-hop swap, encoded as `ExactOutputParams` in calldata\n    /// @return amountIn The amount of the input token\n    function exactOutput(ExactOutputParams calldata params) external payable returns (uint256 amountIn);\n}\n"}, "contracts/liquidator/vendor/@uniswap/v3-periphery/contracts/libraries/CallbackValidation.sol": {"content": "// SPDX-License-Identifier: GPL-2.0-or-later\npragma solidity ^0.8.30;\n\nimport '../../../v3-core/contracts/interfaces/IUniswapV3Pool.sol';\nimport './PoolAddress.sol';\n\n/// @notice Provides validation for callbacks from Uniswap V3 Pools\nlibrary CallbackValidation {\n    /// @notice Returns the address of a valid Uniswap V3 Pool\n    /// @param factory The contract address of the Uniswap V3 factory\n    /// @param tokenA The contract address of either token0 or token1\n    /// @param tokenB The contract address of the other token\n    /// @param fee The fee collected upon every swap in the pool, denominated in hundredths of a bip\n    /// @return pool The V3 pool contract address\n    function verifyCallback(\n        address factory,\n        address tokenA,\n        address tokenB,\n        uint24 fee\n    ) internal view returns (IUniswapV3Pool pool) {\n        return verifyCallback(factory, PoolAddress.getPoolKey(tokenA, tokenB, fee));\n    }\n\n    /// @notice Returns the address of a valid Uniswap V3 Pool\n    /// @param factory The contract address of the Uniswap V3 factory\n    /// @param poolKey The identifying key of the V3 pool\n    /// @return pool The V3 pool contract address\n    function verifyCallback(address factory, PoolAddress.PoolKey memory poolKey)\n        internal\n        view\n        returns (IUniswapV3Pool pool)\n    {\n        pool = IUniswapV3Pool(PoolAddress.computeAddress(factory, poolKey));\n        require(msg.sender == address(pool));\n    }\n}\n"}, "contracts/liquidator/vendor/@uniswap/v3-periphery/contracts/libraries/PoolAddress.sol": {"content": "// SPDX-License-Identifier: GPL-2.0-or-later\npragma solidity ^0.8.30;\n\n/// @title Provides functions for deriving a pool address from the factory, tokens, and the fee\nlibrary PoolAddress {\n    bytes32 internal constant POOL_INIT_CODE_HASH = 0xe34f199b19b2b4f47f68442619d555527d244f78a3297ea89325f843f87b8b54;\n\n    /// @notice The identifying key of the pool\n    struct PoolKey {\n        address token0;\n        address token1;\n        uint24 fee;\n    }\n\n    /// @notice Returns PoolKey: the ordered tokens with the matched fee levels\n    /// @param tokenA The first token of a pool, unsorted\n    /// @param tokenB The second token of a pool, unsorted\n    /// @param fee The fee level of the pool\n    /// @return Poolkey The pool details with ordered token0 and token1 assignments\n    function getPoolKey(\n        address tokenA,\n        address tokenB,\n        uint24 fee\n    ) internal pure returns (PoolKey memory) {\n        if (tokenA > tokenB) (tokenA, tokenB) = (tokenB, tokenA);\n        return PoolKey({token0: tokenA, token1: tokenB, fee: fee});\n    }\n\n    /// @notice Deterministically computes the pool address given the factory and PoolKey\n    /// @param factory The Uniswap V3 factory contract address\n    /// @param key The PoolKey\n    /// @return pool The contract address of the V3 pool\n    function computeAddress(address factory, PoolKey memory key) internal pure returns (address pool) {\n        require(key.token0 < key.token1);\n        pool = address(\n            uint160(\n                uint256(\n                    keccak256(\n                        abi.encodePacked(\n                            hex'ff',\n                            factory,\n                            keccak256(abi.encode(key.token0, key.token1, key.fee)),\n                            POOL_INIT_CODE_HASH\n                        )\n                    )\n                )\n            )\n        );\n    }\n}"}, "contracts/liquidator/vendor/@uniswap/v3-periphery/contracts/libraries/TransferHelper.sol": {"content": "// SPDX-License-Identifier: GPL-2.0-or-later\npragma solidity ^0.8.30;\n\nimport '../../../../@openzeppelin/contracts/token/ERC20/IERC20.sol';\n\nlibrary TransferHelper {\n    /// @notice Transfers tokens from the targeted address to the given destination\n    /// @notice Errors with 'STF' if transfer fails\n    /// @param token The contract address of the token to be transferred\n    /// @param from The originating address from which the tokens will be transferred\n    /// @param to The destination address of the transfer\n    /// @param value The amount to be transferred\n    function safeTransferFrom(\n        address token,\n        address from,\n        address to,\n        uint256 value\n    ) internal {\n        (bool success, bytes memory data) =\n            token.call(abi.encodeWithSelector(IERC20.transferFrom.selector, from, to, value));\n        require(success && (data.length == 0 || abi.decode(data, (bool))), 'STF');\n    }\n\n    /// @notice Transfers tokens from msg.sender to a recipient\n    /// @dev Errors with ST if transfer fails\n    /// @param token The contract address of the token which will be transferred\n    /// @param to The recipient of the transfer\n    /// @param value The value of the transfer\n    function safeTransfer(\n        address token,\n        address to,\n        uint256 value\n    ) internal {\n        (bool success, bytes memory data) = token.call(abi.encodeWithSelector(IERC20.transfer.selector, to, value));\n        require(success && (data.length == 0 || abi.decode(data, (bool))), 'ST');\n    }\n\n    /// @notice Approves the stipulated contract to spend the given allowance in the given token\n    /// @dev Errors with 'SA' if transfer fails\n    /// @param token The contract address of the token to be approved\n    /// @param to The target of the approval\n    /// @param value The amount of the given token the target will be allowed to spend\n    function safeApprove(\n        address token,\n        address to,\n        uint256 value\n    ) internal {\n        (bool success, bytes memory data) = token.call(abi.encodeWithSelector(IERC20.approve.selector, to, value));\n        require(success && (data.length == 0 || abi.decode(data, (bool))), 'SA');\n    }\n\n    /// @notice Transfers ETH to the recipient address\n    /// @dev Fails with `STE`\n    /// @param to The destination of the transfer\n    /// @param value The value to be transferred\n    function safeTransferETH(address to, uint256 value) internal {\n        (bool success, ) = to.call{value: value}(new bytes(0));\n        require(success, 'STE');\n    }\n}\n"}}, "settings": {"optimizer": {"enabled": true, "runs": 200}, "outputSelection": {"*": {"*": ["abi", "metadata", "evm.bytecode", "evm.deployedBytecode", "evm.methodIdentifiers", "evm.legacyAssembly", "evm.bytecode.opcodes"]}}, "viaIR": true, "libraries": {}, "metadata": {"appendCBOR": false}}}