{"language": "Solidity", "sources": {"calldata_array_dynamic_invalid_static_middle.sol": {"content": "pragma abicoder               v2;\n\n\ncontract C {\n    function f(uint256[][1][] calldata a) external returns (uint256) {\n        return 42;\n    }\n\n    function g(uint256[][1][] calldata a) external returns (uint256) {\n        a[0];\n        return 42;\n    }\n\n    function h(uint256[][1][] calldata a) external returns (uint256) {\n        a[0][0];\n        return 42;\n    }\n}\n// ----\n// f(uint256[][1][]): 0x20, 0x0 -> 42 # valid access stub #\n// f(uint256[][1][]): 0x20, 0x1 -> FAILURE # invalid on argument decoding #\n// f(uint256[][1][]): 0x20, 0x1, 0x20 -> 42 # invalid on outer access #\n// g(uint256[][1][]): 0x20, 0x1, 0x20 -> FAILURE\n// f(uint256[][1][]): 0x20, 0x1, 0x20, 0x20 -> 42 # invalid on inner access #\n// g(uint256[][1][]): 0x20, 0x1, 0x20, 0x20 -> 42\n// h(uint256[][1][]): 0x20, 0x1, 0x20, 0x20 -> FAILURE\n// f(uint256[][1][]): 0x20, 0x1, 0x20, 0x20, 0x1 -> 42\n// g(uint256[][1][]): 0x20, 0x1, 0x20, 0x20, 0x1 -> 42\n// h(uint256[][1][]): 0x20, 0x1, 0x20, 0x20, 0x1 -> FAILURE\n"}}, "settings": {"optimizer": {"enabled": true, "runs": 200}, "outputSelection": {"*": {"*": ["abi", "metadata", "evm.bytecode", "evm.deployedBytecode", "evm.methodIdentifiers", "evm.legacyAssembly", "evm.bytecode.opcodes", "yulCFGJson"]}}, "metadata": {"appendCBOR": false}, "viaIR": true}}