{"language": "Solidity", "sources": {"copy_from_calldata_removes_bytes_data.sol": {"content": "contract c {\n    function set() public returns (bool) { data = msg.data; return true; }\n    function checkIfDataIsEmpty() public returns (bool) { return data.length == 0; }\n    function sendMessage() public returns (bool, bytes memory) { bytes memory emptyData; return address(this).call(emptyData);}\n    fallback() external { data = msg.data; }\n    bytes data;\n}\n// ====\n// EVMVersion: >=byzantium\n// ----\n// (): 1, 2, 3, 4, 5 ->\n// gas irOptimized: 155122\n// gas legacy: 155473\n// gas legacyOptimized: 155295\n// checkIfDataIsEmpty() -> false\n// sendMessage() -> true, 0x40, 0\n// checkIfDataIsEmpty() -> true\n"}}, "settings": {"optimizer": {"enabled": true, "runs": 200}, "outputSelection": {"*": {"*": ["abi", "metadata", "evm.bytecode", "evm.deployedBytecode", "evm.methodIdentifiers", "evm.legacyAssembly", "evm.bytecode.opcodes", "yulCFGJson"]}}, "metadata": {"appendCBOR": false}, "viaIR": true}}