{"language": "Solidity", "sources": {"byte_array_to_storage_cleanup.sol": {"content": "contract C {\n    event ev(uint[], uint);\n    bytes public s;\n    function h() external returns (bytes memory) {\n        uint[] memory x = new uint[](2);\n        emit ev(x, 0x21);\n        bytes memory m = new bytes(63);\n        s = m;\n        s.push();\n        return s;\n    }\n    function g() external returns (bytes memory) {\n        bytes memory m = new bytes(63);\n        assembly {\n            mstore8(add(m, add(32, 63)), 0x42)\n        }\n        s = m;\n        s.push();\n        return s;\n    }\n    function f(bytes calldata c) external returns (bytes memory) {\n        s = c;\n        s.push();\n        return s;\n    }\n}\n// ====\n// compileViaYul: also\n// ----\n// constructor() ->\n// gas irOptimized: 82100\n// gas irOptimized code: 357600\n// gas legacy: 101532\n// gas legacy code: 604800\n// gas legacyOptimized: 84956\n// gas legacyOptimized code: 391800\n// h() -> 0x20, 0x40, 0x00, 0\n// ~ emit ev(uint256[],uint256): 0x40, 0x21, 0x02, 0x00, 0x00\n// g() -> 0x20, 0x40, 0, 0x00\n// f(bytes): 0x20, 33, 0, -1 -> 0x20, 0x22, 0, 0xff00000000000000000000000000000000000000000000000000000000000000\n"}}, "settings": {"optimizer": {"enabled": true, "runs": 200}, "outputSelection": {"*": {"*": ["abi", "metadata", "evm.bytecode", "evm.deployedBytecode", "evm.methodIdentifiers", "evm.legacyAssembly", "evm.bytecode.opcodes", "yulCFGJson"]}}, "metadata": {"appendCBOR": false}, "viaIR": true}}