{"language": "Solidity", "settings": {"evmVersion": "paris", "libraries": {}, "metadata": {"appendCBOR": false}, "optimizer": {"enabled": true, "runs": 200}, "remappings": [], "viaIR": true, "outputSelection": {"*": {"*": ["abi", "metadata", "evm.bytecode", "evm.deployedBytecode", "evm.methodIdentifiers", "evm.legacyAssembly", "evm.bytecode.opcodes"]}}}, "sources": {"@openzeppelin/contracts-upgradeable/access/OwnableUpgradeable.sol": {"content": "// SPDX-License-Identifier: MIT\n// OpenZeppelin Contracts (last updated v4.9.0) (access/Ownable.sol)\n\npragma solidity ^0.8.30;\n\nimport \"../utils/ContextUpgradeable.sol\";\nimport \"../proxy/utils/Initializable.sol\";\n\n/**\n * @dev Contract module which provides a basic access control mechanism, where\n * there is an account (an owner) that can be granted exclusive access to\n * specific functions.\n *\n * By default, the owner account will be the one that deploys the contract. This\n * can later be changed with {transferOwnership}.\n *\n * This module is used through inheritance. It will make available the modifier\n * `onlyOwner`, which can be applied to your functions to restrict their use to\n * the owner.\n */\nabstract contract OwnableUpgradeable is Initializable, ContextUpgradeable {\n    address private _owner;\n\n    event OwnershipTransferred(address indexed previousOwner, address indexed newOwner);\n\n    /**\n     * @dev Initializes the contract setting the deployer as the initial owner.\n     */\n    function __Ownable_init() internal onlyInitializing {\n        __Ownable_init_unchained();\n    }\n\n    function __Ownable_init_unchained() internal onlyInitializing {\n        _transferOwnership(_msgSender());\n    }\n\n    /**\n     * @dev Throws if called by any account other than the owner.\n     */\n    modifier onlyOwner() {\n        _checkOwner();\n        _;\n    }\n\n    /**\n     * @dev Returns the address of the current owner.\n     */\n    function owner() public view virtual returns (address) {\n        return _owner;\n    }\n\n    /**\n     * @dev Throws if the sender is not the owner.\n     */\n    function _checkOwner() internal view virtual {\n        require(owner() == _msgSender(), \"Ownable: caller is not the owner\");\n    }\n\n    /**\n     * @dev Leaves the contract without owner. It will not be possible to call\n     * `onlyOwner` functions. Can only be called by the current owner.\n     *\n     * NOTE: Renouncing ownership will leave the contract without an owner,\n     * thereby disabling any functionality that is only available to the owner.\n     */\n    function renounceOwnership() public virtual onlyOwner {\n        _transferOwnership(address(0));\n    }\n\n    /**\n     * @dev Transfers ownership of the contract to a new account (`newOwner`).\n     * Can only be called by the current owner.\n     */\n    function transferOwnership(address newOwner) public virtual onlyOwner {\n        require(newOwner != address(0), \"Ownable: new owner is the zero address\");\n        _transferOwnership(newOwner);\n    }\n\n    /**\n     * @dev Transfers ownership of the contract to a new account (`newOwner`).\n     * Internal function without access restriction.\n     */\n    function _transferOwnership(address newOwner) internal virtual {\n        address oldOwner = _owner;\n        _owner = newOwner;\n        emit OwnershipTransferred(oldOwner, newOwner);\n    }\n\n    /**\n     * @dev This empty reserved space is put in place to allow future versions to add new\n     * variables without shifting down storage in the inheritance chain.\n     * See https://docs.openzeppelin.com/contracts/4.x/upgradeable#storage_gaps\n     */\n    uint256[49] private __gap;\n}\n"}, "@openzeppelin/contracts-upgradeable/proxy/utils/Initializable.sol": {"content": "// SPDX-License-Identifier: MIT\n// OpenZeppelin Contracts (last updated v4.9.0) (proxy/utils/Initializable.sol)\n\npragma solidity ^0.8.30;\n\nimport \"../../utils/AddressUpgradeable.sol\";\n\n/**\n * @dev This is a base contract to aid in writing upgradeable contracts, or any kind of contract that will be deployed\n * behind a proxy. Since proxied contracts do not make use of a constructor, it's common to move constructor logic to an\n * external initializer function, usually called `initialize`. It then becomes necessary to protect this initializer\n * function so it can only be called once. The {initializer} modifier provided by this contract will have this effect.\n *\n * The initialization functions use a version number. Once a version number is used, it is consumed and cannot be\n * reused. This mechanism prevents re-execution of each \"step\" but allows the creation of new initialization steps in\n * case an upgrade adds a module that needs to be initialized.\n *\n * For example:\n *\n * [.hljs-theme-light.nopadding]\n * ```solidity\n * contract MyToken is ERC20Upgradeable {\n *     function initialize() initializer public {\n *         __ERC20_init(\"MyToken\", \"MTK\");\n *     }\n * }\n *\n * contract MyTokenV2 is MyToken, ERC20PermitUpgradeable {\n *     function initializeV2() reinitializer(2) public {\n *         __ERC20Permit_init(\"MyToken\");\n *     }\n * }\n * ```\n *\n * TIP: To avoid leaving the proxy in an uninitialized state, the initializer function should be called as early as\n * possible by providing the encoded function call as the `_data` argument to {ERC1967Proxy-constructor}.\n *\n * CAUTION: When used with inheritance, manual care must be taken to not invoke a parent initializer twice, or to ensure\n * that all initializers are idempotent. This is not verified automatically as constructors are by Solidity.\n *\n * [CAUTION]\n * ====\n * Avoid leaving a contract uninitialized.\n *\n * An uninitialized contract can be taken over by an attacker. This applies to both a proxy and its implementation\n * contract, which may impact the proxy. To prevent the implementation contract from being used, you should invoke\n * the {_disableInitializers} function in the constructor to automatically lock it when it is deployed:\n *\n * [.hljs-theme-light.nopadding]\n * ```\n * /// @custom:oz-upgrades-unsafe-allow constructor\n * constructor() {\n *     _disableInitializers();\n * }\n * ```\n * ====\n */\nabstract contract Initializable {\n    /**\n     * @dev Indicates that the contract has been initialized.\n     * @custom:oz-retyped-from bool\n     */\n    uint8 private _initialized;\n\n    /**\n     * @dev Indicates that the contract is in the process of being initialized.\n     */\n    bool private _initializing;\n\n    /**\n     * @dev Triggered when the contract has been initialized or reinitialized.\n     */\n    event Initialized(uint8 version);\n\n    /**\n     * @dev A modifier that defines a protected initializer function that can be invoked at most once. In its scope,\n     * `onlyInitializing` functions can be used to initialize parent contracts.\n     *\n     * Similar to `reinitializer(1)`, except that functions marked with `initializer` can be nested in the context of a\n     * constructor.\n     *\n     * Emits an {Initialized} event.\n     */\n    modifier initializer() {\n        bool isTopLevelCall = !_initializing;\n        require(\n            (isTopLevelCall && _initialized < 1) || (!AddressUpgradeable.isContract(address(this)) && _initialized == 1),\n            \"Initializable: contract is already initialized\"\n        );\n        _initialized = 1;\n        if (isTopLevelCall) {\n            _initializing = true;\n        }\n        _;\n        if (isTopLevelCall) {\n            _initializing = false;\n            emit Initialized(1);\n        }\n    }\n\n    /**\n     * @dev A modifier that defines a protected reinitializer function that can be invoked at most once, and only if the\n     * contract hasn't been initialized to a greater version before. In its scope, `onlyInitializing` functions can be\n     * used to initialize parent contracts.\n     *\n     * A reinitializer may be used after the original initialization step. This is essential to configure modules that\n     * are added through upgrades and that require initialization.\n     *\n     * When `version` is 1, this modifier is similar to `initializer`, except that functions marked with `reinitializer`\n     * cannot be nested. If one is invoked in the context of another, execution will revert.\n     *\n     * Note that versions can jump in increments greater than 1; this implies that if multiple reinitializers coexist in\n     * a contract, executing them in the right order is up to the developer or operator.\n     *\n     * WARNING: setting the version to 255 will prevent any future reinitialization.\n     *\n     * Emits an {Initialized} event.\n     */\n    modifier reinitializer(uint8 version) {\n        require(!_initializing && _initialized < version, \"Initializable: contract is already initialized\");\n        _initialized = version;\n        _initializing = true;\n        _;\n        _initializing = false;\n        emit Initialized(version);\n    }\n\n    /**\n     * @dev Modifier to protect an initialization function so that it can only be invoked by functions with the\n     * {initializer} and {reinitializer} modifiers, directly or indirectly.\n     */\n    modifier onlyInitializing() {\n        require(_initializing, \"Initializable: contract is not initializing\");\n        _;\n    }\n\n    /**\n     * @dev Locks the contract, preventing any future reinitialization. This cannot be part of an initializer call.\n     * Calling this in the constructor of a contract will prevent that contract from being initialized or reinitialized\n     * to any version. It is recommended to use this to lock implementation contracts that are designed to be called\n     * through proxies.\n     *\n     * Emits an {Initialized} event the first time it is successfully executed.\n     */\n    function _disableInitializers() internal virtual {\n        require(!_initializing, \"Initializable: contract is initializing\");\n        if (_initialized != type(uint8).max) {\n            _initialized = type(uint8).max;\n            emit Initialized(type(uint8).max);\n        }\n    }\n\n    /**\n     * @dev Returns the highest version that has been initialized. See {reinitializer}.\n     */\n    function _getInitializedVersion() internal view returns (uint8) {\n        return _initialized;\n    }\n\n    /**\n     * @dev Returns `true` if the contract is currently initializing. See {onlyInitializing}.\n     */\n    function _isInitializing() internal view returns (bool) {\n        return _initializing;\n    }\n}\n"}, "@openzeppelin/contracts-upgradeable/security/PausableUpgradeable.sol": {"content": "// SPDX-License-Identifier: MIT\n// OpenZeppelin Contracts (last updated v4.7.0) (security/Pausable.sol)\n\npragma solidity ^0.8.30;\n\nimport \"../utils/ContextUpgradeable.sol\";\nimport \"../proxy/utils/Initializable.sol\";\n\n/**\n * @dev Contract module which allows children to implement an emergency stop\n * mechanism that can be triggered by an authorized account.\n *\n * This module is used through inheritance. It will make available the\n * modifiers `whenNotPaused` and `whenPaused`, which can be applied to\n * the functions of your contract. Note that they will not be pausable by\n * simply including this module, only once the modifiers are put in place.\n */\nabstract contract PausableUpgradeable is Initializable, ContextUpgradeable {\n    /**\n     * @dev Emitted when the pause is triggered by `account`.\n     */\n    event Paused(address account);\n\n    /**\n     * @dev Emitted when the pause is lifted by `account`.\n     */\n    event Unpaused(address account);\n\n    bool private _paused;\n\n    /**\n     * @dev Initializes the contract in unpaused state.\n     */\n    function __Pausable_init() internal onlyInitializing {\n        __Pausable_init_unchained();\n    }\n\n    function __Pausable_init_unchained() internal onlyInitializing {\n        _paused = false;\n    }\n\n    /**\n     * @dev Modifier to make a function callable only when the contract is not paused.\n     *\n     * Requirements:\n     *\n     * - The contract must not be paused.\n     */\n    modifier whenNotPaused() {\n        _requireNotPaused();\n        _;\n    }\n\n    /**\n     * @dev Modifier to make a function callable only when the contract is paused.\n     *\n     * Requirements:\n     *\n     * - The contract must be paused.\n     */\n    modifier whenPaused() {\n        _requirePaused();\n        _;\n    }\n\n    /**\n     * @dev Returns true if the contract is paused, and false otherwise.\n     */\n    function paused() public view virtual returns (bool) {\n        return _paused;\n    }\n\n    /**\n     * @dev Throws if the contract is paused.\n     */\n    function _requireNotPaused() internal view virtual {\n        require(!paused(), \"Pausable: paused\");\n    }\n\n    /**\n     * @dev Throws if the contract is not paused.\n     */\n    function _requirePaused() internal view virtual {\n        require(paused(), \"Pausable: not paused\");\n    }\n\n    /**\n     * @dev Triggers stopped state.\n     *\n     * Requirements:\n     *\n     * - The contract must not be paused.\n     */\n    function _pause() internal virtual whenNotPaused {\n        _paused = true;\n        emit Paused(_msgSender());\n    }\n\n    /**\n     * @dev Returns to normal state.\n     *\n     * Requirements:\n     *\n     * - The contract must be paused.\n     */\n    function _unpause() internal virtual whenPaused {\n        _paused = false;\n        emit Unpaused(_msgSender());\n    }\n\n    /**\n     * @dev This empty reserved space is put in place to allow future versions to add new\n     * variables without shifting down storage in the inheritance chain.\n     * See https://docs.openzeppelin.com/contracts/4.x/upgradeable#storage_gaps\n     */\n    uint256[49] private __gap;\n}\n"}, "@openzeppelin/contracts-upgradeable/token/ERC1155/IERC1155ReceiverUpgradeable.sol": {"content": "// SPDX-License-Identifier: MIT\n// OpenZeppelin Contracts (last updated v4.5.0) (token/ERC1155/IERC1155Receiver.sol)\n\npragma solidity ^0.8.30;\n\nimport \"../../utils/introspection/IERC165Upgradeable.sol\";\n\n/**\n * @dev _Available since v3.1._\n */\ninterface IERC1155ReceiverUpgradeable is IERC165Upgradeable {\n    /**\n     * @dev Handles the receipt of a single ERC1155 token type. This function is\n     * called at the end of a `safeTransferFrom` after the balance has been updated.\n     *\n     * NOTE: To accept the transfer, this must return\n     * `bytes4(keccak256(\"onERC1155Received(address,address,uint256,uint256,bytes)\"))`\n     * (i.e. 0xf23a6e61, or its own function selector).\n     *\n     * @param operator The address which initiated the transfer (i.e. msg.sender)\n     * @param from The address which previously owned the token\n     * @param id The ID of the token being transferred\n     * @param value The amount of tokens being transferred\n     * @param data Additional data with no specified format\n     * @return `bytes4(keccak256(\"onERC1155Received(address,address,uint256,uint256,bytes)\"))` if transfer is allowed\n     */\n    function onERC1155Received(\n        address operator,\n        address from,\n        uint256 id,\n        uint256 value,\n        bytes calldata data\n    ) external returns (bytes4);\n\n    /**\n     * @dev Handles the receipt of a multiple ERC1155 token types. This function\n     * is called at the end of a `safeBatchTransferFrom` after the balances have\n     * been updated.\n     *\n     * NOTE: To accept the transfer(s), this must return\n     * `bytes4(keccak256(\"onERC1155BatchReceived(address,address,uint256[],uint256[],bytes)\"))`\n     * (i.e. 0xbc197c81, or its own function selector).\n     *\n     * @param operator The address which initiated the batch transfer (i.e. msg.sender)\n     * @param from The address which previously owned the token\n     * @param ids An array containing ids of each token being transferred (order and length must match values array)\n     * @param values An array containing amounts of each token being transferred (order and length must match ids array)\n     * @param data Additional data with no specified format\n     * @return `bytes4(keccak256(\"onERC1155BatchReceived(address,address,uint256[],uint256[],bytes)\"))` if transfer is allowed\n     */\n    function onERC1155BatchReceived(\n        address operator,\n        address from,\n        uint256[] calldata ids,\n        uint256[] calldata values,\n        bytes calldata data\n    ) external returns (bytes4);\n}\n"}, "@openzeppelin/contracts-upgradeable/token/ERC1155/IERC1155Upgradeable.sol": {"content": "// SPDX-License-Identifier: MIT\n// OpenZeppelin Contracts (last updated v4.9.0) (token/ERC1155/IERC1155.sol)\n\npragma solidity ^0.8.30;\n\nimport \"../../utils/introspection/IERC165Upgradeable.sol\";\n\n/**\n * @dev Required interface of an ERC1155 compliant contract, as defined in the\n * https://eips.ethereum.org/EIPS/eip-1155[EIP].\n *\n * _Available since v3.1._\n */\ninterface IERC1155Upgradeable is IERC165Upgradeable {\n    /**\n     * @dev Emitted when `value` tokens of token type `id` are transferred from `from` to `to` by `operator`.\n     */\n    event TransferSingle(address indexed operator, address indexed from, address indexed to, uint256 id, uint256 value);\n\n    /**\n     * @dev Equivalent to multiple {TransferSingle} events, where `operator`, `from` and `to` are the same for all\n     * transfers.\n     */\n    event TransferBatch(\n        address indexed operator,\n        address indexed from,\n        address indexed to,\n        uint256[] ids,\n        uint256[] values\n    );\n\n    /**\n     * @dev Emitted when `account` grants or revokes permission to `operator` to transfer their tokens, according to\n     * `approved`.\n     */\n    event ApprovalForAll(address indexed account, address indexed operator, bool approved);\n\n    /**\n     * @dev Emitted when the URI for token type `id` changes to `value`, if it is a non-programmatic URI.\n     *\n     * If an {URI} event was emitted for `id`, the standard\n     * https://eips.ethereum.org/EIPS/eip-1155#metadata-extensions[guarantees] that `value` will equal the value\n     * returned by {IERC1155MetadataURI-uri}.\n     */\n    event URI(string value, uint256 indexed id);\n\n    /**\n     * @dev Returns the amount of tokens of token type `id` owned by `account`.\n     *\n     * Requirements:\n     *\n     * - `account` cannot be the zero address.\n     */\n    function balanceOf(address account, uint256 id) external view returns (uint256);\n\n    /**\n     * @dev xref:ROOT:erc1155.adoc#batch-operations[Batched] version of {balanceOf}.\n     *\n     * Requirements:\n     *\n     * - `accounts` and `ids` must have the same length.\n     */\n    function balanceOfBatch(\n        address[] calldata accounts,\n        uint256[] calldata ids\n    ) external view returns (uint256[] memory);\n\n    /**\n     * @dev Grants or revokes permission to `operator` to transfer the caller's tokens, according to `approved`,\n     *\n     * Emits an {ApprovalForAll} event.\n     *\n     * Requirements:\n     *\n     * - `operator` cannot be the caller.\n     */\n    function setApprovalForAll(address operator, bool approved) external;\n\n    /**\n     * @dev Returns true if `operator` is approved to transfer ``account``'s tokens.\n     *\n     * See {setApprovalForAll}.\n     */\n    function isApprovedForAll(address account, address operator) external view returns (bool);\n\n    /**\n     * @dev Transfers `amount` tokens of token type `id` from `from` to `to`.\n     *\n     * Emits a {TransferSingle} event.\n     *\n     * Requirements:\n     *\n     * - `to` cannot be the zero address.\n     * - If the caller is not `from`, it must have been approved to spend ``from``'s tokens via {setApprovalForAll}.\n     * - `from` must have a balance of tokens of type `id` of at least `amount`.\n     * - If `to` refers to a smart contract, it must implement {IERC1155Receiver-onERC1155Received} and return the\n     * acceptance magic value.\n     */\n    function safeTransferFrom(address from, address to, uint256 id, uint256 amount, bytes calldata data) external;\n\n    /**\n     * @dev xref:ROOT:erc1155.adoc#batch-operations[Batched] version of {safeTransferFrom}.\n     *\n     * Emits a {TransferBatch} event.\n     *\n     * Requirements:\n     *\n     * - `ids` and `amounts` must have the same length.\n     * - If `to` refers to a smart contract, it must implement {IERC1155Receiver-onERC1155BatchReceived} and return the\n     * acceptance magic value.\n     */\n    function safeBatchTransferFrom(\n        address from,\n        address to,\n        uint256[] calldata ids,\n        uint256[] calldata amounts,\n        bytes calldata data\n    ) external;\n}\n"}, "@openzeppelin/contracts-upgradeable/token/ERC1155/utils/ERC1155HolderUpgradeable.sol": {"content": "// SPDX-License-Identifier: MIT\n// OpenZeppelin Contracts (last updated v4.5.0) (token/ERC1155/utils/ERC1155Holder.sol)\n\npragma solidity ^0.8.30;\n\nimport \"./ERC1155ReceiverUpgradeable.sol\";\nimport \"../../../proxy/utils/Initializable.sol\";\n\n/**\n * Simple implementation of `ERC1155Receiver` that will allow a contract to hold ERC1155 tokens.\n *\n * IMPORTANT: When inheriting this contract, you must include a way to use the received tokens, otherwise they will be\n * stuck.\n *\n * @dev _Available since v3.1._\n */\ncontract ERC1155HolderUpgradeable is Initializable, ERC1155ReceiverUpgradeable {\n    function __ERC1155Holder_init() internal onlyInitializing {\n    }\n\n    function __ERC1155Holder_init_unchained() internal onlyInitializing {\n    }\n    function onERC1155Received(\n        address,\n        address,\n        uint256,\n        uint256,\n        bytes memory\n    ) public virtual override returns (bytes4) {\n        return this.onERC1155Received.selector;\n    }\n\n    function onERC1155BatchReceived(\n        address,\n        address,\n        uint256[] memory,\n        uint256[] memory,\n        bytes memory\n    ) public virtual override returns (bytes4) {\n        return this.onERC1155BatchReceived.selector;\n    }\n\n    /**\n     * @dev This empty reserved space is put in place to allow future versions to add new\n     * variables without shifting down storage in the inheritance chain.\n     * See https://docs.openzeppelin.com/contracts/4.x/upgradeable#storage_gaps\n     */\n    uint256[50] private __gap;\n}\n"}, "@openzeppelin/contracts-upgradeable/token/ERC1155/utils/ERC1155ReceiverUpgradeable.sol": {"content": "// SPDX-License-Identifier: MIT\n// OpenZeppelin Contracts v4.4.1 (token/ERC1155/utils/ERC1155Receiver.sol)\n\npragma solidity ^0.8.30;\n\nimport \"../IERC1155ReceiverUpgradeable.sol\";\nimport \"../../../utils/introspection/ERC165Upgradeable.sol\";\nimport \"../../../proxy/utils/Initializable.sol\";\n\n/**\n * @dev _Available since v3.1._\n */\nabstract contract ERC1155ReceiverUpgradeable is Initializable, ERC165Upgradeable, IERC1155ReceiverUpgradeable {\n    function __ERC1155Receiver_init() internal onlyInitializing {\n    }\n\n    function __ERC1155Receiver_init_unchained() internal onlyInitializing {\n    }\n    /**\n     * @dev See {IERC165-supportsInterface}.\n     */\n    function supportsInterface(bytes4 interfaceId) public view virtual override(ERC165Upgradeable, IERC165Upgradeable) returns (bool) {\n        return interfaceId == type(IERC1155ReceiverUpgradeable).interfaceId || super.supportsInterface(interfaceId);\n    }\n\n    /**\n     * @dev This empty reserved space is put in place to allow future versions to add new\n     * variables without shifting down storage in the inheritance chain.\n     * See https://docs.openzeppelin.com/contracts/4.x/upgradeable#storage_gaps\n     */\n    uint256[50] private __gap;\n}\n"}, "@openzeppelin/contracts-upgradeable/token/ERC20/IERC20Upgradeable.sol": {"content": "// SPDX-License-Identifier: MIT\n// OpenZeppelin Contracts (last updated v4.9.0) (token/ERC20/IERC20.sol)\n\npragma solidity ^0.8.30;\n\n/**\n * @dev Interface of the ERC20 standard as defined in the EIP.\n */\ninterface IERC20Upgradeable {\n    /**\n     * @dev Emitted when `value` tokens are moved from one account (`from`) to\n     * another (`to`).\n     *\n     * Note that `value` may be zero.\n     */\n    event Transfer(address indexed from, address indexed to, uint256 value);\n\n    /**\n     * @dev Emitted when the allowance of a `spender` for an `owner` is set by\n     * a call to {approve}. `value` is the new allowance.\n     */\n    event Approval(address indexed owner, address indexed spender, uint256 value);\n\n    /**\n     * @dev Returns the amount of tokens in existence.\n     */\n    function totalSupply() external view returns (uint256);\n\n    /**\n     * @dev Returns the amount of tokens owned by `account`.\n     */\n    function balanceOf(address account) external view returns (uint256);\n\n    /**\n     * @dev Moves `amount` tokens from the caller's account to `to`.\n     *\n     * Returns a boolean value indicating whether the operation succeeded.\n     *\n     * Emits a {Transfer} event.\n     */\n    function transfer(address to, uint256 amount) external returns (bool);\n\n    /**\n     * @dev Returns the remaining number of tokens that `spender` will be\n     * allowed to spend on behalf of `owner` through {transferFrom}. This is\n     * zero by default.\n     *\n     * This value changes when {approve} or {transferFrom} are called.\n     */\n    function allowance(address owner, address spender) external view returns (uint256);\n\n    /**\n     * @dev Sets `amount` as the allowance of `spender` over the caller's tokens.\n     *\n     * Returns a boolean value indicating whether the operation succeeded.\n     *\n     * IMPORTANT: Beware that changing an allowance with this method brings the risk\n     * that someone may use both the old and the new allowance by unfortunate\n     * transaction ordering. One possible solution to mitigate this race\n     * condition is to first reduce the spender's allowance to 0 and set the\n     * desired value afterwards:\n     * https://github.com/ethereum/EIPs/issues/20#issuecomment-263524729\n     *\n     * Emits an {Approval} event.\n     */\n    function approve(address spender, uint256 amount) external returns (bool);\n\n    /**\n     * @dev Moves `amount` tokens from `from` to `to` using the\n     * allowance mechanism. `amount` is then deducted from the caller's\n     * allowance.\n     *\n     * Returns a boolean value indicating whether the operation succeeded.\n     *\n     * Emits a {Transfer} event.\n     */\n    function transferFrom(address from, address to, uint256 amount) external returns (bool);\n}\n"}, "@openzeppelin/contracts-upgradeable/utils/AddressUpgradeable.sol": {"content": "// SPDX-License-Identifier: MIT\n// OpenZeppelin Contracts (last updated v4.9.0) (utils/Address.sol)\n\npragma solidity ^0.8.30;\n\n/**\n * @dev Collection of functions related to the address type\n */\nlibrary AddressUpgradeable {\n    /**\n     * @dev Returns true if `account` is a contract.\n     *\n     * [IMPORTANT]\n     * ====\n     * It is unsafe to assume that an address for which this function returns\n     * false is an externally-owned account (EOA) and not a contract.\n     *\n     * Among others, `isContract` will return false for the following\n     * types of addresses:\n     *\n     *  - an externally-owned account\n     *  - a contract in construction\n     *  - an address where a contract will be created\n     *  - an address where a contract lived, but was destroyed\n     *\n     * Furthermore, `isContract` will also return true if the target contract within\n     * the same transaction is already scheduled for destruction by `SELFDESTRUCT`,\n     * which only has an effect at the end of a transaction.\n     * ====\n     *\n     * [IMPORTANT]\n     * ====\n     * You shouldn't rely on `isContract` to protect against flash loan attacks!\n     *\n     * Preventing calls from contracts is highly discouraged. It breaks composability, breaks support for smart wallets\n     * like Gnosis Safe, and does not provide security since it can be circumvented by calling from a contract\n     * constructor.\n     * ====\n     */\n    function isContract(address account) internal view returns (bool) {\n        // This method relies on extcodesize/address.code.length, which returns 0\n        // for contracts in construction, since the code is only stored at the end\n        // of the constructor execution.\n\n        return account.code.length > 0;\n    }\n\n    /**\n     * @dev Replacement for Solidity's `transfer`: sends `amount` wei to\n     * `recipient`, forwarding all available gas and reverting on errors.\n     *\n     * https://eips.ethereum.org/EIPS/eip-1884[EIP1884] increases the gas cost\n     * of certain opcodes, possibly making contracts go over the 2300 gas limit\n     * imposed by `transfer`, making them unable to receive funds via\n     * `transfer`. {sendValue} removes this limitation.\n     *\n     * https://consensys.net/diligence/blog/2019/09/stop-using-soliditys-transfer-now/[Learn more].\n     *\n     * IMPORTANT: because control is transferred to `recipient`, care must be\n     * taken to not create reentrancy vulnerabilities. Consider using\n     * {ReentrancyGuard} or the\n     * https://solidity.readthedocs.io/en/v0.8.0/security-considerations.html#use-the-checks-effects-interactions-pattern[checks-effects-interactions pattern].\n     */\n    function sendValue(address payable recipient, uint256 amount) internal {\n        require(address(this).balance >= amount, \"Address: insufficient balance\");\n\n        (bool success, ) = recipient.call{value: amount}(\"\");\n        require(success, \"Address: unable to send value, recipient may have reverted\");\n    }\n\n    /**\n     * @dev Performs a Solidity function call using a low level `call`. A\n     * plain `call` is an unsafe replacement for a function call: use this\n     * function instead.\n     *\n     * If `target` reverts with a revert reason, it is bubbled up by this\n     * function (like regular Solidity function calls).\n     *\n     * Returns the raw returned data. To convert to the expected return value,\n     * use https://solidity.readthedocs.io/en/latest/units-and-global-variables.html?highlight=abi.decode#abi-encoding-and-decoding-functions[`abi.decode`].\n     *\n     * Requirements:\n     *\n     * - `target` must be a contract.\n     * - calling `target` with `data` must not revert.\n     *\n     * _Available since v3.1._\n     */\n    function functionCall(address target, bytes memory data) internal returns (bytes memory) {\n        return functionCallWithValue(target, data, 0, \"Address: low-level call failed\");\n    }\n\n    /**\n     * @dev Same as {xref-Address-functionCall-address-bytes-}[`functionCall`], but with\n     * `errorMessage` as a fallback revert reason when `target` reverts.\n     *\n     * _Available since v3.1._\n     */\n    function functionCall(\n        address target,\n        bytes memory data,\n        string memory errorMessage\n    ) internal returns (bytes memory) {\n        return functionCallWithValue(target, data, 0, errorMessage);\n    }\n\n    /**\n     * @dev Same as {xref-Address-functionCall-address-bytes-}[`functionCall`],\n     * but also transferring `value` wei to `target`.\n     *\n     * Requirements:\n     *\n     * - the calling contract must have an ETH balance of at least `value`.\n     * - the called Solidity function must be `payable`.\n     *\n     * _Available since v3.1._\n     */\n    function functionCallWithValue(address target, bytes memory data, uint256 value) internal returns (bytes memory) {\n        return functionCallWithValue(target, data, value, \"Address: low-level call with value failed\");\n    }\n\n    /**\n     * @dev Same as {xref-Address-functionCallWithValue-address-bytes-uint256-}[`functionCallWithValue`], but\n     * with `errorMessage` as a fallback revert reason when `target` reverts.\n     *\n     * _Available since v3.1._\n     */\n    function functionCallWithValue(\n        address target,\n        bytes memory data,\n        uint256 value,\n        string memory errorMessage\n    ) internal returns (bytes memory) {\n        require(address(this).balance >= value, \"Address: insufficient balance for call\");\n        (bool success, bytes memory returndata) = target.call{value: value}(data);\n        return verifyCallResultFromTarget(target, success, returndata, errorMessage);\n    }\n\n    /**\n     * @dev Same as {xref-Address-functionCall-address-bytes-}[`functionCall`],\n     * but performing a static call.\n     *\n     * _Available since v3.3._\n     */\n    function functionStaticCall(address target, bytes memory data) internal view returns (bytes memory) {\n        return functionStaticCall(target, data, \"Address: low-level static call failed\");\n    }\n\n    /**\n     * @dev Same as {xref-Address-functionCall-address-bytes-string-}[`functionCall`],\n     * but performing a static call.\n     *\n     * _Available since v3.3._\n     */\n    function functionStaticCall(\n        address target,\n        bytes memory data,\n        string memory errorMessage\n    ) internal view returns (bytes memory) {\n        (bool success, bytes memory returndata) = target.staticcall(data);\n        return verifyCallResultFromTarget(target, success, returndata, errorMessage);\n    }\n\n    /**\n     * @dev Same as {xref-Address-functionCall-address-bytes-}[`functionCall`],\n     * but performing a delegate call.\n     *\n     * _Available since v3.4._\n     */\n    function functionDelegateCall(address target, bytes memory data) internal returns (bytes memory) {\n        return functionDelegateCall(target, data, \"Address: low-level delegate call failed\");\n    }\n\n    /**\n     * @dev Same as {xref-Address-functionCall-address-bytes-string-}[`functionCall`],\n     * but performing a delegate call.\n     *\n     * _Available since v3.4._\n     */\n    function functionDelegateCall(\n        address target,\n        bytes memory data,\n        string memory errorMessage\n    ) internal returns (bytes memory) {\n        (bool success, bytes memory returndata) = target.delegatecall(data);\n        return verifyCallResultFromTarget(target, success, returndata, errorMessage);\n    }\n\n    /**\n     * @dev Tool to verify that a low level call to smart-contract was successful, and revert (either by bubbling\n     * the revert reason or using the provided one) in case of unsuccessful call or if target was not a contract.\n     *\n     * _Available since v4.8._\n     */\n    function verifyCallResultFromTarget(\n        address target,\n        bool success,\n        bytes memory returndata,\n        string memory errorMessage\n    ) internal view returns (bytes memory) {\n        if (success) {\n            if (returndata.length == 0) {\n                // only check isContract if the call was successful and the return data is empty\n                // otherwise we already know that it was a contract\n                require(isContract(target), \"Address: call to non-contract\");\n            }\n            return returndata;\n        } else {\n            _revert(returndata, errorMessage);\n        }\n    }\n\n    /**\n     * @dev Tool to verify that a low level call was successful, and revert if it wasn't, either by bubbling the\n     * revert reason or using the provided one.\n     *\n     * _Available since v4.3._\n     */\n    function verifyCallResult(\n        bool success,\n        bytes memory returndata,\n        string memory errorMessage\n    ) internal pure returns (bytes memory) {\n        if (success) {\n            return returndata;\n        } else {\n            _revert(returndata, errorMessage);\n        }\n    }\n\n    function _revert(bytes memory returndata, string memory errorMessage) private pure {\n        // Look for revert reason and bubble it up if present\n        if (returndata.length > 0) {\n            // The easiest way to bubble the revert reason is using memory via assembly\n            /// @solidity memory-safe-assembly\n            assembly {\n                let returndata_size := mload(returndata)\n                revert(add(32, returndata), returndata_size)\n            }\n        } else {\n            revert(errorMessage);\n        }\n    }\n}\n"}, "@openzeppelin/contracts-upgradeable/utils/ContextUpgradeable.sol": {"content": "// SPDX-License-Identifier: MIT\n// OpenZeppelin Contracts v4.4.1 (utils/Context.sol)\n\npragma solidity ^0.8.30;\nimport \"../proxy/utils/Initializable.sol\";\n\n/**\n * @dev Provides information about the current execution context, including the\n * sender of the transaction and its data. While these are generally available\n * via msg.sender and msg.data, they should not be accessed in such a direct\n * manner, since when dealing with meta-transactions the account sending and\n * paying for execution may not be the actual sender (as far as an application\n * is concerned).\n *\n * This contract is only required for intermediate, library-like contracts.\n */\nabstract contract ContextUpgradeable is Initializable {\n    function __Context_init() internal onlyInitializing {\n    }\n\n    function __Context_init_unchained() internal onlyInitializing {\n    }\n    function _msgSender() internal view virtual returns (address) {\n        return msg.sender;\n    }\n\n    function _msgData() internal view virtual returns (bytes calldata) {\n        return msg.data;\n    }\n\n    /**\n     * @dev This empty reserved space is put in place to allow future versions to add new\n     * variables without shifting down storage in the inheritance chain.\n     * See https://docs.openzeppelin.com/contracts/4.x/upgradeable#storage_gaps\n     */\n    uint256[50] private __gap;\n}\n"}, "@openzeppelin/contracts-upgradeable/utils/introspection/ERC165Upgradeable.sol": {"content": "// SPDX-License-Identifier: MIT\n// OpenZeppelin Contracts v4.4.1 (utils/introspection/ERC165.sol)\n\npragma solidity ^0.8.30;\n\nimport \"./IERC165Upgradeable.sol\";\nimport \"../../proxy/utils/Initializable.sol\";\n\n/**\n * @dev Implementation of the {IERC165} interface.\n *\n * Contracts that want to implement ERC165 should inherit from this contract and override {supportsInterface} to check\n * for the additional interface id that will be supported. For example:\n *\n * ```solidity\n * function supportsInterface(bytes4 interfaceId) public view virtual override returns (bool) {\n *     return interfaceId == type(MyInterface).interfaceId || super.supportsInterface(interfaceId);\n * }\n * ```\n *\n * Alternatively, {ERC165Storage} provides an easier to use but more expensive implementation.\n */\nabstract contract ERC165Upgradeable is Initializable, IERC165Upgradeable {\n    function __ERC165_init() internal onlyInitializing {\n    }\n\n    function __ERC165_init_unchained() internal onlyInitializing {\n    }\n    /**\n     * @dev See {IERC165-supportsInterface}.\n     */\n    function supportsInterface(bytes4 interfaceId) public view virtual override returns (bool) {\n        return interfaceId == type(IERC165Upgradeable).interfaceId;\n    }\n\n    /**\n     * @dev This empty reserved space is put in place to allow future versions to add new\n     * variables without shifting down storage in the inheritance chain.\n     * See https://docs.openzeppelin.com/contracts/4.x/upgradeable#storage_gaps\n     */\n    uint256[50] private __gap;\n}\n"}, "@openzeppelin/contracts-upgradeable/utils/introspection/IERC165Upgradeable.sol": {"content": "// SPDX-License-Identifier: MIT\n// OpenZeppelin Contracts v4.4.1 (utils/introspection/IERC165.sol)\n\npragma solidity ^0.8.30;\n\n/**\n * @dev Interface of the ERC165 standard, as defined in the\n * https://eips.ethereum.org/EIPS/eip-165[EIP].\n *\n * Implementers can declare support of contract interfaces, which can then be\n * queried by others ({ERC165Checker}).\n *\n * For an implementation, see {ERC165}.\n */\ninterface IERC165Upgradeable {\n    /**\n     * @dev Returns true if this contract implements the interface defined by\n     * `interfaceId`. See the corresponding\n     * https://eips.ethereum.org/EIPS/eip-165#how-interfaces-are-identified[EIP section]\n     * to learn more about how these ids are created.\n     *\n     * This function call must use less than 30 000 gas.\n     */\n    function supportsInterface(bytes4 interfaceId) external view returns (bool);\n}\n"}, "contracts/TeamNFTManager.sol": {"content": "//  $$$$$$$$\\ $$$$$$$$\\  $$$$$$\\  $$\\      $$\\       $$$$$$$$\\  $$$$$$\\  $$\\   $$\\ $$$$$$$$\\ $$\\   $$\\\n//  \\__$$  __|$$  _____|$$  __$$\\ $$$\\    $$$ |      \\__$$  __|$$  __$$\\ $$ | $$  |$$  _____|$$$\\  $$ |\n//     $$ |   $$ |      $$ /  $$ |$$$$\\  $$$$ |         $$ |   $$ /  $$ |$$ |$$  / $$ |      $$$$\\ $$ |\n//     $$ |   $$$$$\\    $$$$$$$$ |$$\\$$\\$$ $$ |         $$ |   $$ |  $$ |$$$$$  /  $$$$$\\    $$ $$\\$$ |\n//     $$ |   $$  __|   $$  __$$ |$$ \\$$$  $$ |         $$ |   $$ |  $$ |$$  $$<   $$  __|   $$ \\$$$$ |\n//     $$ |   $$ |      $$ |  $$ |$$ |\\$  /$$ |         $$ |   $$ |  $$ |$$ |\\$$\\  $$ |      $$ |\\$$$ |\n//     $$ |   $$$$$$$$\\ $$ |  $$ |$$ | \\_/ $$ |         $$ |    $$$$$$  |$$ | \\$$\\ $$$$$$$$\\ $$ | \\$$ |\n//     \\__|   \\________|\\__|  \\__|\\__|     \\__|         \\__|    \\______/ \\__|  \\__|\\________|\\__|  \\__|\n//\n//   Web: teamtoken.com\n//   Twitter: twitter.com/TeamTokenCrypto\n//   Contact Email: admin@teamtoken.com\n//\n// SPDX-License-Identifier: MIT\npragma solidity ^0.8.30;\n\nimport \"@openzeppelin/contracts-upgradeable/security/PausableUpgradeable.sol\";\nimport \"@openzeppelin/contracts-upgradeable/access/OwnableUpgradeable.sol\";\nimport \"@openzeppelin/contracts-upgradeable/proxy/utils/Initializable.sol\";\nimport \"@openzeppelin/contracts-upgradeable/token/ERC1155/utils/ERC1155HolderUpgradeable.sol\";\nimport \"@openzeppelin/contracts-upgradeable/token/ERC20/IERC20Upgradeable.sol\";\n\nimport \"./types/Structs.sol\";\nimport \"./interfaces/ITeamNFT.sol\";\nimport \"./interfaces/ITTMarketplace.sol\";\n\nerror NotEnoughTokensForTransfer(uint256 id, uint256 amount);\n\ncontract TeamNFTManager is\n    Initializable,\n    ERC1155HolderUpgradeable,\n    PausableUpgradeable,\n    OwnableUpgradeable\n{\n    // A mapping of all sports/leagues. Every league qualifies for\n    // an entry, some some sports will have multiple entries\n    mapping(uint256 => string) public sports;\n\n    // Mapping Sport -> Series -> SeriesData\n    mapping(uint256 => mapping(uint256 => SeriesData)) public series;\n\n    // TeamNFT address\n    ITeamNFT public teamNft;\n\n    ITTMarketplace public marketplace;\n\n    // Total number of sports for tracking the mapping.\n    uint256 private _numberOfSports;\n    mapping(uint256 => uint256) private _numberOfSeriesInSport;\n\n    // Mapping storing data about individual tokens.\n    // Mapping of tokenId -> NFTData\n    mapping(uint256 => TeamNFTData) private _nftData;\n\n    // EVENTS\n    event SportCreated(uint256 sportId, string sport);\n    event SeriesCreated(\n        uint256 sportId,\n        uint256 seriesId,\n        string seriesName,\n        uint256 numberOfTeams,\n        uint256 nftsPerTeam,\n        uint256 firstTokenId\n    );\n\n    function nftData(\n        uint256 tokenId\n    )\n        external\n        view\n        returns (\n            string memory sport,\n            string memory seriesName,\n            string memory cityName,\n            string memory teamName,\n            string memory color1,\n            string memory color2\n        )\n    {\n        TeamNFTData memory teamNftData = _nftData[tokenId];\n        sport = sports[teamNftData.sport];\n        cityName = bytesToString(teamNftData.cityName);\n        teamName = bytesToString(teamNftData.teamName);\n        seriesName = bytesToString(teamNftData.seriesName);\n        color1 = bytesToString(teamNftData.color1);\n        color2 = bytesToString(teamNftData.color2);\n    }\n\n    function sportsLength() external view returns (uint256) {\n        return _numberOfSports;\n    }\n\n    function seriesForSportLength(\n        uint256 _sport\n    ) external view returns (uint256) {\n        return _numberOfSeriesInSport[_sport];\n    }\n\n    /// @custom:oz-upgrades-unsafe-allow constructor\n    constructor() {\n        _disableInitializers();\n    }\n\n    function initialize(address _admin) public initializer {\n        __Pausable_init();\n        __Ownable_init();\n        __ERC1155Holder_init();\n        transferOwnership(_admin);\n\n        _numberOfSports = 0;\n    }\n\n    function genTokenId(\n        uint256 sportId,\n        uint256 seriesId,\n        uint256 teamId\n    ) public pure returns (uint256) {\n        return (sportId * 1e6) + (seriesId * 1e3) + teamId;\n    }\n\n    // External\n\n    // Functions to be able to receive ether at this contract\n    receive() external payable {}\n\n    fallback() external payable {}\n\n    // Admin only\n\n    function createSport(string calldata _sport) external onlyOwner {\n        uint256 newSportId = _numberOfSports + 1;\n        sports[newSportId] = _sport;\n        _numberOfSports++;\n        _numberOfSeriesInSport[newSportId] = 0;\n        emit SportCreated(newSportId, _sport);\n    }\n\n    function createMarketplaceListing(\n        uint64 _sport,\n        uint64 _series,\n        uint256[] calldata _prices,\n        uint256 _starttime,\n        uint256 _deadline\n    ) external onlyOwner {\n        require(_sport <= _numberOfSports, \"Invalid sport\");\n        require(_series <= _numberOfSeriesInSport[_sport], \"Invalid series\");\n\n        SeriesData memory ourSeries = series[_sport][_series];\n\n        uint256[] memory tokenIds = new uint256[](ourSeries.numberOfTeams);\n        uint256[] memory amountOfTokens = new uint256[](\n            ourSeries.numberOfTeams\n        );\n        uint256[] memory prices = new uint256[](ourSeries.numberOfTeams);\n\n        for (uint256 i = 0; i < ourSeries.numberOfTeams; i++) {\n            uint256 newTokenId = genTokenId(_sport, _series, i + 1);\n            tokenIds[i] = newTokenId;\n            amountOfTokens[i] = ourSeries.nftsPerTeam;\n            prices[i] = _prices[i];\n        }\n        marketplace.listBatchTeamNFT(\n            tokenIds,\n            amountOfTokens,\n            prices,\n            _starttime,\n            _deadline\n        );\n    }\n\n    function createSeries(\n        uint64 sport,\n        string calldata seriesName,\n        uint128 nftsPerTeam,\n        string[] calldata cityNames,\n        string[] calldata teamNames,\n        string[] calldata color1s,\n        string[] calldata color2s\n    ) external onlyOwner returns (bool) {\n        uint128 numberOfTeams = uint128(teamNames.length);\n        require(\n            teamNames.length == color1s.length &&\n                teamNames.length == color2s.length\n        );\n        require(sport <= _numberOfSports, \"Invalid sport\");\n\n        SeriesData memory newSeries = SeriesData({\n            seriesName: seriesName,\n            numberOfTeams: numberOfTeams,\n            nftsPerTeam: nftsPerTeam\n        });\n\n        uint64 newSeriesId = uint64(_numberOfSeriesInSport[sport] + 1);\n        series[sport][newSeriesId] = newSeries;\n        _numberOfSeriesInSport[sport] = newSeriesId;\n        _createSeriesNFTs(\n            sport,\n            newSeriesId,\n            seriesName,\n            numberOfTeams,\n            nftsPerTeam,\n            teamNames,\n            cityNames,\n            color1s,\n            color2s\n        );\n        emit SeriesCreated(\n            sport,\n            newSeriesId,\n            seriesName,\n            numberOfTeams,\n            nftsPerTeam,\n            genTokenId(sport, newSeriesId, 1)\n        );\n\n        return true;\n    }\n\n    /// @dev Testing function for transferring initial tokens\n    function transferNFT(\n        address to,\n        uint256 _id,\n        uint256 _amount\n    ) public onlyOwner {\n        _transferNFT(to, _id, _amount);\n    }\n\n    function updateTeamNft(address _teamNft) public onlyOwner {\n        require(_teamNft != address(0));\n        teamNft = ITeamNFT(_teamNft);\n    }\n\n    function updateMarketplace(address _marketplace) public onlyOwner {\n        require(_marketplace != address(0));\n        marketplace = ITTMarketplace(_marketplace);\n        teamNft.setApprovalForAll(_marketplace, true);\n    }\n\n    /// @dev Set to 0 address to disable onChain metadata\n    function updateTeamNftRenderer(address _teamNftRenderer) public onlyOwner {\n        teamNft.setTeamNftRenderer(_teamNftRenderer);\n    }\n\n    function pause() public onlyOwner {\n        _pause();\n    }\n\n    function unpause() public onlyOwner {\n        _unpause();\n    }\n\n    // function governanceRecoverNative(address payable _to) external onlyOwner {\n    //     (bool sent, ) = _to.call{value: getBalance()}(\"\");\n    //     require(sent, \"Failed to send native\");\n    // }\n\n    // function governanceRecoverToken(\n    //     IERC20Upgradeable _token,\n    //     address _to\n    // ) external onlyOwner {\n    //     require(\n    //         _token.transfer(_to, _token.balanceOf(address(this))),\n    //         \"Token could not be transferred\"\n    //     );\n    // }\n\n    // Internal functions\n\n    function _createSeriesNFTs(\n        uint64 sport,\n        uint64 seriesId,\n        string calldata seriesName,\n        uint128 numberOfTeams,\n        uint128 nftsPerTeam,\n        string[] calldata teamNames,\n        string[] calldata cityNames,\n        string[] calldata color1s,\n        string[] calldata color2s\n    ) internal {\n        uint256[] memory tokenIdData = new uint256[](numberOfTeams);\n        uint256[] memory amountsData = new uint256[](numberOfTeams);\n        for (uint256 i = 0; i < numberOfTeams; i++) {\n            uint256 newTokenId = genTokenId(sport, seriesId, i + 1);\n            tokenIdData[i] = newTokenId;\n            amountsData[i] = nftsPerTeam;\n            _nftData[newTokenId] = TeamNFTData({\n                sport: sport,\n                series: seriesId,\n                seriesName: stringToBytes(seriesName),\n                teamName: stringToBytes(teamNames[i]),\n                cityName: stringToBytes(cityNames[i]),\n                color1: stringToBytes(color1s[i]),\n                color2: stringToBytes(color2s[i])\n            });\n        }\n        _createBatchNFT(address(this), tokenIdData, amountsData);\n    }\n\n    function _createNFT(address to, uint256 _id, uint256 _amount) internal {\n        teamNft.mint(to, _id, _amount, \"\");\n    }\n\n    function _createBatchNFT(\n        address to,\n        uint256[] memory _ids,\n        uint256[] memory _amounts\n    ) internal {\n        teamNft.mintBatch(to, _ids, _amounts, \"\");\n    }\n\n    function _transferNFT(address to, uint256 _id, uint256 _amount) internal {\n        if (teamNft.balanceOf(address(this), _id) < _amount) {\n            revert NotEnoughTokensForTransfer(_id, _amount);\n        }\n\n        teamNft.safeTransferFrom(address(this), to, _id, _amount, \"\");\n    }\n\n    function bytesToString(\n        bytes32 _bytes32\n    ) internal pure returns (string memory) {\n        uint8 i = 0;\n        while (i < 32 && _bytes32[i] != 0) {\n            i++;\n        }\n        bytes memory bytesArray = new bytes(i);\n        for (i = 0; i < 32 && _bytes32[i] != 0; i++) {\n            bytesArray[i] = _bytes32[i];\n        }\n        return string(bytesArray);\n    }\n\n    function stringToBytes(\n        string calldata input\n    ) internal pure returns (bytes32) {\n        return bytes32(abi.encodePacked(input));\n    }\n\n    function getBalance() internal view returns (uint) {\n        return address(this).balance;\n    }\n}\n"}, "contracts/interfaces/ITTMarketplace.sol": {"content": "// SPDX-License-Identifier: MIT\n\npragma solidity ^0.8.30;\n\ninterface ITTMarketplace {\n    function listBatchTeamNFT(\n        uint256[] memory _tokenIds,\n        uint256[] memory _amountOfTokens,\n        uint256[] memory _prices,\n        uint256 _startTime,\n        uint256 _deadline\n    ) external returns (bool);\n\n    function listTeamNFT(\n        uint256 _tokenId,\n        uint256 _amountOfToken,\n        uint256 _price,\n        uint256 _startTime,\n        uint256 _deadline\n    ) external returns (bool);\n\n    function buyTeamNFT(\n        uint256 _sellId,\n        uint256 _quantity\n    ) external returns (uint256);\n\n    function buyBatchTeamNFT(\n        uint256[] memory _sellIds,\n        uint256[] memory _quantitys,\n        bool _allowPartial\n    ) external returns (uint256);\n\n    function cancelList(uint256 _sellId) external returns (bool);\n}\n"}, "contracts/interfaces/ITeamNFT.sol": {"content": "// SPDX-License-Identifier: MIT\n\npragma solidity ^0.8.30;\n\nimport \"@openzeppelin/contracts-upgradeable/token/ERC1155/IERC1155Upgradeable.sol\";\n\ninterface ITeamNFT is IERC1155Upgradeable {\n    function mint(\n        address account,\n        uint256 id,\n        uint256 amount,\n        bytes memory data\n    ) external;\n\n    function mintBatch(\n        address account,\n        uint256[] memory ids,\n        uint256[] memory amounts,\n        bytes memory data\n    ) external;\n\n    function teamNftManager() external view returns (address);\n\n    function setTeamNftRenderer(address) external;\n\n    function isApprovedForAll(address, address) external view returns (bool);\n\n    function setApprovalForAll(address, bool) external;\n}\n"}, "contracts/types/Structs.sol": {"content": "// SPDX-License-Identifier: MIT\npragma solidity ^0.8.30;\n\nstruct TeamNFTData {\n    uint64 sport;\n    uint64 series;\n    bytes32 seriesName;\n    bytes32 cityName;\n    bytes32 teamName;\n    bytes32 color1;\n    bytes32 color2;\n}\n\nstruct SeriesData {\n    string seriesName;\n    uint128 numberOfTeams;\n    uint128 nftsPerTeam;\n}\n\n/// @dev Datatype for returning owners of a tokenId with balances.\nstruct OwnersBalances {\n    address account;\n    uint256 balance;\n}\n"}}}