{"language": "Solidity", "sources": {"constant_string.sol": {"content": "contract C {\n    bytes constant a = \"\\x03\\x01\\x02\";\n    bytes constant b = hex\"030102\";\n    string constant c = \"hello\";\n\n    function f() public returns (bytes memory) {\n        return a;\n    }\n\n    function g() public returns (bytes memory) {\n        return b;\n    }\n\n    function h() public returns (bytes memory) {\n        return bytes(c);\n    }\n}\n// ----\n// f() -> 0x20, 3, \"\\x03\\x01\\x02\"\n// g() -> 0x20, 3, \"\\x03\\x01\\x02\"\n// h() -> 0x20, 5, \"hello\"\n"}}, "settings": {"optimizer": {"enabled": true, "runs": 200}, "outputSelection": {"*": {"*": ["abi", "metadata", "evm.bytecode", "evm.deployedBytecode", "evm.methodIdentifiers", "evm.legacyAssembly", "evm.bytecode.opcodes", "yulCFGJson"]}}, "metadata": {"appendCBOR": false}, "viaIR": true}}