{"language": "Solidity", "sources": {"array_calldata_assignment.sol": {"content": "contract C {\n    function f(uint256[] calldata x, uint256[] calldata y, uint256 i) external returns (uint256) {\n        x = y;\n        return x[i];\n    }\n}\n// ----\n// f(uint256[],uint256[],uint256): 0x60, 0xA0, 1, 1, 0, 2, 1, 2 -> 2\n"}}, "settings": {"optimizer": {"enabled": true, "runs": 200}, "outputSelection": {"*": {"*": ["abi", "metadata", "evm.bytecode", "evm.deployedBytecode", "evm.methodIdentifiers", "evm.legacyAssembly", "evm.bytecode.opcodes", "yulCFGJson"]}}, "metadata": {"appendCBOR": false}, "viaIR": true}}