{"language": "Solidity", "sources": {"bound_function.sol": {"content": "// TODO: Recreate this test for EOF when subassembly deduplication will be supported for EOF too.\nfunction longdata(S memory) pure returns (bytes memory) {\n    return\n        \"xasopca.pngaibngidak.jbtnudak.cAP.BRRSMCPJAGPD KIAJDOMHUKR,SCPID\"\n        \"xasopca.pngaibngidak.jbtnudak.cAP.BRRSMCPJAGPD KIAJDOMHUKR,SCPID\"\n        \"M,SEYBDXCNTKIMNJGO;DUIAQBQUEHAKMPGIDSAJCOUKANJBCUEBKNA.GIAKMV.TI\"\n        \"AJMO<KXBANJCPGUD ABKCJIDHA NKIMAJU,EKAMHSO;PYCAKUM,L.UCA MR;KITA\"\n        \"M,SEYBDXCNTKIMNJGO;DUIAQBQUEHAKMPGIDSAJCOUKANJBCUEBKNA.GIAKMV.TI\"\n        \"AJMO<KXBANJCPGUD ABKCJIDHA NKIMAJU,EKAMHSO;PYCAKUM,L.UCA MR;KITA\"\n        \" .RPOKIDAS,.CKUMT.,ORKAD ,NOKIDHA .CGKIAD OVHAMS CUAOGT DAKN OIT\"\n        \"xasopca.pngaibngidak.jbtnudak.cAP.BRRSMCPJAGPD KIAJDOMHUKR,SCPID\"\n        \"M,SEYBDXCNTKIMNJGO;DUIAQBQUEHAKMPGIDSAJCOUKANJBCUEBKNA.GIAKMV.TI\"\n        \"AJMO<KXBANJCPGUD ABKCJIDHA NKIMAJU,EKAMHSO;PYCAKUM,L.UCA MR;KITA\"\n        \"apibakrpidbacnidkacjadtnpdkylca.,jda,r.kuadc,jdlkjd',c'dj, ncg d\"\n        \"anosumantkudkc,djntudkantuadnc,ui,c.ud,.nujdncud,j.rsch'pkl.'pih\";\n}\n\nstruct S {\n    uint x;\n}\n\nusing { longdata } for S;\n\ncontract C {\n    bytes data;\n    constructor() {\n        S memory x;\n        data = x.longdata();\n    }\n    function test() public view returns (bool) {\n        // Tests that the function longdata is not\n        // included in the runtime code.\n        uint x;\n        assembly {\n            x := codesize()\n        }\n        return x < data.length;\n    }\n}\n// ====\n// bytecodeFormat: legacy\n// ----\n// test() -> true\n"}}, "settings": {"optimizer": {"enabled": true, "runs": 200}, "outputSelection": {"*": {"*": ["abi", "metadata", "evm.bytecode", "evm.deployedBytecode", "evm.methodIdentifiers", "evm.legacyAssembly", "evm.bytecode.opcodes", "yulCFGJson"]}}, "metadata": {"appendCBOR": false}, "viaIR": true}}