{"language": "Solidity", "sources": {"bytes_calldata_to_string_calldata.sol": {"content": "contract C {\n    function f(bytes calldata c) public returns (string calldata s) {\n        return string(c);\n    }\n}\n// ----\n// f(bytes): 0x20, 3, \"abc\" -> 0x20, 3, \"abc\"\n"}}, "settings": {"optimizer": {"enabled": true, "runs": 200}, "outputSelection": {"*": {"*": ["abi", "metadata", "evm.bytecode", "evm.deployedBytecode", "evm.methodIdentifiers", "evm.legacyAssembly", "evm.bytecode.opcodes", "yulCFGJson"]}}, "metadata": {"appendCBOR": false}, "viaIR": true}}