{"language": "Solidity", "sources": {"abi_decode_v2_storage.sol": {"content": "pragma abicoder               v2;\n\n\ncontract C {\n    bytes data;\n    struct S {\n        uint256 a;\n        uint256[] b;\n    }\n\n    function f() public returns (S memory) {\n        S memory s;\n        s.a = 8;\n        s.b = new uint256[](3);\n        s.b[0] = 9;\n        s.b[1] = 10;\n        s.b[2] = 11;\n        data = abi.encode(s);\n        return abi.decode(data, (S));\n    }\n}\n// ----\n// f() -> 0x20, 0x8, 0x40, 0x3, 0x9, 0xa, 0xb\n// gas irOptimized: 203167\n// gas legacy: 206263\n// gas legacyOptimized: 203172\n"}}, "settings": {"optimizer": {"enabled": true, "runs": 200}, "outputSelection": {"*": {"*": ["abi", "metadata", "evm.bytecode", "evm.deployedBytecode", "evm.methodIdentifiers", "evm.legacyAssembly", "evm.bytecode.opcodes", "yulCFGJson"]}}, "metadata": {"appendCBOR": false}, "viaIR": true}}