{"language": "Solidity", "sources": {"nested_dynamic_array_element_calldata_to_storage.sol": {"content": "pragma abicoder v2;\n\ncontract C {\n    uint8[][] a;\n    uint8[][][] a2;\n\n    function test(uint8[][][] calldata _a) public {\n        a = _a[1];\n        require(a.length == 2);\n        require(a[0].length == 1);\n        require(a[0][0] == 7);\n        require(a[1].length == 2);\n        require(a[1][0] == 8);\n        require(a[1][1] == 9);\n    }\n\n    function test2(uint8[][] calldata _a) public {\n        a2 = new uint8[][][](2);\n        a2[0] = _a;\n        require(a2[0].length == 2);\n\trequire(a2[0][0].length == 1);\n\trequire(a2[0][0][0] == 7);\n\trequire(a2[0][1].length == 2);\n\trequire(a2[0][1][0] == 8);\n\trequire(a2[0][1][1] == 9);\n\trequire(a2[1].length == 0);\n    }\n}\n// ====\n// compileViaYul: true\n// ----\n// test(uint8[][][]): 0x20, 2, 0x40, 0x60, 0, 2, 0x40, 0x80, 1, 7, 2, 8, 9\n// gas irOptimized: 137897\n// test2(uint8[][]): 0x20, 2, 0x40, 0x80, 1, 7, 2, 8, 9\n// gas irOptimized: 164482\n// gas legacyOptimized: 120228\n"}}, "settings": {"optimizer": {"enabled": true, "runs": 200}, "outputSelection": {"*": {"*": ["abi", "metadata", "evm.bytecode", "evm.deployedBytecode", "evm.methodIdentifiers", "evm.legacyAssembly", "evm.bytecode.opcodes", "yulCFGJson"]}}, "metadata": {"appendCBOR": false}, "viaIR": true}}