{"language": "Solidity", "sources": {"array_storage_length_access.sol": {"content": "contract C {\n    uint[] storageArray;\n    function set_get_length(uint256 len) public returns (uint256) {\n        while(storageArray.length < len)\n            storageArray.push();\n        return storageArray.length;\n    }\n}\n// ----\n// set_get_length(uint256): 0 -> 0\n// set_get_length(uint256): 1 -> 1\n// set_get_length(uint256): 10 -> 10\n// set_get_length(uint256): 20 -> 20\n// set_get_length(uint256): 0xFF -> 0xFF\n// gas irOptimized: 96690\n// gas legacy: 128571\n// gas legacyOptimized: 110143\n// set_get_length(uint256): 0xFFF -> 0xFFF\n// gas irOptimized: 1209116\n// gas legacy: 1689548\n// gas legacyOptimized: 1393535\n// set_get_length(uint256): 0xFFFFF -> FAILURE # Out-of-gas #\n"}}, "settings": {"optimizer": {"enabled": true, "runs": 200}, "outputSelection": {"*": {"*": ["abi", "metadata", "evm.bytecode", "evm.deployedBytecode", "evm.methodIdentifiers", "evm.legacyAssembly", "evm.bytecode.opcodes", "yulCFGJson"]}}, "metadata": {"appendCBOR": false}, "viaIR": true}}