{"language": "Solidity", "sources": {"bytes_memory_to_storage.sol": {"content": "contract C {\n  bytes s;\n  function f() external returns (bytes1) {\n    bytes memory data = \"abcd\";\n    s = data;\n    return s[0];\n  }\n}\n// ----\n// f() -> \"a\"\n"}}, "settings": {"optimizer": {"enabled": true, "runs": 200}, "outputSelection": {"*": {"*": ["abi", "metadata", "evm.bytecode", "evm.deployedBytecode", "evm.methodIdentifiers", "evm.legacyAssembly", "evm.bytecode.opcodes", "yulCFGJson"]}}, "metadata": {"appendCBOR": false}, "viaIR": true}}