{"language": "Solidity", "sources": {"empty_bytes_copy.sol": {"content": "contract C {\n    bytes data;\n    bytes otherData;\n    function fromMemory() public returns (bytes1) {\n        bytes memory t;\n        uint[2] memory x;\n        x[0] = type(uint).max;\n        data = t;\n        data.push();\n        return data[0];\n    }\n    function fromCalldata(bytes calldata x) public returns (bytes1) {\n        data = x;\n        data.push();\n        return data[0];\n    }\n    function fromStorage() public returns (bytes1) {\n        // zero-length but dirty higher order bits\n        assembly  { sstore(otherData.slot, 0xffffffffffffffffffffffffffffffffffffffffffffffffffffffffffffff00) }\n        data = otherData;\n        data.push();\n        return data[0];\n    }\n}\n// ----\n// fromMemory() -> 0x00\n// fromCalldata(bytes): 0x40, 0x60, 0x00, 0xffffffffffffffffffffffffffffffffffffffffffffffffffffffffffffffff -> 0x00\n// fromStorage() -> 0x00\n"}}, "settings": {"optimizer": {"enabled": true, "runs": 200}, "outputSelection": {"*": {"*": ["abi", "metadata", "evm.bytecode", "evm.deployedBytecode", "evm.methodIdentifiers", "evm.legacyAssembly", "evm.bytecode.opcodes", "yulCFGJson"]}}, "metadata": {"appendCBOR": false}, "viaIR": true}}