{"language": "Solidity", "sources": {"iterated_keccak256_with_bytes.sol": {"content": "contract c {\n    bytes data;\n\n    function foo() public returns (bytes32) {\n        data.push(\"x\");\n        data.push(\"y\");\n        data.push(\"z\");\n        return keccak256(abi.encodePacked(\"b\", keccak256(data), \"a\"));\n    }\n}\n// ----\n// foo() -> 0xb338eefce206f9f57b83aa738deecd5326dc4b72dd81ee6a7c621a6facb7acdc\n"}}, "settings": {"optimizer": {"enabled": true, "runs": 200}, "outputSelection": {"*": {"*": ["abi", "metadata", "evm.bytecode", "evm.deployedBytecode", "evm.methodIdentifiers", "evm.legacyAssembly", "evm.bytecode.opcodes", "yulCFGJson"]}}, "metadata": {"appendCBOR": false}, "viaIR": true}}