{"language": "Solidity", "sources": {"bytes_concat_2_args.sol": {"content": "contract C {\n    function f(bytes memory a, bytes memory b) public returns (bytes memory) {\n        return bytes.concat(a, b);\n    }\n}\n// ----\n// f(bytes,bytes): 0x40, 0x80, 32, \"abcdabcdabcdabcdabcdabcdabcdabcd\", 5, \"bcdef\" -> 0x20, 37, \"abcdabcdabcdabcdabcdabcdabcdabcd\", \"bcdef\"\n//\n// f(bytes,bytes):\n//   0x40, 0xa0, 64, \"abcdabcdabcdabcdabcdabcdabcdabcd\", \"abcdabcdabcdabcdabcdabcdabcdabcd\", 5, \"bcdef\"\n//   ->\n//   0x20, 69, \"abcdabcdabcdabcdabcdabcdabcdabcd\", \"abcdabcdabcdabcdabcdabcdabcdabcd\", \"bcdef\"\n// f(bytes,bytes): 0x40, 0x80, 3, \"abc\", 3, \"def\" -> 0x20, 6, \"abcdef\"\n//\n// f(bytes,bytes):\n//  0x40, 0xa0, 34, \"abcdabcdabcdabcdabcdabcdabcdabcd\", \"ab\", 30, \"cdabcdabcdabcdabcdabcdabcdabcd\"\n//  ->\n//  0x20, 64, \"abcdabcdabcdabcdabcdabcdabcdabcd\", \"abcdabcdabcdabcdabcdabcdabcdabcd\"\n//\n// f(bytes,bytes):\n//  0x40, 0xa0, 34, \"abcdabcdabcdabcdabcdabcdabcdabcd\", \"ab\", 34, \"cdabcdabcdabcdabcdabcdabcdabcdab\", \"cd\"\n//  ->\n//  0x20, 68, \"abcdabcdabcdabcdabcdabcdabcdabcd\", \"abcdabcdabcdabcdabcdabcdabcdabcd\", \"abcd\"\n//\n// f(bytes,bytes):\n//   0x40, 0x80, 3, \"abc\", 30, \"dabcdabcdabcdabcdabcdabcdabcda\"\n//   ->\n//   0x20, 33, \"abcdabcdabcdabcdabcdabcdabcdabcd\", \"a\"\n"}}, "settings": {"optimizer": {"enabled": true, "runs": 200}, "outputSelection": {"*": {"*": ["abi", "metadata", "evm.bytecode", "evm.deployedBytecode", "evm.methodIdentifiers", "evm.legacyAssembly", "evm.bytecode.opcodes", "yulCFGJson"]}}, "metadata": {"appendCBOR": false}, "viaIR": true}}