{"language": "Solidity", "sources": {"state_variable_initialization.sol": {"content": "contract C {\n    uint public i = 1;\n    uint public k = 2;\n\n    constructor() {\n        i = i + i;\n        k = k - i;\n    }\n}\n// ----\n// i() -> 2\n// k() -> 0\n"}}, "settings": {"optimizer": {"enabled": true, "runs": 200}, "outputSelection": {"*": {"*": ["abi", "metadata", "evm.bytecode", "evm.deployedBytecode", "evm.methodIdentifiers", "evm.legacyAssembly", "evm.bytecode.opcodes", "yulCFGJson"]}}, "metadata": {"appendCBOR": false}, "viaIR": true}}