{"language": "Solidity", "sources": {"bytes_index_access.sol": {"content": "contract c {\n    bytes data;\n    function direct(bytes calldata arg, uint index) external returns (uint) {\n        return uint(uint8(arg[index]));\n    }\n    function storageCopyRead(bytes calldata arg, uint index) external returns (uint) {\n        data = arg;\n        return uint(uint8(data[index]));\n    }\n    function storageWrite() external returns (uint) {\n        data = new bytes(35);\n        data[31] = 0x77;\n        data[32] = 0x14;\n\n        data[31] = 0x01;\n        data[31] |= 0x08;\n        data[30] = 0x01;\n        data[32] = 0x03;\n        return uint(uint8(data[30])) * 0x100 | uint(uint8(data[31])) * 0x10 | uint(uint8(data[32]));\n    }\n}\n// ----\n// direct(bytes,uint256): 0x40, 33, 34, 0x000102030405060708090A0B0C0D0E0F101112131415161718191A1B1C1D1E1F, left(0x2021) -> 0x21\n// storageCopyRead(bytes,uint256): 0x40, 33, 34, 0x000102030405060708090A0B0C0D0E0F101112131415161718191A1B1C1D1E1F, left(0x2021) -> 0x21\n// storageWrite() -> 0x193\n"}}, "settings": {"optimizer": {"enabled": true, "runs": 200}, "outputSelection": {"*": {"*": ["abi", "metadata", "evm.bytecode", "evm.deployedBytecode", "evm.methodIdentifiers", "evm.legacyAssembly", "evm.bytecode.opcodes", "yulCFGJson"]}}, "metadata": {"appendCBOR": false}, "viaIR": true}}