{"language": "Solidity", "sources": {"array_push_with_arg.sol": {"content": "contract C {\n    uint[] storageArray;\n    function test(uint256 v) public {\n        storageArray.push(v);\n    }\n    function getLength() public view returns (uint256) {\n        return storageArray.length;\n    }\n    function fetch(uint256 a) public view returns (uint256) {\n        return storageArray[a];\n    }\n}\n// ----\n// getLength() -> 0\n// test(uint256): 42 ->\n// getLength() -> 1\n// fetch(uint256): 0 -> 42\n// fetch(uint256): 1 -> FAILURE, hex\"4e487b71\", 0x32\n// test(uint256): 23 ->\n// getLength() -> 2\n// fetch(uint256): 0 -> 42\n// fetch(uint256): 1 -> 23\n// fetch(uint256): 2 -> FAILURE, hex\"4e487b71\", 0x32\n"}}, "settings": {"optimizer": {"enabled": true, "runs": 200}, "outputSelection": {"*": {"*": ["abi", "metadata", "evm.bytecode", "evm.deployedBytecode", "evm.methodIdentifiers", "evm.legacyAssembly", "evm.bytecode.opcodes", "yulCFGJson"]}}, "metadata": {"appendCBOR": false}, "viaIR": true}}