{"language": "Solidity", "sources": {"calldata_array_multi_dynamic.sol": {"content": "pragma abicoder               v2;\n\ncontract C {\n    function f(uint256[][] calldata s) external pure returns (bytes memory) {\n        return abi.encode(s);\n    }\n    function g(uint256[][] calldata s) external view returns (bytes memory) {\n        return this.f(s);\n    }\n    function h(uint8[][] calldata s) external pure returns (bytes memory) {\n        return abi.encode(s);\n    }\n    function i(uint8[][] calldata s) external view returns (bytes memory) {\n        return this.h(s);\n    }\n    function j(bytes[] calldata s) external pure returns (bytes memory) {\n        return abi.encode(s);\n    }\n    function k(bytes[] calldata s) external view returns (bytes memory) {\n        return this.j(s);\n    }\n}\n// ====\n// EVMVersion: >homestead\n// ----\n// f(uint256[][]): 0x20, 2, 0x40, 0xC0, 3, 13, 17, 23, 4, 27, 31, 37, 41 -> 32, 416, 32, 2, 64, 192, 3, 13, 17, 23, 4, 27, 31, 37, 41\n// g(uint256[][]): 0x20, 2, 0x40, 0xC0, 3, 13, 17, 23, 4, 27, 31, 37, 41 -> 32, 416, 32, 2, 64, 192, 3, 13, 17, 23, 4, 27, 31, 37, 41\n// h(uint8[][]): 0x20, 2, 0x40, 0xC0, 3, 13, 17, 23, 4, 27, 31, 37, 41 -> 32, 416, 32, 2, 64, 192, 3, 13, 17, 23, 4, 27, 31, 37, 41\n// i(uint8[][]): 0x20, 2, 0x40, 0xC0, 3, 13, 17, 23, 4, 27, 31, 37, 41 -> 32, 416, 32, 2, 64, 192, 3, 13, 17, 23, 4, 27, 31, 37, 41\n// j(bytes[]): 0x20, 2, 0x40, 0x63, 3, hex\"131723\", 4, hex\"27313741\" -> 32, 256, 32, 2, 64, 128, 3, left(0x131723), 4, left(0x27313741)\n// k(bytes[]): 0x20, 2, 0x40, 0x63, 3, hex\"131723\", 4, hex\"27313741\" -> 32, 256, 32, 2, 64, 128, 3, left(0x131723), 4, left(0x27313741)\n"}}, "settings": {"optimizer": {"enabled": true, "runs": 200}, "outputSelection": {"*": {"*": ["abi", "metadata", "evm.bytecode", "evm.deployedBytecode", "evm.methodIdentifiers", "evm.legacyAssembly", "evm.bytecode.opcodes", "yulCFGJson"]}}, "metadata": {"appendCBOR": false}, "viaIR": true}}