{"language": "Solidity", "sources": {"array_storage_push_empty.sol": {"content": "contract C {\n    uint256[] storageArray;\n    function pushEmpty(uint256 len) public {\n        while(storageArray.length < len)\n            storageArray.push();\n\n        for (uint i = 0; i < len; i++)\n            require(storageArray[i] == 0);\n    }\n}\n// ====\n// EVMVersion: >=petersburg\n// ----\n// pushEmpty(uint256): 128\n// gas irOptimized: 410745\n// gas legacy: 400519\n// gas legacyOptimized: 388804\n// pushEmpty(uint256): 256\n// gas irOptimized: 698285\n// gas legacy: 684859\n// gas legacyOptimized: 671480\n// pushEmpty(uint256): 38869 -> FAILURE # out-of-gas #\n// gas irOptimized: 100000000\n// gas legacy: 100000000\n// gas legacyOptimized: 100000000\n"}}, "settings": {"optimizer": {"enabled": true, "runs": 200}, "outputSelection": {"*": {"*": ["abi", "metadata", "evm.bytecode", "evm.deployedBytecode", "evm.methodIdentifiers", "evm.legacyAssembly", "evm.bytecode.opcodes", "yulCFGJson"]}}, "metadata": {"appendCBOR": false}, "viaIR": true}}