{"language": "Solidity", "sources": {"fixed_array_cleanup.sol": {"content": "contract c {\n    uint spacer1;\n    uint spacer2;\n    uint[20] data;\n    function fill() public {\n        for (uint i = 0; i < data.length; ++i) data[i] = i+1;\n    }\n    function clear() public { delete data; }\n}\n// ----\n// storageEmpty -> 1\n// fill() ->\n// gas irOptimized: 465013\n// gas legacy: 468825\n// gas legacyOptimized: 466238\n// storageEmpty -> 0\n// clear() ->\n// gas irOptimized: 122148\n// gas legacy: 122440\n// gas legacyOptimized: 122259\n// storageEmpty -> 1\n"}}, "settings": {"optimizer": {"enabled": true, "runs": 200}, "outputSelection": {"*": {"*": ["abi", "metadata", "evm.bytecode", "evm.deployedBytecode", "evm.methodIdentifiers", "evm.legacyAssembly", "evm.bytecode.opcodes", "yulCFGJson"]}}, "metadata": {"appendCBOR": false}, "viaIR": true}}