{"language": "Solidity", "sources": {"parenthesized.sol": {"content": "contract C {\n  int[] data;\n  function f() public returns (uint) {\n    data.push(1);\n    (data.pop)();\n    return data.length;\n  }\n}\n// ----\n// f() -> 0\n"}}, "settings": {"optimizer": {"enabled": true, "runs": 200}, "outputSelection": {"*": {"*": ["abi", "metadata", "evm.bytecode", "evm.deployedBytecode", "evm.methodIdentifiers", "evm.legacyAssembly", "evm.bytecode.opcodes", "yulCFGJson"]}}, "metadata": {"appendCBOR": false}, "viaIR": true}}