{"language": "Solidity", "sources": {"array_pop_uint24_transition.sol": {"content": "contract c {\n    uint256 a;\n    uint256 b;\n    uint256 c;\n    uint24[] data;\n    function test() public returns (uint24 x, uint24 y) {\n        for (uint i = 1; i <= 30; i++)\n            data.push(uint24(i));\n        for (uint j = 1; j <= 10; j++)\n            data.pop();\n        x = data[data.length - 1];\n        for (uint k = 1; k <= 10; k++)\n            data.pop();\n        y = data[data.length - 1];\n        for (uint l = 1; l <= 10; l++)\n            data.pop();\n    }\n}\n// ----\n// test() -> 20, 10\n// gas irOptimized: 125889\n// gas legacy: 127215\n// gas legacyOptimized: 122224\n// storageEmpty -> 1\n"}}, "settings": {"optimizer": {"enabled": true, "runs": 200}, "outputSelection": {"*": {"*": ["abi", "metadata", "evm.bytecode", "evm.deployedBytecode", "evm.methodIdentifiers", "evm.legacyAssembly", "evm.bytecode.opcodes", "yulCFGJson"]}}, "metadata": {"appendCBOR": false}, "viaIR": true}}