{"language": "Solidity", "sources": {"blobhash_shadow_resolution.sol": {"content": "contract C {\n    function blobhash(uint256 index) public pure returns(bytes32) {\n        return bytes32(index);\n    }\n    function f() public pure returns(bytes32) {\n        return blobhash(3);\n    }\n}\n// ====\n// EVMVersion: >=cancun\n// ----\n// f() -> 0x03\n"}}, "settings": {"optimizer": {"enabled": true, "runs": 200}, "outputSelection": {"*": {"*": ["abi", "metadata", "evm.bytecode", "evm.deployedBytecode", "evm.methodIdentifiers", "evm.legacyAssembly", "evm.bytecode.opcodes", "yulCFGJson"]}}, "metadata": {"appendCBOR": false}, "viaIR": true}}