{"language": "Solidity", "sources": {"index_access.sol": {"content": "contract C {\n    function to_little_endian_64(uint64 value) public pure returns (bytes memory ret) {\n        ret = new bytes(8);\n        bytes8 bytesValue = bytes8(value);\n        // Byteswapping during copying to bytes.\n        ret[0] = bytesValue[7];\n        ret[1] = bytesValue[6];\n        ret[2] = bytesValue[5];\n        ret[3] = bytesValue[4];\n        ret[4] = bytesValue[3];\n        ret[5] = bytesValue[2];\n        ret[6] = bytesValue[1];\n        ret[7] = bytesValue[0];\n    }\n}\n// ----\n// to_little_endian_64(uint64): 0 -> 0x20, 8, 0x00\n// to_little_endian_64(uint64): 0x0102030405060708 -> 0x20, 8, 0x0807060504030201000000000000000000000000000000000000000000000000\n"}}, "settings": {"optimizer": {"enabled": true, "runs": 200}, "outputSelection": {"*": {"*": ["abi", "metadata", "evm.bytecode", "evm.deployedBytecode", "evm.methodIdentifiers", "evm.legacyAssembly", "evm.bytecode.opcodes", "yulCFGJson"]}}, "metadata": {"appendCBOR": false}, "viaIR": true}}