{"language": "Solidity", "sources": {"array_copy_storage_storage_different_base_nested.sol": {"content": "contract c {\n    uint48[5][2] data1;\n    uint120[6][3] data2;\n\n    function test() public returns (uint256 x, uint120 y) {\n        data2[0][0] = 11;\n        data2[1][0] = 22;\n        data2[2][0] = 33;\n\n        data1[0][0] = 0;\n        data1[0][1] = 1;\n        data1[0][2] = 2;\n        data1[0][3] = 3;\n        data1[0][4] = 4;\n        data1[1][0] = 3;\n        data2 = data1;\n        assert(data1[0][1] == data2[0][1]);\n        x = data2.length;\n        y = data2[0][4];\n    }\n}\n// ----\n// test() -> 3, 4\n// gas irOptimized: 169669\n// gas legacy: 175415\n// gas legacyOptimized: 172533\n"}}, "settings": {"optimizer": {"enabled": true, "runs": 200}, "outputSelection": {"*": {"*": ["abi", "metadata", "evm.bytecode", "evm.deployedBytecode", "evm.methodIdentifiers", "evm.legacyAssembly", "evm.bytecode.opcodes", "yulCFGJson"]}}, "metadata": {"appendCBOR": false}, "viaIR": true}}