{"language": "Solidity", "sources": {"storage_array_encoding.sol": {"content": "pragma abicoder               v2;\n\n// tests encoding from storage arrays\n\ncontract C {\n    uint256[2][] tmp_h;\n    function h(uint256[2][] calldata s) external returns (bytes memory) {\n        tmp_h = s;\n        return abi.encode(tmp_h);\n    }\n    uint256[2][2] tmp_i;\n    function i(uint256[2][2] calldata s) external returns (bytes memory) {\n        tmp_i = s;\n        return abi.encode(tmp_i);\n    }\n}\n// ====\n// EVMVersion: >homestead\n// ----\n// h(uint256[2][]): 0x20, 3, 123, 124, 223, 224, 323, 324 -> 32, 256, 0x20, 3, 123, 124, 223, 224, 323, 324\n// gas irOptimized: 180080\n// gas legacy: 184233\n// gas legacyOptimized: 180856\n// i(uint256[2][2]): 123, 124, 223, 224 -> 32, 128, 123, 124, 223, 224\n// gas irOptimized: 112031\n// gas legacy: 115091\n// gas legacyOptimized: 112657\n"}}, "settings": {"optimizer": {"enabled": true, "runs": 200}, "outputSelection": {"*": {"*": ["abi", "metadata", "evm.bytecode", "evm.deployedBytecode", "evm.methodIdentifiers", "evm.legacyAssembly", "evm.bytecode.opcodes", "yulCFGJson"]}}, "metadata": {"appendCBOR": false}, "viaIR": true}}