{"language": "Solidity", "sources": {"external_array_args.sol": {"content": "contract c {\n    function test(uint[8] calldata a, uint[] calldata b, uint[5] calldata c, uint a_index, uint b_index, uint c_index)\n            external returns (uint av, uint bv, uint cv) {\n        av = a[a_index];\n        bv = b[b_index];\n        cv = c[c_index];\n    }\n}\n// ----\n// test(uint256[8],uint256[],uint256[5],uint256,uint256,uint256): 1, 2, 3, 4, 5, 6, 7, 8, 0x220, 21, 22, 23, 24, 25, 0, 1, 2, 3, 11, 12, 13 -> 1, 12, 23\n"}}, "settings": {"optimizer": {"enabled": true, "runs": 200}, "outputSelection": {"*": {"*": ["abi", "metadata", "evm.bytecode", "evm.deployedBytecode", "evm.methodIdentifiers", "evm.legacyAssembly", "evm.bytecode.opcodes", "yulCFGJson"]}}, "metadata": {"appendCBOR": false}, "viaIR": true}}