{"language": "Solidity", "sources": {"memory_params_in_external_function.sol": {"content": "pragma abicoder v2;\n\ncontract C {\n    function f(bytes memory a, bytes calldata b, uint[] memory c)\n        external\n        pure\n        returns (uint, bytes1, uint, bytes1, uint, uint)\n    {\n        return (a.length, a[1], b.length, b[2], c.length, c[3]);\n    }\n    function g() public returns (uint, bytes1, uint, bytes1, uint, uint) {\n        uint[] memory x = new uint[](4);\n        x[3] = 7;\n        return this.f(\"abc\", \"def\", x);\n    }\n}\n// ----\n// g() -> 3, 0x6200000000000000000000000000000000000000000000000000000000000000, 3, 0x6600000000000000000000000000000000000000000000000000000000000000, 4, 7\n"}}, "settings": {"optimizer": {"enabled": true, "runs": 200}, "outputSelection": {"*": {"*": ["abi", "metadata", "evm.bytecode", "evm.deployedBytecode", "evm.methodIdentifiers", "evm.legacyAssembly", "evm.bytecode.opcodes", "yulCFGJson"]}}, "metadata": {"appendCBOR": false}, "viaIR": true}}