{"language": "Solidity", "sources": {"fixed_bytes_index_access.sol": {"content": "contract C {\n    bytes16[] public data;\n\n    function f(bytes32 x) public returns (bytes1) {\n        return x[2];\n    }\n\n    function g(bytes32 x) public returns (uint256) {\n        data = [x[0], x[1], x[2]];\n        data[0] = \"12345\";\n        return uint256(uint8(data[0][4]));\n    }\n}\n// ----\n// f(bytes32): \"789\" -> \"9\"\n// g(bytes32): \"789\" -> 0x35\n// data(uint256): 0x01 -> \"8\"\n"}}, "settings": {"optimizer": {"enabled": true, "runs": 200}, "outputSelection": {"*": {"*": ["abi", "metadata", "evm.bytecode", "evm.deployedBytecode", "evm.methodIdentifiers", "evm.legacyAssembly", "evm.bytecode.opcodes", "yulCFGJson"]}}, "metadata": {"appendCBOR": false}, "viaIR": true}}