{"language": "Solidity", "sources": {"array_pop.sol": {"content": "contract c {\n    uint256[] data;\n\n    function test() public returns (uint256 x, uint256 l) {\n        data.push(7);\n        data.push(3);\n        x = data.length;\n        data.pop();\n        x = data.length;\n        data.pop();\n        l = data.length;\n    }\n}\n// ----\n// test() -> 1, 0\n"}}, "settings": {"optimizer": {"enabled": true, "runs": 200}, "outputSelection": {"*": {"*": ["abi", "metadata", "evm.bytecode", "evm.deployedBytecode", "evm.methodIdentifiers", "evm.legacyAssembly", "evm.bytecode.opcodes", "yulCFGJson"]}}, "metadata": {"appendCBOR": false}, "viaIR": true}}