{"language": "Solidity", "sources": {"array_slice_calldata_to_storage.sol": {"content": "contract C {\n    int[] s;\n    function f(int[] calldata b, uint256 start, uint256 end) public returns (int) {\n        s = b[start:end];\n        uint len = end - start;\n        assert(len == s.length);\n        for (uint i = 0; i < len; i++) {\n            assert(b[start:end][i] == s[i]);\n        }\n        return s[0];\n    }\n}\n// ----\n// f(int256[],uint256,uint256): 0x60, 1, 3, 4, 1, 2, 3, 4 -> 2\n"}}, "settings": {"optimizer": {"enabled": true, "runs": 200}, "outputSelection": {"*": {"*": ["abi", "metadata", "evm.bytecode", "evm.deployedBytecode", "evm.methodIdentifiers", "evm.legacyAssembly", "evm.bytecode.opcodes", "yulCFGJson"]}}, "metadata": {"appendCBOR": false}, "viaIR": true}}