{"language": "Solidity", "sources": {"dirty_calldata_dynamic_array.sol": {"content": "contract C {\n    function f(int16[] calldata a) external returns (bool correct) {\n        uint32 x = uint32(uint16(a[1]));\n        uint r;\n        assembly {\n            r := x\n        }\n        correct = r == 0x7fff;\n    }\n}\n// ----\n// f(int16[]): 0x20, 0x02, 0x7fff, 0x7fff -> true\n"}}, "settings": {"optimizer": {"enabled": true, "runs": 200}, "outputSelection": {"*": {"*": ["abi", "metadata", "evm.bytecode", "evm.deployedBytecode", "evm.methodIdentifiers", "evm.legacyAssembly", "evm.bytecode.opcodes", "yulCFGJson"]}}, "metadata": {"appendCBOR": false}, "viaIR": true}}