{"language": "Solidity", "sources": {"string_to_bytes.sol": {"content": "contract C {\n\tfunction f(string memory s) public pure returns (bytes memory t) {\n\t\tt = bytes(s);\n\t}\n}\n// ----\n// f(string): 32, 5, \"Hello\" -> 32, 5, \"Hello\"\n"}}, "settings": {"optimizer": {"enabled": true, "runs": 200}, "outputSelection": {"*": {"*": ["abi", "metadata", "evm.bytecode", "evm.deployedBytecode", "evm.methodIdentifiers", "evm.legacyAssembly", "evm.bytecode.opcodes", "yulCFGJson"]}}, "metadata": {"appendCBOR": false}, "viaIR": true}}