{"language": "Solidity", "sources": {"bytes_to_fixed_bytes_simple.sol": {"content": "contract C {\n    bytes s = \"abcdefghabcdefgh\";\n    bytes sLong = \"abcdefghabcdefghabcdefghabcdefgh\";\n\n    function fromMemory(bytes memory m) public returns (bytes16) {\n        return bytes16(m);\n    }\n    function fromCalldata(bytes calldata c) external returns (bytes16) {\n        return bytes16(c);\n    }\n    function fromStorage() external returns (bytes16) {\n        return bytes16(s);\n    }\n    function fromStorageLong() external returns (bytes32) {\n        return bytes32(sLong);\n    }\n    function fromSlice(bytes calldata c) external returns (bytes8) {\n        return bytes8(c[1:9]);\n    }\n}\n// ----\n// fromMemory(bytes): 0x20, 16, \"abcdefghabcdefgh\" -> \"abcdefghabcdefgh\"\n// fromCalldata(bytes): 0x20, 16, \"abcdefghabcdefgh\" -> \"abcdefghabcdefgh\"\n// fromStorage() -> \"abcdefghabcdefgh\"\n// fromStorageLong() -> \"abcdefghabcdefghabcdefghabcdefgh\"\n// fromSlice(bytes): 0x20, 16, \"abcdefghabcdefgh\" -> \"bcdefgha\"\n"}}, "settings": {"optimizer": {"enabled": true, "runs": 200}, "outputSelection": {"*": {"*": ["abi", "metadata", "evm.bytecode", "evm.deployedBytecode", "evm.methodIdentifiers", "evm.legacyAssembly", "evm.bytecode.opcodes", "yulCFGJson"]}}, "metadata": {"appendCBOR": false}, "viaIR": true}}