{"language": "Solidity", "sources": {"consteval_array_length.sol": {"content": "contract C {\n    uint constant a = 12;\n    uint constant b = 10;\n\n    function f() public pure returns (uint, uint) {\n        uint[(a / b) * b] memory x;\n        return (x.length, (a / b) * b);\n    }\n}\n// ====\n// compileViaYul: true\n// ----\n// constructor() ->\n// f() -> 0x0a, 0x0a\n"}}, "settings": {"optimizer": {"enabled": true, "runs": 200}, "outputSelection": {"*": {"*": ["abi", "metadata", "evm.bytecode", "evm.deployedBytecode", "evm.methodIdentifiers", "evm.legacyAssembly", "evm.bytecode.opcodes", "yulCFGJson"]}}, "metadata": {"appendCBOR": false}, "viaIR": true}}