{"language": "Solidity", "sources": {"calldata_internal_function_pointer.sol": {"content": "contract C {\n    function(bytes calldata) returns (bytes1) x;\n    constructor() { x = f; }\n    function f(bytes calldata b) internal pure returns (bytes1) {\n        return b[2];\n    }\n    function h(bytes calldata b) external returns (bytes1) {\n        return x(b);\n    }\n    function g() external returns (bytes1) {\n        bytes memory a = new bytes(34);\n        a[2] = bytes1(uint8(7));\n        return this.h(a);\n    }\n}\n// ----\n// g() -> 0x0700000000000000000000000000000000000000000000000000000000000000\n"}}, "settings": {"optimizer": {"enabled": true, "runs": 200}, "outputSelection": {"*": {"*": ["abi", "metadata", "evm.bytecode", "evm.deployedBytecode", "evm.methodIdentifiers", "evm.legacyAssembly", "evm.bytecode.opcodes", "yulCFGJson"]}}, "metadata": {"appendCBOR": false}, "viaIR": true}}