{"language": "Solidity", "sources": {"abi_decode_dynamic_array.sol": {"content": "contract C {\n    function f(bytes calldata data) external pure returns (uint256[] memory) {\n        return abi.decode(data, (uint256[]));\n    }\n}\n// ----\n// f(bytes): 0x20, 0xc0, 0x20, 0x4, 0x3, 0x4, 0x5, 0x6 -> 0x20, 0x4, 0x3, 0x4, 0x5, 0x6\n"}}, "settings": {"optimizer": {"enabled": true, "runs": 200}, "outputSelection": {"*": {"*": ["abi", "metadata", "evm.bytecode", "evm.deployedBytecode", "evm.methodIdentifiers", "evm.legacyAssembly", "evm.bytecode.opcodes", "yulCFGJson"]}}, "metadata": {"appendCBOR": false}, "viaIR": true}}