{"language": "Solidity", "sources": {"msg_sig_after_internal_call_is_same.sol": {"content": "contract test {\n    function boo() public returns (bytes4 value) {\n        return msg.sig;\n    }\n\n    function foo(uint256 a) public returns (bytes4 value) {\n        return boo();\n    }\n}\n// ----\n// foo(uint256): 0x0 -> 0x2fbebd3800000000000000000000000000000000000000000000000000000000\n"}}, "settings": {"optimizer": {"enabled": true, "runs": 200}, "outputSelection": {"*": {"*": ["abi", "metadata", "evm.bytecode", "evm.deployedBytecode", "evm.methodIdentifiers", "evm.legacyAssembly", "evm.bytecode.opcodes", "yulCFGJson"]}}, "metadata": {"appendCBOR": false}, "viaIR": true}}