{"language": "Solidity", "sources": {"calldata_three_dimensional_dynamic_array_index_access.sol": {"content": "pragma abicoder v2;\n\ncontract C {\n    struct S { uint[] a; }\n\n    function f(uint[][] calldata s, uint i, uint j) public pure returns (bytes memory) {\n        return abi.encode(s[i][j]);\n    }\n\n    function g(uint[][][] calldata s, uint i, uint j, uint k) public pure returns (bytes memory) {\n        return abi.encode(s[i][j][k]);\n    }\n\n    function h(uint[][][1] calldata s, uint i) public pure returns (bytes memory) {\n        return abi.encode(s[0][i]);\n    }\n\n    function k(S[][] calldata s, uint i, uint j) public pure returns (bytes memory) {\n        return abi.encode(s[i][j].a);\n    }\n\n    function l(S[2][2] calldata s, uint i, uint j) public pure returns (bytes memory) {\n        return abi.encode(s[i][j].a);\n    }\n}\n// ====\n// revertStrings: debug\n// ----\n// f(uint256[][],uint256,uint256): 0x60, 0, 0, 2, 0x40, 0x80, 1, 7, 1, 8 -> 0x20, 0x20, 7\n// f(uint256[][],uint256,uint256): 0x60, 1, 0, 2, 0x40, 0x80, 1, 7, 1, 8 -> 0x20, 0x20, 8\n// g(uint256[][][],uint256,uint256,uint256): 0x80, 0, 0, 0, 2, 0x40, 0xc0, 1, 0x20, 1, 4, 2, 0x40, 0xa0, 2, 5, 6, 1, 7 -> 0x20, 0x20, 4\n// g(uint256[][][],uint256,uint256,uint256): 0x80, 1, 0, 1, 2, 0x40, 0xc0, 1, 0x20, 1, 4, 2, 0x40, 0xa0, 2, 5, 6, 1, 7 -> 0x20, 0x20, 6\n// g(uint256[][][],uint256,uint256,uint256): 0x80, 1, 0, 2, 2, 0x40, 0xc0, 1, 0x20, 1, 4, 2, 0x40, 0xa0, 2, 5, 6, 1, 7 -> FAILURE, hex\"4e487b71\", 0x32\n// g(uint256[][][],uint256,uint256,uint256): 0x80, 2, 0, 1, 2, 0x40, 0xc0, 1, 0x20, 1, 4, 2, 0x40, 0xa0, 2, 5, 6, 1, 7 -> FAILURE, hex\"4e487b71\", 0x32\n// h(uint256[][][1],uint256): 0x40, 1, 0x20, 2, 0x40, 0xA0, 2, 5, 6, 3, 7, 8, 9 -> 0x20, 0xa0, 0x20, 3, 7, 8, 9\n// h(uint256[][][1],uint256): 0x40, 2, 0x20, 2, 0x40, 0xA0, 2, 5, 6, 3, 7, 8, 9 -> FAILURE, hex\"4e487b71\", 0x32\n// k((uint256[])[][],uint256,uint256): 0x60, 0, 0, 2, 0x40, 0xe0, 1, 0x20, 0x20, 1, 6, 2, 0x40, 0xa0, 0x20, 1, 7, 0x20, 2, 8, 9 -> 0x20, 0x60, 0x20, 1, 6\n// k((uint256[])[][],uint256,uint256): 0x60, 0, 1, 2, 0x40, 0xe0, 1, 0x20, 0x20, 1, 6, 2, 0x40, 0xa0, 0x20, 1, 7, 0x20, 2, 8, 9 -> FAILURE, hex\"4e487b71\", 0x32\n// l((uint256[])[2][2],uint256,uint256): 0x60, 1, 1, 0x40, 0x0140, 0x40, 0xa0, 0x20, 1, 5, 0x20, 1, 6, 0x40, 0xa0, 0x20, 1, 7, 0x20, 2, 8, 9 -> 0x20, 0x80, 0x20, 2, 8, 9\n// l((uint256[])[2][2],uint256,uint256): 0x60, 1, 2, 0x40, 0x0140, 0x40, 0xa0, 0x20, 1, 5, 0x20, 1, 6, 0x40, 0xa0, 0x20, 1, 7, 0x20, 2, 8, 9 -> FAILURE, hex\"4e487b71\", 0x32\n"}}, "settings": {"optimizer": {"enabled": true, "runs": 200}, "outputSelection": {"*": {"*": ["abi", "metadata", "evm.bytecode", "evm.deployedBytecode", "evm.methodIdentifiers", "evm.legacyAssembly", "evm.bytecode.opcodes", "yulCFGJson"]}}, "metadata": {"appendCBOR": false}, "viaIR": true}}