{"language": "Solidity", "sources": {"calldata_bytes_bytes32_arrays.sol": {"content": "pragma abicoder v1;\n\ncontract C {\n    function f(bool a, bytes calldata b, bytes32[2] calldata c)\n        public\n        returns (bool, bytes calldata, bytes32[2] calldata)\n    {\n        return (a, b, c);\n    }\n}\n// ====\n// compileViaYul: false\n// ----\n// f(bool,bytes,bytes32[2]): true, 0x80, \"a\", \"b\", 4, \"abcd\" -> true, 0x80, \"a\", \"b\", 4, \"abcd\"\n"}}, "settings": {"optimizer": {"enabled": true, "runs": 200}, "outputSelection": {"*": {"*": ["abi", "metadata", "evm.bytecode", "evm.deployedBytecode", "evm.methodIdentifiers", "evm.legacyAssembly", "evm.bytecode.opcodes", "yulCFGJson"]}}, "metadata": {"appendCBOR": false}, "viaIR": true}}