{"language": "Solidity", "sources": {"string_bytes_conversion.sol": {"content": "contract Test {\n    string s;\n    bytes b;\n\n    function f(string memory _s, uint256 n) public returns (bytes1) {\n        b = bytes(_s);\n        s = string(b);\n        return bytes(s)[n];\n    }\n\n    function l() public returns (uint256) {\n        return bytes(s).length;\n    }\n}\n// ----\n// f(string,uint256): 0x40, 0x02, 0x06, \"abcdef\" -> \"c\"\n// l() -> 0x06\n"}}, "settings": {"optimizer": {"enabled": true, "runs": 200}, "outputSelection": {"*": {"*": ["abi", "metadata", "evm.bytecode", "evm.deployedBytecode", "evm.methodIdentifiers", "evm.legacyAssembly", "evm.bytecode.opcodes", "yulCFGJson"]}}, "metadata": {"appendCBOR": false}, "viaIR": true}}