{"language": "Solidity", "sources": {"calldata_attached_to_struct.sol": {"content": "pragma abicoder v2;\n\nstruct S {\n    uint x;\n    uint y;\n}\n\nlibrary L {\n    function reverse(S calldata _s) internal pure returns (uint, uint) {\n        return (_s.y, _s.x);\n    }\n}\n\ncontract C {\n    using L for S;\n\n    function test(uint, S calldata _s, uint) external pure returns (uint, uint) {\n        return _s.reverse();\n    }\n}\n// ----\n// test(uint256,(uint256,uint256),uint256): 7, 66, 77, 4 -> 77, 66\n"}}, "settings": {"optimizer": {"enabled": true, "runs": 200}, "outputSelection": {"*": {"*": ["abi", "metadata", "evm.bytecode", "evm.deployedBytecode", "evm.methodIdentifiers", "evm.legacyAssembly", "evm.bytecode.opcodes", "yulCFGJson"]}}, "metadata": {"appendCBOR": false}, "viaIR": true}}