{"language": "Solidity", "sources": {"byte_array_push_transition.sol": {"content": "// Tests transition between short and long encoding\ncontract c {\n    bytes data;\n\n    function test() public returns (uint256) {\n        for (uint8 i = 1; i < 40; i++) {\n            data.push(bytes1(i));\n            if (data.length != i) return 0x1000 + i;\n            if (data[data.length - 1] != bytes1(i)) return i;\n        }\n        for (uint8 i = 1; i < 40; i++)\n            if (data[i - 1] != bytes1(i)) return 0x1000000 + i;\n        return 0;\n    }\n}\n// ----\n// test() -> 0\n// gas irOptimized: 167569\n// gas legacy: 206218\n// gas legacyOptimized: 197297\n"}}, "settings": {"optimizer": {"enabled": true, "runs": 200}, "outputSelection": {"*": {"*": ["abi", "metadata", "evm.bytecode", "evm.deployedBytecode", "evm.methodIdentifiers", "evm.legacyAssembly", "evm.bytecode.opcodes", "yulCFGJson"]}}, "metadata": {"appendCBOR": false}, "viaIR": true}}