{"language": "Solidity", "sources": {"abi_encoder_v2_head_overflow_with_static_array_cleanup_bug.sol": {"content": "pragma abicoder v2;\n\nstruct T {\n    bytes x;\n    uint[3] y;\n}\n\ncontract E {\n    function f(bool a, T calldata b, bytes32[2] calldata c)\n        public\n        returns (bool, T calldata, bytes32[2] calldata)\n    {\n        return (a, b, c);\n    }\n}\n// ----\n// f(bool,(bytes,uint256[3]),bytes32[2]): 1, 0x80, \"a\", \"b\", 0x80, 11, 12, 13, 4, \"abcd\" -> 1, 0x80, \"a\", \"b\", 0x80, 11, 12, 13, 4, \"abcd\"\n"}}, "settings": {"optimizer": {"enabled": true, "runs": 200}, "outputSelection": {"*": {"*": ["abi", "metadata", "evm.bytecode", "evm.deployedBytecode", "evm.methodIdentifiers", "evm.legacyAssembly", "evm.bytecode.opcodes", "yulCFGJson"]}}, "metadata": {"appendCBOR": false}, "viaIR": true}}