{"language": "Solidity", "sources": {"calldata_attached_to_static_array.sol": {"content": "pragma abicoder v2;\n\nlibrary L {\n    function reverse(uint[2] calldata _a) internal pure returns (uint, uint) {\n        return (_a[1], _a[0]);\n    }\n}\n\ncontract C {\n    using L for uint[2];\n\n    function test(uint, uint[2] calldata _a, uint) external pure returns (uint, uint) {\n        return _a.reverse();\n    }\n}\n// ----\n// test(uint256,uint256[2],uint256): 7, 66, 77, 4 -> 77, 66\n"}}, "settings": {"optimizer": {"enabled": true, "runs": 200}, "outputSelection": {"*": {"*": ["abi", "metadata", "evm.bytecode", "evm.deployedBytecode", "evm.methodIdentifiers", "evm.legacyAssembly", "evm.bytecode.opcodes", "yulCFGJson"]}}, "metadata": {"appendCBOR": false}, "viaIR": true}}