{"language": "Solidity", "sources": {"calldata_memory_mixed.sol": {"content": "contract C {\n    function f(bytes memory _a, bytes calldata _b, bytes memory _c)\n        public\n        returns (uint, bytes1, bytes1, bytes1)\n    {\n        return (_a.length + _b.length + _c.length, _a[1], _b[1], _c[1]);\n    }\n    function g() public returns (uint, bytes1, bytes1, bytes1) {\n        bytes memory x = new bytes(3);\n        bytes memory y = new bytes(4);\n        bytes memory z = new bytes(7);\n        x[1] = 0x08;\n        y[1] = 0x09;\n        z[1] = 0x0a;\n        return this.f(x, y, z);\n    }\n}\n// ----\n// g() -> 0x0e, 0x0800000000000000000000000000000000000000000000000000000000000000, 0x0900000000000000000000000000000000000000000000000000000000000000, 0x0a00000000000000000000000000000000000000000000000000000000000000\n"}}, "settings": {"optimizer": {"enabled": true, "runs": 200}, "outputSelection": {"*": {"*": ["abi", "metadata", "evm.bytecode", "evm.deployedBytecode", "evm.methodIdentifiers", "evm.legacyAssembly", "evm.bytecode.opcodes", "yulCFGJson"]}}, "metadata": {"appendCBOR": false}, "viaIR": true}}