{"language": "Solidity", "sources": {"array_copy_storage_storage_static_dynamic.sol": {"content": "contract c {\n    uint256[9] data1;\n    uint256[] data2;\n\n    function test() public returns (uint256 x, uint256 y) {\n        data1[8] = 4;\n        data2 = data1;\n        x = data2.length;\n        y = data2[8];\n    }\n}\n// ----\n// test() -> 9, 4\n// gas irOptimized: 123180\n// gas legacy: 123566\n// gas legacyOptimized: 123202\n"}}, "settings": {"optimizer": {"enabled": true, "runs": 200}, "outputSelection": {"*": {"*": ["abi", "metadata", "evm.bytecode", "evm.deployedBytecode", "evm.methodIdentifiers", "evm.legacyAssembly", "evm.bytecode.opcodes", "yulCFGJson"]}}, "metadata": {"appendCBOR": false}, "viaIR": true}}