{"language": "Solidity", "sources": {"abi_encode_call_uint_bytes.sol": {"content": "contract C {\n\tfunction removeSignature(bytes calldata x) external pure returns (bytes memory) {\n\t\treturn x[4:];\n\t}\n\tfunction g(bytes2, bytes2, bytes2) public {}\n\tfunction h(uint16, uint16) public {}\n\tfunction f() public returns (bytes memory) {\n\t\tuint16 x = 0x1234;\n\t\treturn this.removeSignature(abi.encodeCall(this.g, (0x1234, \"ab\", bytes2(x))));\n\t}\n\tfunction f2() public returns (bytes memory) {\n\t\tbytes2 x = 0x1234;\n\t\treturn this.removeSignature(abi.encodeCall(this.h, (0x1234, uint16(x))));\n\t}\n}\n// ====\n// EVMVersion: >homestead\n// ----\n// f() -> 0x20, 0x60, 0x1234000000000000000000000000000000000000000000000000000000000000, 0x6162000000000000000000000000000000000000000000000000000000000000, 0x1234000000000000000000000000000000000000000000000000000000000000\n// f2() -> 0x20, 0x40, 0x1234, 0x1234\n"}}, "settings": {"optimizer": {"enabled": true, "runs": 200}, "outputSelection": {"*": {"*": ["abi", "metadata", "evm.bytecode", "evm.deployedBytecode", "evm.methodIdentifiers", "evm.legacyAssembly", "evm.bytecode.opcodes", "yulCFGJson"]}}, "metadata": {"appendCBOR": false}, "viaIR": true}}