{"language": "Solidity", "sources": {"bytes_delete_element.sol": {"content": "contract c {\n    bytes data;\n\n    function test1() external returns (bool) {\n        data = new bytes(100);\n        for (uint256 i = 0; i < data.length; i++) data[i] = bytes1(uint8(i));\n        delete data[94];\n        delete data[96];\n        delete data[98];\n        return\n            data[94] == 0 &&\n            uint8(data[95]) == 95 &&\n            data[96] == 0 &&\n            uint8(data[97]) == 97;\n    }\n}\n// ----\n// test1() -> true\n// gas irOptimized: 218449\n// gas legacy: 242263\n// gas legacyOptimized: 241182\n"}}, "settings": {"optimizer": {"enabled": true, "runs": 200}, "outputSelection": {"*": {"*": ["abi", "metadata", "evm.bytecode", "evm.deployedBytecode", "evm.methodIdentifiers", "evm.legacyAssembly", "evm.bytecode.opcodes", "yulCFGJson"]}}, "metadata": {"appendCBOR": false}, "viaIR": true}}