{"language": "Solidity", "sources": {"calldata_array_to_mapping.sol": {"content": "pragma abicoder v2;\n\ncontract C {\n    mapping (uint => uint8[][]) m;\n\n    uint8[][] s;\n\n    function from_calldata(uint8[][] calldata _a) public returns (uint8[][] memory) {\n        m[0] = _a;\n        return m[0];\n    }\n}\n// ====\n// compileViaYul: true\n// ----\n// from_calldata(uint8[][]): 0x20, 2, 0x40, 0xa0, 2, 10, 11, 3, 12, 13, 14 -> 0x20, 2, 0x40, 0xa0, 2, 10, 11, 3, 12, 13, 14\n// gas irOptimized: 139587\n"}}, "settings": {"optimizer": {"enabled": true, "runs": 200}, "outputSelection": {"*": {"*": ["abi", "metadata", "evm.bytecode", "evm.deployedBytecode", "evm.methodIdentifiers", "evm.legacyAssembly", "evm.bytecode.opcodes", "yulCFGJson"]}}, "metadata": {"appendCBOR": false}, "viaIR": true}}