{"language": "Solidity", "sources": {"mediocre_struct.sol": {"content": "pragma abicoder               v2;\n\ncontract C {\n    struct S { C c; }\n    function f(uint a, S[2] memory s1, uint b) public returns (uint r1, C r2, uint r3) {\n        r1 = a;\n        r2 = s1[0].c;\n        r3 = b;\n    }\n}\n// ----\n// f(uint256,(address)[2],uint256): 7, 0, 0, 8 -> 7, 0, 8\n"}}, "settings": {"optimizer": {"enabled": true, "runs": 200}, "outputSelection": {"*": {"*": ["abi", "metadata", "evm.bytecode", "evm.deployedBytecode", "evm.methodIdentifiers", "evm.legacyAssembly", "evm.bytecode.opcodes", "yulCFGJson"]}}, "metadata": {"appendCBOR": false}, "viaIR": true}}