{"language": "Solidity", "sources": {"array_static_return_param_zeroed_memory_index_access.sol": {"content": "contract C {\n\tuint test1;\n\tuint test2;\n\tuint test3;\n\tuint test4;\n\tuint test5;\n\tuint test6;\n\tuint test7;\n\tmapping (string => uint) map;\n\tfunction set(string memory s) public returns (uint[3] memory x, uint[2] memory y, uint[] memory z, uint t) {\n\t\tmap[s] = 0;\n\t}\n}\n// ----\n// set(string): 0x20, 32, \"01234567890123456789012345678901\" -> 0, 0, 0, 0, 0, 0xe0, 0, 0\n"}}, "settings": {"optimizer": {"enabled": true, "runs": 200}, "outputSelection": {"*": {"*": ["abi", "metadata", "evm.bytecode", "evm.deployedBytecode", "evm.methodIdentifiers", "evm.legacyAssembly", "evm.bytecode.opcodes", "yulCFGJson"]}}, "metadata": {"appendCBOR": false}, "viaIR": true}}