{"language": "Solidity", "sources": {"functions_called_by_constructor.sol": {"content": "contract Test {\n    bytes3 name;\n    bool flag;\n\n    constructor() {\n        setName(\"abc\");\n    }\n\n    function getName() public returns (bytes3 ret) {\n        return name;\n    }\n\n    function setName(bytes3 _name) private {\n        name = _name;\n    }\n}\n// ====\n// bytecodeFormat: legacy,>=EOFv1\n// ----\n// getName() -> \"abc\"\n"}}, "settings": {"optimizer": {"enabled": true, "runs": 200}, "outputSelection": {"*": {"*": ["abi", "metadata", "evm.bytecode", "evm.deployedBytecode", "evm.methodIdentifiers", "evm.legacyAssembly", "evm.bytecode.opcodes", "yulCFGJson"]}}, "metadata": {"appendCBOR": false}, "viaIR": true}}