{"language": "Solidity", "sources": {"memory_to_storage_different_base.sol": {"content": "pragma abicoder v2;\n\ncontract C {\n    bytes10[] s;\n    function f() external returns (uint256, bytes10, bytes10, bytes10) {\n        bytes4[] memory m = new bytes4[](3);\n        m[0] = \"abcd\";\n        m[1] = \"bcde\";\n        m[2] = \"cdef\";\n        s = m;\n        return (s.length, s[0], s[1], s[2]);\n    }\n}\n// ----\n// f() -> 3, \"abcd\", \"bcde\", \"cdef\"\n"}}, "settings": {"optimizer": {"enabled": true, "runs": 200}, "outputSelection": {"*": {"*": ["abi", "metadata", "evm.bytecode", "evm.deployedBytecode", "evm.methodIdentifiers", "evm.legacyAssembly", "evm.bytecode.opcodes", "yulCFGJson"]}}, "metadata": {"appendCBOR": false}, "viaIR": true}}