{"language": "Solidity", "sources": {"inline_array_index_access_ints.sol": {"content": "contract C {\n    function f() public returns (uint256) {\n        return ([1, 2, 3, 4][2]);\n    }\n}\n// ----\n// f() -> 3\n"}}, "settings": {"optimizer": {"enabled": true, "runs": 200}, "outputSelection": {"*": {"*": ["abi", "metadata", "evm.bytecode", "evm.deployedBytecode", "evm.methodIdentifiers", "evm.legacyAssembly", "evm.bytecode.opcodes", "yulCFGJson"]}}, "metadata": {"appendCBOR": false}, "viaIR": true}}