{"language": "Solidity", "sources": {"decode_slice.sol": {"content": "contract C {\n    function f(uint256 a, uint256 b) external returns (uint256 c, uint256 d, uint256 e, uint256 f) {\n        (c, d) = abi.decode(msg.data[4:], (uint256, uint256));\n        e = abi.decode(msg.data[4 : 4 + 32], (uint256));\n        f = abi.decode(msg.data[4 + 32 : 4 + 32 + 32], (uint256));\n    }\n}\n// ----\n// f(uint256,uint256): 42, 23 -> 42, 23, 42, 23\n"}}, "settings": {"optimizer": {"enabled": true, "runs": 200}, "outputSelection": {"*": {"*": ["abi", "metadata", "evm.bytecode", "evm.deployedBytecode", "evm.methodIdentifiers", "evm.legacyAssembly", "evm.bytecode.opcodes", "yulCFGJson"]}}, "metadata": {"appendCBOR": false}, "viaIR": true}}