{"language": "Solidity", "sources": {"calldata_array_static.sol": {"content": "pragma abicoder               v2;\n\ncontract C {\n    function f(uint256[3] calldata s) external pure returns (bytes memory) {\n        return abi.encode(s);\n    }\n    function g(uint256[3] calldata s) external view returns (bytes memory) {\n        return this.f(s);\n    }\n    function h(uint8[3] calldata s) external pure returns (bytes memory) {\n        return abi.encode(s);\n    }\n    function i(uint8[3] calldata s) external view returns (bytes memory) {\n        return this.h(s);\n    }\n}\n// ====\n// EVMVersion: >homestead\n// ----\n// f(uint256[3]): 23, 42, 87 -> 32, 96, 23, 42, 87\n// g(uint256[3]): 23, 42, 87 -> 32, 96, 23, 42, 87\n// h(uint8[3]): 23, 42, 87 -> 32, 96, 23, 42, 87\n// i(uint8[3]): 23, 42, 87 -> 32, 96, 23, 42, 87\n// h(uint8[3]): 0xFF23, 0x1242, 0xAB87 -> FAILURE\n// i(uint8[3]): 0xAB23, 0x1242, 0xFF87 -> FAILURE\n"}}, "settings": {"optimizer": {"enabled": true, "runs": 200}, "outputSelection": {"*": {"*": ["abi", "metadata", "evm.bytecode", "evm.deployedBytecode", "evm.methodIdentifiers", "evm.legacyAssembly", "evm.bytecode.opcodes", "yulCFGJson"]}}, "metadata": {"appendCBOR": false}, "viaIR": true}}