{"language": "Solidity", "sources": {"nested_array_of_structs_calldata_to_storage.sol": {"content": "pragma abicoder v2;\n\ncontract C {\n    struct S {\n        uint8[] a;\n        uint8[2] b;\n    }\n\n    S[][] s1;\n    S[][1] s2;\n    S[1][] s3;\n\n    function test1(S[][] calldata _a) public returns (S[][] memory){\n        s1 = _a;\n        return s1;\n    }\n\n    function test2(S[][1] calldata _a) public returns (S[][1] memory) {\n        s2 = _a;\n        return s2;\n    }\n\n    function test3(S[1][] calldata _a) public returns (S[1][] memory) {\n        s3 = _a;\n        return s3;\n    }\n}\n// ====\n// compileViaYul: true\n// ----\n// test1((uint8[],uint8[2])[][]): 0x20, 2, 0x40, 0x0140, 1, 0x20, 0x60, 3, 7, 2, 1, 2, 2, 0x40, 0x0100, 0x60, 17, 19, 2, 11, 13, 0x60, 31, 37, 2, 23, 29 -> 0x20, 2, 0x40, 0x0140, 1, 0x20, 0x60, 3, 7, 2, 1, 2, 2, 0x40, 0x0100, 0x60, 17, 19, 2, 11, 13, 0x60, 31, 37, 2, 23, 29\n// gas irOptimized: 304788\n// test2((uint8[],uint8[2])[][1]): 0x20, 0x20, 1, 0x20, 0x60, 17, 19, 2, 11, 13 -> 0x20, 0x20, 1, 0x20, 0x60, 17, 19, 2, 11, 13\n// gas irOptimized: 116653\n// test3((uint8[],uint8[2])[1][]): 0x20, 2, 0x40, 0x0120, 0x20, 0x60, 3, 7, 2, 1, 2, 0x20, 0x60, 17, 19, 2, 11, 13 -> 0x20, 2, 0x40, 0x0120, 0x20, 0x60, 3, 7, 2, 1, 2, 0x20, 0x60, 17, 19, 2, 11, 13\n// gas irOptimized: 187994\n"}}, "settings": {"optimizer": {"enabled": true, "runs": 200}, "outputSelection": {"*": {"*": ["abi", "metadata", "evm.bytecode", "evm.deployedBytecode", "evm.methodIdentifiers", "evm.legacyAssembly", "evm.bytecode.opcodes", "yulCFGJson"]}}, "metadata": {"appendCBOR": false}, "viaIR": true}}