{"language": "Solidity", "sources": {"calldata_array_dynamic_index_access.sol": {"content": "pragma abicoder               v2;\n\ncontract C {\n    function f(uint256[] calldata s) external pure returns (bytes memory) {\n        return abi.encode(s);\n    }\n    function g(uint256[][2] calldata s, uint256 which) external view returns (bytes memory) {\n        return this.f(s[which]);\n    }\n    function h(uint8[] calldata s) external pure returns (bytes memory) {\n        return abi.encode(s);\n    }\n    function i(uint8[][2] calldata s, uint256 which) external view returns (bytes memory) {\n        return this.h(s[which]);\n    }\n    function j(bytes calldata s) external pure returns (bytes memory) {\n        return abi.encode(s);\n    }\n    function k(bytes[2] calldata s, uint256 which) external view returns (bytes memory) {\n        return this.j(s[which]);\n    }\n}\n// ====\n// EVMVersion: >homestead\n// ----\n// f(uint256[]): 32, 3, 42, 23, 87 -> 32, 160, 32, 3, 42, 23, 87\n// g(uint256[][2],uint256): 0x40, 0, 0x40, 0xC0, 3, 42, 23, 87, 4, 11, 13, 17 -> 32, 160, 32, 3, 42, 23, 87\n// g(uint256[][2],uint256): 0x40, 1, 0x40, 0xC0, 3, 42, 23, 87, 4, 11, 13, 17, 27 -> 32, 192, 32, 4, 11, 13, 17, 27\n// h(uint8[]): 32, 3, 42, 23, 87 -> 32, 160, 32, 3, 42, 23, 87\n// i(uint8[][2],uint256): 0x40, 0, 0x40, 0xC0, 3, 42, 23, 87, 4, 11, 13, 17 -> 32, 160, 32, 3, 42, 23, 87\n// i(uint8[][2],uint256): 0x40, 1, 0x40, 0xC0, 3, 42, 23, 87, 4, 11, 13, 17, 27 -> 32, 192, 32, 4, 11, 13, 17, 27\n// j(bytes): 32, 3, hex\"AB11FF\" -> 32, 96, 32, 3, left(0xAB11FF)\n// k(bytes[2],uint256): 0x40, 0, 0x40, 0x63, 3, hex\"AB11FF\", 4, hex\"FF791432\" -> 32, 96, 32, 3, left(0xAB11FF)\n// k(bytes[2],uint256): 0x40, 1, 0x40, 0x63, 3, hex\"AB11FF\", 4, hex\"FF791432\" -> 32, 96, 32, 4, left(0xFF791432)\n"}}, "settings": {"optimizer": {"enabled": true, "runs": 200}, "outputSelection": {"*": {"*": ["abi", "metadata", "evm.bytecode", "evm.deployedBytecode", "evm.methodIdentifiers", "evm.legacyAssembly", "evm.bytecode.opcodes", "yulCFGJson"]}}, "metadata": {"appendCBOR": false}, "viaIR": true}}