{"language": "Solidity", "sources": {"calldata_internal_library.sol": {"content": "library L {\n    function f(uint, bytes calldata _x, uint) internal returns (bytes1) {\n        return _x[2];\n    }\n}\ncontract C {\n    function f(bytes calldata a)\n        external\n        returns (bytes1)\n    {\n        return L.f(3, a, 9);\n    }\n    function g() public returns (bytes1) {\n        bytes memory x = new bytes(4);\n        x[2] = 0x08;\n        return this.f(x);\n    }\n}\n// ----\n// g() -> 0x0800000000000000000000000000000000000000000000000000000000000000\n"}}, "settings": {"optimizer": {"enabled": true, "runs": 200}, "outputSelection": {"*": {"*": ["abi", "metadata", "evm.bytecode", "evm.deployedBytecode", "evm.methodIdentifiers", "evm.legacyAssembly", "evm.bytecode.opcodes", "yulCFGJson"]}}, "metadata": {"appendCBOR": false}, "viaIR": true}}