{"language": "Solidity", "sources": {"calldata_array_dynamic_static_in_library.sol": {"content": "library L {\n    // This case used to be affected by the buggy cleanup due to ABIEncoderV2HeadOverflowWithStaticArrayCleanup bug.\n    function g(uint[] memory a, uint[1] calldata b) public returns (uint[] memory, uint[1] calldata) {\n        return (a, b);\n    }\n}\n\ncontract C {\n    function f(uint[] memory a, uint[1] calldata b) public returns (uint[] memory, uint[1] memory) {\n        return L.g(a, b);\n    }\n}\n// ====\n// EVMVersion: >homestead\n// ----\n// library: L\n// f(uint256[],uint256[1]): 0x40, 0xff, 1, 0xffff -> 0x40, 0xff, 0x01, 0xffff\n"}}, "settings": {"optimizer": {"enabled": true, "runs": 200}, "outputSelection": {"*": {"*": ["abi", "metadata", "evm.bytecode", "evm.deployedBytecode", "evm.methodIdentifiers", "evm.legacyAssembly", "evm.bytecode.opcodes", "yulCFGJson"]}}, "metadata": {"appendCBOR": false}, "viaIR": true}}