{"language": "Solidity", "sources": {"array_array_static.sol": {"content": "contract C {\n\tuint test1;\n\tuint test2;\n\tuint test3;\n\tuint test4;\n\tuint test5;\n\tuint test6;\n\tuint test7;\n\tmapping (string => uint) map;\n\tfunction set(string memory s, uint n, uint m) public returns (uint) {\n\t\tmap[s] = 0;\n\t\tuint[4][] memory x = new uint[4][](n);\n\t\treturn x[m][0];\n\t}\n}\n// ----\n// set(string,uint256,uint256): 0x60, 2, 0, 32, \"01234567890123456789012345678901\" -> 0\n// set(string,uint256,uint256): 0x60, 2, 1, 32, \"01234567890123456789012345678901\" -> 0\n// set(string,uint256,uint256): 0x60, 2, 2, 32, \"01234567890123456789012345678901\" -> FAILURE, hex\"4e487b71\", 0x32\n// set(string,uint256,uint256): 0x60, 200, 199, 32, \"01234567890123456789012345678901\" -> 0\n"}}, "settings": {"optimizer": {"enabled": true, "runs": 200}, "outputSelection": {"*": {"*": ["abi", "metadata", "evm.bytecode", "evm.deployedBytecode", "evm.methodIdentifiers", "evm.legacyAssembly", "evm.bytecode.opcodes", "yulCFGJson"]}}, "metadata": {"appendCBOR": false}, "viaIR": true}}