{"language": "Solidity", "sources": {"indexed_log_topic_during_explicit_downcast.sol": {"content": "contract C {\n    function f() public pure returns (uint32 y) {\n        uint8 x = uint8(uint256(0x31313131313131313131313131313131));\n        assembly { y := x }\n    }\n\n    function g() public pure returns (bytes32 y) {\n        bytes1 x = bytes1(bytes16(0x31313131313131313131313131313131));\n        assembly { y := x }\n    }\n\n    function h() external returns (bytes32 y) {\n        bytes1 x;\n        assembly { x := sub(0,1) }\n        y = x;\n    }\n}\n// ====\n// compileViaYul: true\n// ----\n// f() -> 0x31\n// g() -> 0x3100000000000000000000000000000000000000000000000000000000000000\n// h() -> 0xff00000000000000000000000000000000000000000000000000000000000000\n"}}, "settings": {"optimizer": {"enabled": true, "runs": 200}, "outputSelection": {"*": {"*": ["abi", "metadata", "evm.bytecode", "evm.deployedBytecode", "evm.methodIdentifiers", "evm.legacyAssembly", "evm.bytecode.opcodes", "yulCFGJson"]}}, "metadata": {"appendCBOR": false}, "viaIR": true}}