{"language": "Solidity", "sources": {"memory_arrays_dynamic_index_access_write.sol": {"content": "contract Test {\n    uint24[3][][4] data;\n\n    function set(uint24[3][][4] memory x)\n        internal\n        returns (uint24[3][][4] memory)\n    {\n        x[1][2][2] = 1;\n        x[1][3][2] = 7;\n        return x;\n    }\n\n    function f() public returns (uint24[3][] memory) {\n        while (data[1].length < 4) data[1].push();\n        return set(data)[1];\n    }\n}\n// ----\n// f() -> 0x20, 0x04, 0x00, 0x00, 0x00, 0x00, 0x00, 0x00, 0x00, 0x00, 0x01, 0x00, 0x00, 0x07\n"}}, "settings": {"optimizer": {"enabled": true, "runs": 200}, "outputSelection": {"*": {"*": ["abi", "metadata", "evm.bytecode", "evm.deployedBytecode", "evm.methodIdentifiers", "evm.legacyAssembly", "evm.bytecode.opcodes", "yulCFGJson"]}}, "metadata": {"appendCBOR": false}, "viaIR": true}}