{"language": "Solidity", "sources": {"dynamic_multi_array_cleanup.sol": {"content": "contract c {\n    struct s { uint[][] d; }\n    s[] data;\n    function fill() public returns (uint) {\n        while (data.length < 3)\n            data.push();\n        while (data[2].d.length < 4)\n            data[2].d.push();\n        while (data[2].d[3].length < 5)\n            data[2].d[3].push();\n        data[2].d[3][4] = 8;\n        return data[2].d[3][4];\n    }\n    function clear() public { delete data; }\n}\n// ----\n// storageEmpty -> 1\n// fill() -> 8\n// gas irOptimized: 122985\n// gas legacy: 121602\n// gas legacyOptimized: 120589\n// storageEmpty -> 0\n// clear() ->\n// storageEmpty -> 1\n"}}, "settings": {"optimizer": {"enabled": true, "runs": 200}, "outputSelection": {"*": {"*": ["abi", "metadata", "evm.bytecode", "evm.deployedBytecode", "evm.methodIdentifiers", "evm.legacyAssembly", "evm.bytecode.opcodes", "yulCFGJson"]}}, "metadata": {"appendCBOR": false}, "viaIR": true}}