{"language": "Solidity", "sources": {"cleanup_address_types_shortening.sol": {"content": "contract C {\n    function f() public pure returns (address r) {\n        bytes21 x = 0x1122334455667788990011223344556677889900ff;\n        bytes20 y;\n        assembly {\n            y := x\n        }\n        address z = address(y);\n        assembly {\n            r := z\n        }\n        require(z == 0x1122334455667788990011223344556677889900);\n    }\n\n    function g() public pure returns (address payable r) {\n        bytes21 x = 0x1122334455667788990011223344556677889900ff;\n        bytes20 y;\n        assembly {\n            y := x\n        }\n        address payable z = payable(address(y));\n        assembly {\n            r := z\n        }\n        require(z == 0x1122334455667788990011223344556677889900);\n    }\n}\n// ----\n// f() -> 0x1122334455667788990011223344556677889900\n// g() -> 0x1122334455667788990011223344556677889900\n"}}, "settings": {"optimizer": {"enabled": true, "runs": 200}, "outputSelection": {"*": {"*": ["abi", "metadata", "evm.bytecode", "evm.deployedBytecode", "evm.methodIdentifiers", "evm.legacyAssembly", "evm.bytecode.opcodes", "yulCFGJson"]}}, "metadata": {"appendCBOR": false}, "viaIR": true}}