{"language": "Solidity", "sources": {"array_copy_storage_to_memory_nested.sol": {"content": "pragma abicoder v2;\ncontract C {\n    uint[][] a;\n\n    function f() public returns (uint[][] memory) {\n        a.push();\n        a.push();\n        a[0].push(0);\n        a[0].push(1);\n        a[1].push(2);\n        a[1].push(3);\n        uint[][] memory m = a;\n        return m;\n    }\n}\n// ----\n// f() -> 0x20, 2, 0x40, 0xa0, 2, 0, 1, 2, 2, 3\n// gas irOptimized: 161793\n// gas legacy: 162200\n// gas legacyOptimized: 159953\n"}}, "settings": {"optimizer": {"enabled": true, "runs": 200}, "outputSelection": {"*": {"*": ["abi", "metadata", "evm.bytecode", "evm.deployedBytecode", "evm.methodIdentifiers", "evm.legacyAssembly", "evm.bytecode.opcodes", "yulCFGJson"]}}, "metadata": {"appendCBOR": false}, "viaIR": true}}