{"language": "Solidity", "sources": {"A": {"content": "pragma abicoder v2;\n\nstruct Data {\n    uint a;\n    uint[2] b;\n    uint c;\n}\n\ncontract A {\n    function get() public view returns (Data memory) {\n        return Data(5, [uint(66), 77], 8);\n    }\n}\n\ncontract B {\n    function foo(A _a) public returns (uint) {\n        return _a.get().b[1];\n    }\n}"}, "B": {"content": "pragma abicoder v1;\n\nimport \"A\";\n\ncontract C is B {\n    function test() public returns (uint) {\n        return foo(new A());\n    }\n}\n// ----\n// test() -> 77\n// gas irOptimized: 55117\n// gas irOptimized code: 56800\n// gas legacy: 57266\n// gas legacy code: 94600\n// gas legacyOptimized: 55195\n// gas legacyOptimized code: 55000"}}, "settings": {"optimizer": {"enabled": true, "runs": 200}, "outputSelection": {"*": {"*": ["abi", "metadata", "evm.bytecode", "evm.deployedBytecode", "evm.methodIdentifiers", "evm.legacyAssembly", "evm.bytecode.opcodes", "yulCFGJson"]}}, "metadata": {"appendCBOR": false}, "viaIR": true}}