{"language": "Solidity", "sources": {"inline_member_init_inheritence_without_constructor.sol": {"content": "contract Base {\n    uint256 m_base = 5;\n\n    function getBMember() public returns (uint256 i) {\n        return m_base;\n    }\n}\n\n\ncontract Derived is Base {\n    uint256 m_derived = 6;\n\n    function getDMember() public returns (uint256 i) {\n        return m_derived;\n    }\n}\n// ====\n// bytecodeFormat: legacy,>=EOFv1\n// ----\n// getBMember() -> 5\n// getDMember() -> 6\n"}}, "settings": {"optimizer": {"enabled": true, "runs": 200}, "outputSelection": {"*": {"*": ["abi", "metadata", "evm.bytecode", "evm.deployedBytecode", "evm.methodIdentifiers", "evm.legacyAssembly", "evm.bytecode.opcodes", "yulCFGJson"]}}, "metadata": {"appendCBOR": false}, "viaIR": true}}