{"language": "Solidity", "sources": {"blobhash.sol": {"content": "contract C {\n    function f() public view returns(bytes32) {\n        return blobhash(0);\n    }\n    function g() public view returns(bytes32) {\n        return blobhash(1);\n    }\n    function h() public view returns(bytes32) {\n        // NOTE: blobhash(2) should return 0 since EVMHost has only two blob hashes injected in the block the transaction is being executed.\n        return blobhash(2);\n    }\n}\n// ====\n// EVMVersion: >=cancun\n// ----\n// f() -> 0x0100000000000000000000000000000000000000000000000000000000000001\n// g() -> 0x0100000000000000000000000000000000000000000000000000000000000002\n// h() -> 0x00\n"}}, "settings": {"optimizer": {"enabled": true, "runs": 200}, "outputSelection": {"*": {"*": ["abi", "metadata", "evm.bytecode", "evm.deployedBytecode", "evm.methodIdentifiers", "evm.legacyAssembly", "evm.bytecode.opcodes", "yulCFGJson"]}}, "metadata": {"appendCBOR": false}, "viaIR": true}}