{"language": "Solidity", "sources": {"array_push_nested.sol": {"content": "contract C {\n    uint8 b = 23;\n    uint120[][] s;\n    uint8 a = 17;\n    function f() public {\n        s.push();\n        assert(s.length == 1);\n        assert(s[0].length == 0);\n        s[0].push();\n        assert(s[0].length == 1);\n        assert(s[0][0] == 0);\n    }\n}\n// ----\n// f() ->\n"}}, "settings": {"optimizer": {"enabled": true, "runs": 200}, "outputSelection": {"*": {"*": ["abi", "metadata", "evm.bytecode", "evm.deployedBytecode", "evm.methodIdentifiers", "evm.legacyAssembly", "evm.bytecode.opcodes", "yulCFGJson"]}}, "metadata": {"appendCBOR": false}, "viaIR": true}}