{"language": "Solidity", "sources": {"bool_conversion_v1.sol": {"content": "pragma abicoder v1;\ncontract C {\n    function f(bool _b) public returns (uint256) {\n        if (_b) return 1;\n        else return 0;\n    }\n\n    function g(bool _in) public returns (bool _out) {\n        _out = _in;\n    }\n}\n// ====\n// ABIEncoderV1Only: true\n// compileViaYul: false\n// ----\n// f(bool): 0x0 -> 0x0\n// f(bool): 0x1 -> 0x1\n// f(bool): 0x2 -> 0x1\n// f(bool): 0x3 -> 0x1\n// f(bool): 0xff -> 0x1\n// g(bool): 0x0 -> 0x0\n// g(bool): 0x1 -> 0x1\n// g(bool): 0x2 -> 0x1\n// g(bool): 0x3 -> 0x1\n// g(bool): 0xff -> 0x1\n"}}, "settings": {"optimizer": {"enabled": true, "runs": 200}, "outputSelection": {"*": {"*": ["abi", "metadata", "evm.bytecode", "evm.deployedBytecode", "evm.methodIdentifiers", "evm.legacyAssembly", "evm.bytecode.opcodes", "yulCFGJson"]}}, "metadata": {"appendCBOR": false}, "viaIR": true}}