{"language": "Solidity", "sources": {"address.sol": {"content": "pragma abicoder               v2;\n\ncontract C {\n    function g(address x) external pure returns (uint256 r) {\n        assembly { r := x }\n    }\n    function f(uint256 a) external view returns (uint256) {\n        address x;\n        assembly { x := a }\n        return this.g(x);\n    }\n}\n// ----\n// f(uint256): 0 -> 0\n// g(address): 0 -> 0 # test validation as well as sanity check #\n// f(uint256): 1 -> 1\n// g(address): 1 -> 1\n// f(uint256): 2 -> 2\n// g(address): 2 -> 2\n// f(uint256): 0xabcdef0123456789abcdef0123456789abcdefff -> 0xabcdef0123456789abcdef0123456789abcdefff\n// g(address): 0xabcdef0123456789abcdef0123456789abcdefff -> 0xabcdef0123456789abcdef0123456789abcdefff\n// f(uint256): 0xffffffffffffffffffffffffffffffffffffffff -> 0xffffffffffffffffffffffffffffffffffffffff\n// g(address): 0xffffffffffffffffffffffffffffffffffffffff -> 0xffffffffffffffffffffffffffffffffffffffff\n// f(uint256): 0x010000000000000000000000000000000000000000 -> 0\n// g(address): 0x010000000000000000000000000000000000000000 -> FAILURE\n// f(uint256): 0x01abcdef0123456789abcdef0123456789abcdefff -> 0xabcdef0123456789abcdef0123456789abcdefff\n// g(address): 0x01abcdef0123456789abcdef0123456789abcdefff -> FAILURE\n// f(uint256): 0x01ffffffffffffffffffffffffffffffffffffffff -> 0xffffffffffffffffffffffffffffffffffffffff\n// g(address): 0x01ffffffffffffffffffffffffffffffffffffffff -> FAILURE\n// f(uint256): -1 -> 0xffffffffffffffffffffffffffffffffffffffff\n// g(address): -1 -> FAILURE\n"}}, "settings": {"optimizer": {"enabled": true, "runs": 200}, "outputSelection": {"*": {"*": ["abi", "metadata", "evm.bytecode", "evm.deployedBytecode", "evm.methodIdentifiers", "evm.legacyAssembly", "evm.bytecode.opcodes", "yulCFGJson"]}}, "metadata": {"appendCBOR": false}, "viaIR": true}}