{"language": "Solidity", "sources": {"cleanup_in_compound_assign.sol": {"content": "contract C {\n    function test() public returns (uint256, uint256) {\n        uint32 a = 0xffffffff;\n        uint16 x = uint16(a);\n        uint16 y = x;\n        x /= 0x100;\n        y = y / 0x100;\n        return (x, y);\n    }\n}\n// ----\n// test() -> 0xff, 0xff\n"}}, "settings": {"optimizer": {"enabled": true, "runs": 200}, "outputSelection": {"*": {"*": ["abi", "metadata", "evm.bytecode", "evm.deployedBytecode", "evm.methodIdentifiers", "evm.legacyAssembly", "evm.bytecode.opcodes", "yulCFGJson"]}}, "metadata": {"appendCBOR": false}, "viaIR": true}}