{"language": "Solidity", "sources": {"byte_array_pop_storage_empty.sol": {"content": "contract c {\n    bytes data;\n    function test() public {\n        data.push(0x07);\n        data.push(0x05);\n        data.push(0x03);\n        data.pop();\n        data.pop();\n        data.pop();\n    }\n}\n// ----\n// test() ->\n// storageEmpty -> 1\n"}}, "settings": {"optimizer": {"enabled": true, "runs": 200}, "outputSelection": {"*": {"*": ["abi", "metadata", "evm.bytecode", "evm.deployedBytecode", "evm.methodIdentifiers", "evm.legacyAssembly", "evm.bytecode.opcodes", "yulCFGJson"]}}, "metadata": {"appendCBOR": false}, "viaIR": true}}