{"language": "Solidity", "sources": {"bytes_inside_mappings.sol": {"content": "contract c {\n    function set(uint key) public returns (bool) { data[key] = msg.data; return true; }\n    function copy(uint from, uint to) public returns (bool) { data[to] = data[from]; return true; }\n    mapping(uint => bytes) data;\n}\n// ----\n// set(uint256): 1, 2 -> true\n// gas irOptimized: 110550\n// gas legacy: 111310\n// gas legacyOptimized: 110741\n// set(uint256): 2, 2, 3, 4, 5 -> true\n// gas irOptimized: 177501\n// gas legacy: 178312\n// gas legacyOptimized: 177716\n// storageEmpty -> 0\n// copy(uint256,uint256): 1, 2 -> true\n// storageEmpty -> 0\n// copy(uint256,uint256): 99, 1 -> true\n// storageEmpty -> 0\n// copy(uint256,uint256): 99, 2 -> true\n// storageEmpty -> 1\n"}}, "settings": {"optimizer": {"enabled": true, "runs": 200}, "outputSelection": {"*": {"*": ["abi", "metadata", "evm.bytecode", "evm.deployedBytecode", "evm.methodIdentifiers", "evm.legacyAssembly", "evm.bytecode.opcodes", "yulCFGJson"]}}, "metadata": {"appendCBOR": false}, "viaIR": true}}