{"language": "Solidity", "sources": {"struct_short.sol": {"content": "pragma abicoder               v2;\n\ncontract C {\n    struct S { int a; uint b; bytes16 c; }\n    function f(S memory s) public pure returns (S memory q) {\n        q = s;\n    }\n}\n// ----\n// f((int256,uint256,bytes16)): 0xff010, 0xff0002, \"abcd\" -> 0xff010, 0xff0002, \"abcd\"\n// f((int256,uint256,bytes16)): 0xff010, 0xff0002, 0x1111222233334444555566667777888800000000000000000000000000000000 -> 0xff010, 0xff0002, left(0x11112222333344445555666677778888)\n"}}, "settings": {"optimizer": {"enabled": true, "runs": 200}, "outputSelection": {"*": {"*": ["abi", "metadata", "evm.bytecode", "evm.deployedBytecode", "evm.methodIdentifiers", "evm.legacyAssembly", "evm.bytecode.opcodes", "yulCFGJson"]}}, "metadata": {"appendCBOR": false}, "viaIR": true}}