{"language": "Solidity", "sources": {"array_storage_push_pop.sol": {"content": "contract C {\n    uint[] storageArray;\n    function set_get_length(uint256 len) public returns (uint256) {\n        while(storageArray.length < len)\n            storageArray.push();\n        while(storageArray.length > 0)\n            storageArray.pop();\n        return storageArray.length;\n    }\n}\n// ----\n// set_get_length(uint256): 0 -> 0\n// set_get_length(uint256): 1 -> 0\n// set_get_length(uint256): 10 -> 0\n// set_get_length(uint256): 20 -> 0\n// gas irOptimized: 106222\n// gas legacy: 105722\n// gas legacyOptimized: 103508\n// set_get_length(uint256): 0xFF -> 0\n// gas irOptimized: 833586\n// gas legacy: 807764\n// gas legacyOptimized: 784467\n// set_get_length(uint256): 0xFFF -> 0\n// gas irOptimized: 13029438\n// gas legacy: 12608096\n// gas legacyOptimized: 12239199\n// set_get_length(uint256): 0xFFFF -> FAILURE # Out-of-gas #\n"}}, "settings": {"optimizer": {"enabled": true, "runs": 200}, "outputSelection": {"*": {"*": ["abi", "metadata", "evm.bytecode", "evm.deployedBytecode", "evm.methodIdentifiers", "evm.legacyAssembly", "evm.bytecode.opcodes", "yulCFGJson"]}}, "metadata": {"appendCBOR": false}, "viaIR": true}}