{"language": "Solidity", "sources": {"calldata_dynamic_array_to_memory.sol": {"content": "pragma abicoder v2;\n\ncontract C {\n    function f(uint[][] calldata a) public returns (uint[][] memory) {\n        return a;\n    }\n\n    function g(uint[][][] calldata a) public returns (uint[][][] memory) {\n        return a;\n    }\n\n    function h(uint[2][][] calldata a) public returns (uint[2][][] memory) {\n        return a;\n    }\n}\n// ----\n// f(uint256[][]): 0x20, 2, 0x40, 0xa0, 2, 5, 6, 2, 7, 8 -> 0x20, 2, 0x40, 0xa0, 2, 5, 6, 2, 7, 8\n// f(uint256[][]): 0x20, 2, 0x40, 0xa0, 2, 5, 6, 2, 7, 8, 9 -> 0x20, 2, 0x40, 0xa0, 2, 5, 6, 2, 7, 8\n// f(uint256[][]): 0x20, 2, 0x40, 0xa0, 2, 5, 6, 3, 7, 8 -> FAILURE\n// g(uint256[][][]): 0x20, 2, 0x40, 0x60, 0, 2, 0x40, 0xa0, 2, 5, 6, 2, 7, 8 -> 0x20, 2, 0x40, 0x60, 0, 2, 0x40, 0xa0, 2, 5, 6, 2, 7, 8\n// g(uint256[][][]): 0x20, 2, 0x40, 0x60, 0, 2, 0x40, 0xa0, 2, 5, 6, 2, 7 -> FAILURE\n// h(uint256[2][][]): 0x20, 2, 0x40, 0x60, 0, 2, 5, 6, 7, 8 -> 0x20, 2, 0x40, 0x60, 0, 2, 5, 6, 7, 8\n// h(uint256[2][][]): 0x20, 2, 0x40, 0x60, 0, 2, 5, 6, 7, 8, 9 -> 0x20, 2, 0x40, 0x60, 0, 2, 5, 6, 7, 8\n// h(uint256[2][][]): 0x20, 2, 0x40, 0x60, 0, 2, 5, 6, 7 -> FAILURE\n"}}, "settings": {"optimizer": {"enabled": true, "runs": 200}, "outputSelection": {"*": {"*": ["abi", "metadata", "evm.bytecode", "evm.deployedBytecode", "evm.methodIdentifiers", "evm.legacyAssembly", "evm.bytecode.opcodes", "yulCFGJson"]}}, "metadata": {"appendCBOR": false}, "viaIR": true}}