{"language": "Solidity", "sources": {"bytes_storage_to_memory.sol": {"content": "contract C {\n  bytes s = \"abcd\";\n  function f() external returns (bytes1) {\n    bytes memory data = s;\n    return data[0];\n  }\n}\n// ----\n// f() -> \"a\"\n"}}, "settings": {"optimizer": {"enabled": true, "runs": 200}, "outputSelection": {"*": {"*": ["abi", "metadata", "evm.bytecode", "evm.deployedBytecode", "evm.methodIdentifiers", "evm.legacyAssembly", "evm.bytecode.opcodes", "yulCFGJson"]}}, "metadata": {"appendCBOR": false}, "viaIR": true}}