{"language": "Solidity", "sources": {"storage_memory_packed_dyn.sol": {"content": "contract C {\n    uint8[] a;\n\n    function f() public returns (uint8, uint8, uint8) {\n        for (uint i = 0; i < 33; i++)\n            a.push(7);\n        a[0] = 2;\n        a[16] = 3;\n        a[32] = 4;\n        uint8[] memory m = a;\n        return (m[0], m[16], m[32]);\n    }\n}\n// ----\n// f() -> 2, 3, 4\n// gas irOptimized: 114338\n// gas legacy: 122231\n// gas legacyOptimized: 118409\n"}}, "settings": {"optimizer": {"enabled": true, "runs": 200}, "outputSelection": {"*": {"*": ["abi", "metadata", "evm.bytecode", "evm.deployedBytecode", "evm.methodIdentifiers", "evm.legacyAssembly", "evm.bytecode.opcodes", "yulCFGJson"]}}, "metadata": {"appendCBOR": false}, "viaIR": true}}