{"language": "Solidity", "sources": {"calldata_array_dynamic_static_short_decode.sol": {"content": "pragma abicoder               v2;\ncontract C {\n    function f(uint256[][2][] calldata x) external returns (uint256) {\n        x[0]; // trigger bounds checks\n        return 23;\n    }\n}\n// ----\n// f(uint256[][2][]): 0x20, 0x01, 0x20, 0x40, 0x60, 0x00, 0x00 -> 23 # this is the common encoding for x.length == 1 && x[0][0].length == 0 && x[0][1].length == 0 #\n// f(uint256[][2][]): 0x20, 0x01, 0x20, 0x00, 0x00 -> 23 # exotic, but still valid encoding #\n// f(uint256[][2][]): 0x20, 0x01, 0x20, 0x00 -> FAILURE # invalid (too short) encoding, but no failure due to this PR #\n"}}, "settings": {"optimizer": {"enabled": true, "runs": 200}, "outputSelection": {"*": {"*": ["abi", "metadata", "evm.bytecode", "evm.deployedBytecode", "evm.methodIdentifiers", "evm.legacyAssembly", "evm.bytecode.opcodes", "yulCFGJson"]}}, "metadata": {"appendCBOR": false}, "viaIR": true}}