{"language": "Solidity", "sources": {"check_var_init.sol": {"content": "contract C {\n    uint public x = msg.value - 10;\n    constructor() payable {}\n}\n\ncontract D {\n    function f() public {\n        unchecked {\n            new C();\n        }\n    }\n    function g() public payable returns (uint) {\n        return (new C{value: 11}()).x();\n    }\n}\n// ----\n// f() -> FAILURE, hex\"4e487b71\", 0x11\n// g(), 100 wei -> 1\n// gas legacy: 76780\n// gas legacy code: 23600\n"}}, "settings": {"optimizer": {"enabled": true, "runs": 200}, "outputSelection": {"*": {"*": ["abi", "metadata", "evm.bytecode", "evm.deployedBytecode", "evm.methodIdentifiers", "evm.legacyAssembly", "evm.bytecode.opcodes", "yulCFGJson"]}}, "metadata": {"appendCBOR": false}, "viaIR": true}}