{"language": "Solidity", "sources": {"push_no_args_2d.sol": {"content": "contract C {\n\tuint[][] array2d;\n\n\tfunction l() public returns (uint) {\n\t\treturn array2d.length;\n\t}\n\n\tfunction ll(uint index) public returns (uint) {\n\t\treturn array2d[index].length;\n\t}\n\n\tfunction a(uint i, uint j) public returns (uint) {\n\t\treturn array2d[i][j];\n\t}\n\n\tfunction f(uint index, uint value) public {\n\t\tuint[] storage pointer = array2d.push();\n\t\tfor (uint i = 0; i <= index; ++i)\n\t\t\tpointer.push();\n\t\tpointer[index] = value;\n\t}\n\n\tfunction lv(uint value) public {\n\t\tarray2d.push().push() = value;\n\t}\n}\n// ----\n// l() -> 0\n// f(uint256,uint256): 42, 64 ->\n// gas irOptimized: 112288\n// gas legacy: 107925\n// gas legacyOptimized: 101896\n// l() -> 1\n// ll(uint256): 0 -> 43\n// a(uint256,uint256): 0, 42 -> 64\n// f(uint256,uint256): 84, 128 ->\n// gas irOptimized: 118708\n// gas legacy: 109977\n// gas legacyOptimized: 96331\n// l() -> 2\n// ll(uint256): 1 -> 85\n// a(uint256,uint256): 0, 42 -> 64\n// a(uint256,uint256): 1, 84 -> 128\n// lv(uint256): 512 ->\n// a(uint256,uint256): 2, 0 -> 512\n"}}, "settings": {"optimizer": {"enabled": true, "runs": 200}, "outputSelection": {"*": {"*": ["abi", "metadata", "evm.bytecode", "evm.deployedBytecode", "evm.methodIdentifiers", "evm.legacyAssembly", "evm.bytecode.opcodes", "yulCFGJson"]}}, "metadata": {"appendCBOR": false}, "viaIR": true}}