{"language": "Solidity", "sources": {"negative_fractional_mod.sol": {"content": "contract C {\n    function f() public pure returns (int, int) {\n        int x = int((-(-5.2 % 3)) * 5);\n        int t = 5;\n        return (x, (-(-t % 3)) * 5);\n    }\n}\n// ----\n// f() -> 11, 10\n"}}, "settings": {"optimizer": {"enabled": true, "runs": 200}, "outputSelection": {"*": {"*": ["abi", "metadata", "evm.bytecode", "evm.deployedBytecode", "evm.methodIdentifiers", "evm.legacyAssembly", "evm.bytecode.opcodes", "yulCFGJson"]}}, "metadata": {"appendCBOR": false}, "viaIR": true}}