{"language": "Solidity", "sources": {"inline_array_index_access_strings.sol": {"content": "contract C {\n    string public tester;\n\n    function f() public returns (string memory) {\n        return ([\"abc\", \"def\", \"g\"][0]);\n    }\n\n    function test() public {\n        tester = f();\n    }\n}\n// ----\n// test() ->\n// tester() -> 0x20, 0x3, \"abc\"\n"}}, "settings": {"optimizer": {"enabled": true, "runs": 200}, "outputSelection": {"*": {"*": ["abi", "metadata", "evm.bytecode", "evm.deployedBytecode", "evm.methodIdentifiers", "evm.legacyAssembly", "evm.bytecode.opcodes", "yulCFGJson"]}}, "metadata": {"appendCBOR": false}, "viaIR": true}}