{"language": "Solidity", "sources": {"constructing_enums_from_ints.sol": {"content": "contract c {\n    enum Truth {False, True}\n\n    function test() public returns (uint256) {\n        return uint256(Truth(uint8(0x1)));\n    }\n}\n// ----\n// test() -> 1\n"}}, "settings": {"optimizer": {"enabled": true, "runs": 200}, "outputSelection": {"*": {"*": ["abi", "metadata", "evm.bytecode", "evm.deployedBytecode", "evm.methodIdentifiers", "evm.legacyAssembly", "evm.bytecode.opcodes", "yulCFGJson"]}}, "metadata": {"appendCBOR": false}, "viaIR": true}}