{"language": "Solidity", "sources": {"bytes_concat_3_args.sol": {"content": "contract C {\n    function f(bytes memory a, bytes memory b, bytes memory c) public returns (bytes memory) {\n        return bytes.concat(a, b, c);\n    }\n}\n// ----\n// f(bytes,bytes,bytes): 0x60, 0xa0, 0xe0, 32, \"abcdabcdabcdabcdabcdabcdabcdabcd\", 5, \"bcdef\", 3, \"abc\" -> 0x20, 40, \"abcdabcdabcdabcdabcdabcdabcdabcd\", \"bcdefabc\"\n// f(bytes,bytes,bytes): 0x60, 0xa0, 0xe0, 3, \"abc\", 2, \"de\", 3, \"fgh\" -> 0x20, 8, \"abcdefgh\"\n"}}, "settings": {"optimizer": {"enabled": true, "runs": 200}, "outputSelection": {"*": {"*": ["abi", "metadata", "evm.bytecode", "evm.deployedBytecode", "evm.methodIdentifiers", "evm.legacyAssembly", "evm.bytecode.opcodes", "yulCFGJson"]}}, "metadata": {"appendCBOR": false}, "viaIR": true}}