{"language": "Solidity", "sources": {"push_no_args_bytes.sol": {"content": "contract C {\n\tbytes array;\n\n\tfunction f() public {\n\t\tarray.push();\n\t}\n\n\tfunction g(uint x) public {\n\t\tfor (uint i = 0; i < x; ++i)\n\t\t\tarray.push() = bytes1(uint8(i));\n\t}\n\n\tfunction l() public returns (uint) {\n\t\treturn array.length;\n\t}\n\n\tfunction a(uint index) public view returns (bytes1) {\n\t\treturn array[index];\n\t}\n}\n// ----\n// l() -> 0\n// g(uint256): 70 ->\n// gas irOptimized: 181778\n// gas legacy: 175192\n// gas legacyOptimized: 175005\n// l() -> 70\n// a(uint256): 69 -> left(69)\n// f() ->\n// l() -> 71\n// a(uint256): 70 -> 0\n"}}, "settings": {"optimizer": {"enabled": true, "runs": 200}, "outputSelection": {"*": {"*": ["abi", "metadata", "evm.bytecode", "evm.deployedBytecode", "evm.methodIdentifiers", "evm.legacyAssembly", "evm.bytecode.opcodes", "yulCFGJson"]}}, "metadata": {"appendCBOR": false}, "viaIR": true}}