{
  "contracts": {
    "abi_decode_calldata.sol": {
      "C": {
        "metadata": "{\"compiler\":{\"version\":\"0.8.31-pre.1+commit.b59566f6\"},\"language\":\"Solidity\",\"output\":{\"abi\":[{\"inputs\":[{\"internalType\":\"bytes\",\"name\":\"data\",\"type\":\"bytes\"}],\"name\":\"f\",\"outputs\":[{\"internalType\":\"uint256\",\"name\":\"\",\"type\":\"uint256\"},{\"internalType\":\"bytes\",\"name\":\"r\",\"type\":\"bytes\"}],\"stateMutability\":\"pure\",\"type\":\"function\"}],\"devdoc\":{\"kind\":\"dev\",\"methods\":{},\"version\":1},\"userdoc\":{\"kind\":\"user\",\"methods\":{},\"version\":1}},\"settings\":{\"compilationTarget\":{\"abi_decode_calldata.sol\":\"C\"},\"evmVersion\":\"prague\",\"libraries\":{},\"metadata\":{\"appendCBOR\":false,\"bytecodeHash\":\"ipfs\"},\"optimizer\":{\"enabled\":true,\"runs\":200},\"remappings\":[],\"viaIR\":true},\"sources\":{\"abi_decode_calldata.sol\":{\"keccak256\":\"0xea17d7dc59dc8272012f9673683c5398b383be612f53916466ca8b89c2cf2604\",\"urls\":[\"bzz-raw://60699f2f77c0664979f901ec6bb79c8fb61d2855952e560d3f34d65323805f9b\",\"dweb:/ipfs/QmbtWc9cX7C7vCnQE35GWHr4iyd7kEVD1nZW9pxae3i2c1\"]}},\"version\":1}",
        "yulCFGJson": {
          "C_21": {
            "blocks": [
              {
                "exit": {
                  "cond": "v2",
                  "targets": [
                    "Block2",
                    "Block1"
                  ],
                  "type": "ConditionalJump"
                },
                "id": "Block0",
                "instructions": [
                  {
                    "in": [],
                    "literalArgs": [
                      "0x80"
                    ],
                    "op": "memoryguard",
                    "out": [
                      "v0"
                    ]
                  },
                  {
                    "in": [
                      "v0",
                      "0x40"
                    ],
                    "op": "mstore",
                    "out": []
                  },
                  {
                    "in": [],
                    "op": "callvalue",
                    "out": [
                      "v2"
                    ]
                  }
                ],
                "liveness": {
                  "in": [],
                  "out": [
                    "v0"
                  ]
                },
                "type": "BuiltinCall"
              },
              {
                "exit": {
                  "type": "Terminated"
                },
                "id": "Block2",
                "instructions": [
                  {
                    "in": [],
                    "literalArgs": [
                      "C_21_deployed"
                    ],
                    "op": "datasize",
                    "out": [
                      "v4"
                    ]
                  },
                  {
                    "in": [],
                    "literalArgs": [
                      "C_21_deployed"
                    ],
                    "op": "dataoffset",
                    "out": [
                      "v5"
                    ]
                  },
                  {
                    "in": [
                      "v4",
                      "v5",
                      "v0"
                    ],
                    "op": "codecopy",
                    "out": []
                  },
                  {
                    "in": [
                      "v4",
                      "v0"
                    ],
                    "op": "return",
                    "out": []
                  }
                ],
                "liveness": {
                  "in": [
                    "v0"
                  ],
                  "out": []
                },
                "type": "BuiltinCall"
              },
              {
                "exit": {
                  "type": "Terminated"
                },
                "id": "Block1",
                "instructions": [
                  {
                    "in": [
                      "0x00",
                      "0x00"
                    ],
                    "op": "revert",
                    "out": []
                  }
                ],
                "liveness": {
                  "in": [],
                  "out": []
                },
                "type": "BuiltinCall"
              }
            ],
            "functions": {},
            "subObjects": {
              "C_21_deployed": {
                "blocks": [
                  {
                    "exit": {
                      "cond": "v4",
                      "targets": [
                        "Block2",
                        "Block1"
                      ],
                      "type": "ConditionalJump"
                    },
                    "id": "Block0",
                    "instructions": [
                      {
                        "in": [],
                        "literalArgs": [
                          "0x80"
                        ],
                        "op": "memoryguard",
                        "out": [
                          "v0"
                        ]
                      },
                      {
                        "in": [],
                        "op": "calldatasize",
                        "out": [
                          "v2"
                        ]
                      },
                      {
                        "in": [
                          "0x04",
                          "v2"
                        ],
                        "op": "lt",
                        "out": [
                          "v3"
                        ]
                      },
                      {
                        "in": [
                          "v3"
                        ],
                        "op": "iszero",
                        "out": [
                          "v4"
                        ]
                      }
                    ],
                    "liveness": {
                      "in": [],
                      "out": [
                        "v0"
                      ]
                    },
                    "type": "BuiltinCall"
                  },
                  {
                    "exit": {
                      "type": "Terminated"
                    },
                    "id": "Block2",
                    "instructions": [
                      {
                        "in": [
                          "0x00",
                          "0x00"
                        ],
                        "op": "revert",
                        "out": []
                      }
                    ],
                    "liveness": {
                      "in": [],
                      "out": []
                    },
                    "type": "BuiltinCall"
                  },
                  {
                    "exit": {
                      "cond": "v10",
                      "targets": [
                        "Block4",
                        "Block3"
                      ],
                      "type": "ConditionalJump"
                    },
                    "id": "Block1",
                    "instructions": [
                      {
                        "in": [
                          "0x00"
                        ],
                        "op": "calldataload",
                        "out": [
                          "v6"
                        ]
                      },
                      {
                        "in": [
                          "v6",
                          "0xe0"
                        ],
                        "op": "shr",
                        "out": [
                          "v8"
                        ]
                      },
                      {
                        "in": [
                          "v8",
                          "0xd45754f8"
                        ],
                        "op": "eq",
                        "out": [
                          "v10"
                        ]
                      }
                    ],
                    "liveness": {
                      "in": [
                        "v0"
                      ],
                      "out": [
                        "v0"
                      ]
                    },
                    "type": "BuiltinCall"
                  },
                  {
                    "exit": {
                      "targets": [
                        "Block2"
                      ],
                      "type": "Jump"
                    },
                    "id": "Block4",
                    "instructions": [],
                    "liveness": {
                      "in": [],
                      "out": []
                    }
                  },
                  {
                    "exit": {
                      "cond": "v11",
                      "targets": [
                        "Block6",
                        "Block5"
                      ],
                      "type": "ConditionalJump"
                    },
                    "id": "Block3",
                    "instructions": [
                      {
                        "in": [],
                        "op": "callvalue",
                        "out": [
                          "v11"
                        ]
                      }
                    ],
                    "liveness": {
                      "in": [
                        "v0"
                      ],
                      "out": [
                        "v0"
                      ]
                    },
                    "type": "BuiltinCall"
                  },
                  {
                    "exit": {
                      "cond": "v17",
                      "targets": [
                        "Block9",
                        "Block8"
                      ],
                      "type": "ConditionalJump"
                    },
                    "id": "Block6",
                    "instructions": [
                      {
                        "in": [
                          "0x03"
                        ],
                        "op": "not",
                        "out": [
                          "v14"
                        ]
                      },
                      {
                        "in": [],
                        "op": "calldatasize",
                        "out": [
                          "v15"
                        ]
                      },
                      {
                        "in": [
                          "v14",
                          "v15"
                        ],
                        "op": "add",
                        "out": [
                          "v16"
                        ]
                      },
                      {
                        "in": [
                          "0x20",
                          "v16"
                        ],
                        "op": "slt",
                        "out": [
                          "v17"
                        ]
                      }
                    ],
                    "liveness": {
                      "in": [
                        "v0"
                      ],
                      "out": [
                        "v0"
                      ]
                    },
                    "type": "BuiltinCall"
                  },
                  {
                    "exit": {
                      "type": "Terminated"
                    },
                    "id": "Block5",
                    "instructions": [
                      {
                        "in": [
                          "0x00",
                          "0x00"
                        ],
                        "op": "revert",
                        "out": []
                      }
                    ],
                    "liveness": {
                      "in": [],
                      "out": []
                    },
                    "type": "BuiltinCall"
                  },
                  {
                    "exit": {
                      "cond": "v20",
                      "targets": [
                        "Block12",
                        "Block11"
                      ],
                      "type": "ConditionalJump"
                    },
                    "id": "Block9",
                    "instructions": [
                      {
                        "in": [
                          "0x04"
                        ],
                        "op": "calldataload",
                        "out": [
                          "v18"
                        ]
                      },
                      {
                        "in": [
                          "0xffffffffffffffff",
                          "v18"
                        ],
                        "op": "gt",
                        "out": [
                          "v20"
                        ]
                      }
                    ],
                    "liveness": {
                      "in": [
                        "v0"
                      ],
                      "out": [
                        "v0",
                        "v18"
                      ]
                    },
                    "type": "BuiltinCall"
                  },
                  {
                    "exit": {
                      "type": "Terminated"
                    },
                    "id": "Block8",
                    "instructions": [
                      {
                        "in": [
                          "0x00",
                          "0x00"
                        ],
                        "op": "revert",
                        "out": []
                      }
                    ],
                    "liveness": {
                      "in": [],
                      "out": []
                    },
                    "type": "BuiltinCall"
                  },
                  {
                    "exit": {
                      "cond": "v28",
                      "targets": [
                        "Block15",
                        "Block14"
                      ],
                      "type": "ConditionalJump"
                    },
                    "id": "Block12",
                    "instructions": [
                      {
                        "in": [],
                        "op": "calldatasize",
                        "out": [
                          "v21"
                        ]
                      },
                      {
                        "in": [
                          "0x23",
                          "v18"
                        ],
                        "op": "add",
                        "out": [
                          "v26"
                        ]
                      },
                      {
                        "in": [
                          "v21",
                          "v26"
                        ],
                        "op": "slt",
                        "out": [
                          "v27"
                        ]
                      },
                      {
                        "in": [
                          "v27"
                        ],
                        "op": "iszero",
                        "out": [
                          "v28"
                        ]
                      }
                    ],
                    "liveness": {
                      "in": [
                        "v0",
                        "v18"
                      ],
                      "out": [
                        "v0",
                        "v18"
                      ]
                    },
                    "type": "BuiltinCall"
                  },
                  {
                    "exit": {
                      "type": "Terminated"
                    },
                    "id": "Block11",
                    "instructions": [
                      {
                        "in": [
                          "0x00",
                          "0x00"
                        ],
                        "op": "revert",
                        "out": []
                      }
                    ],
                    "liveness": {
                      "in": [],
                      "out": []
                    },
                    "type": "BuiltinCall"
                  },
                  {
                    "exit": {
                      "cond": "v33",
                      "targets": [
                        "Block18",
                        "Block17"
                      ],
                      "type": "ConditionalJump"
                    },
                    "id": "Block15",
                    "instructions": [
                      {
                        "in": [
                          "v18",
                          "0x04"
                        ],
                        "op": "add",
                        "out": [
                          "v31"
                        ]
                      },
                      {
                        "in": [
                          "v31"
                        ],
                        "op": "calldataload",
                        "out": [
                          "v32"
                        ]
                      },
                      {
                        "in": [
                          "0xffffffffffffffff",
                          "v32"
                        ],
                        "op": "gt",
                        "out": [
                          "v33"
                        ]
                      }
                    ],
                    "liveness": {
                      "in": [
                        "v0",
                        "v18"
                      ],
                      "out": [
                        "v0",
                        "v18",
                        "v32"
                      ]
                    },
                    "type": "BuiltinCall"
                  },
                  {
                    "exit": {
                      "type": "Terminated"
                    },
                    "id": "Block14",
                    "instructions": [
                      {
                        "in": [
                          "0x00",
                          "0x00"
                        ],
                        "op": "revert",
                        "out": []
                      }
                    ],
                    "liveness": {
                      "in": [],
                      "out": []
                    },
                    "type": "BuiltinCall"
                  },
                  {
                    "exit": {
                      "cond": "v42",
                      "targets": [
                        "Block21",
                        "Block20"
                      ],
                      "type": "ConditionalJump"
                    },
                    "id": "Block18",
                    "instructions": [
                      {
                        "in": [
                          "v32",
                          "v18"
                        ],
                        "op": "add",
                        "out": [
                          "v38"
                        ]
                      },
                      {
                        "in": [
                          "0x24",
                          "v38"
                        ],
                        "op": "add",
                        "out": [
                          "v40"
                        ]
                      },
                      {
                        "in": [],
                        "op": "calldatasize",
                        "out": [
                          "v41"
                        ]
                      },
                      {
                        "in": [
                          "v41",
                          "v40"
                        ],
                        "op": "gt",
                        "out": [
                          "v42"
                        ]
                      }
                    ],
                    "liveness": {
                      "in": [
                        "v0",
                        "v18",
                        "v32"
                      ],
                      "out": [
                        "v0",
                        "v18",
                        "v40",
                        "v38"
                      ]
                    },
                    "type": "BuiltinCall"
                  },
                  {
                    "exit": {
                      "type": "Terminated"
                    },
                    "id": "Block17",
                    "instructions": [
                      {
                        "in": [
                          "0x00",
                          "0x00"
                        ],
                        "op": "revert",
                        "out": []
                      }
                    ],
                    "liveness": {
                      "in": [],
                      "out": []
                    },
                    "type": "BuiltinCall"
                  },
                  {
                    "exit": {
                      "cond": "v52",
                      "targets": [
                        "Block24",
                        "Block23"
                      ],
                      "type": "ConditionalJump"
                    },
                    "id": "Block21",
                    "instructions": [
                      {
                        "in": [
                          "0x23"
                        ],
                        "op": "not",
                        "out": [
                          "v44"
                        ]
                      },
                      {
                        "in": [
                          "v18",
                          "v38"
                        ],
                        "op": "sub",
                        "out": [
                          "v49"
                        ]
                      },
                      {
                        "in": [
                          "0x24",
                          "v49"
                        ],
                        "op": "add",
                        "out": [
                          "v50"
                        ]
                      },
                      {
                        "in": [
                          "v44",
                          "v50"
                        ],
                        "op": "add",
                        "out": [
                          "v51"
                        ]
                      },
                      {
                        "in": [
                          "0x40",
                          "v51"
                        ],
                        "op": "slt",
                        "out": [
                          "v52"
                        ]
                      }
                    ],
                    "liveness": {
                      "in": [
                        "v0",
                        "v18",
                        "v40",
                        "v38"
                      ],
                      "out": [
                        "v0",
                        "v18",
                        "v40"
                      ]
                    },
                    "type": "BuiltinCall"
                  },
                  {
                    "exit": {
                      "type": "Terminated"
                    },
                    "id": "Block20",
                    "instructions": [
                      {
                        "in": [
                          "0x00",
                          "0x00"
                        ],
                        "op": "revert",
                        "out": []
                      }
                    ],
                    "liveness": {
                      "in": [],
                      "out": []
                    },
                    "type": "BuiltinCall"
                  },
                  {
                    "exit": {
                      "cond": "v58",
                      "targets": [
                        "Block27",
                        "Block26"
                      ],
                      "type": "ConditionalJump"
                    },
                    "id": "Block24",
                    "instructions": [
                      {
                        "in": [
                          "0x44",
                          "v18"
                        ],
                        "op": "add",
                        "out": [
                          "v56"
                        ]
                      },
                      {
                        "in": [
                          "v56"
                        ],
                        "op": "calldataload",
                        "out": [
                          "v57"
                        ]
                      },
                      {
                        "in": [
                          "0xffffffffffffffff",
                          "v57"
                        ],
                        "op": "gt",
                        "out": [
                          "v58"
                        ]
                      }
                    ],
                    "liveness": {
                      "in": [
                        "v0",
                        "v18",
                        "v40"
                      ],
                      "out": [
                        "v0",
                        "v18",
                        "v40",
                        "v57"
                      ]
                    },
                    "type": "BuiltinCall"
                  },
                  {
                    "exit": {
                      "type": "Terminated"
                    },
                    "id": "Block23",
                    "instructions": [
                      {
                        "in": [
                          "0x00",
                          "0x00"
                        ],
                        "op": "revert",
                        "out": []
                      }
                    ],
                    "liveness": {
                      "in": [],
                      "out": []
                    },
                    "type": "BuiltinCall"
                  },
                  {
                    "exit": {
                      "cond": "v73",
                      "targets": [
                        "Block30",
                        "Block29"
                      ],
                      "type": "ConditionalJump"
                    },
                    "id": "Block27",
                    "instructions": [
                      {
                        "in": [
                          "v57",
                          "v18"
                        ],
                        "op": "add",
                        "out": [
                          "v63"
                        ]
                      },
                      {
                        "in": [
                          "0x43",
                          "v63"
                        ],
                        "op": "add",
                        "out": [
                          "v71"
                        ]
                      },
                      {
                        "in": [
                          "v40",
                          "v71"
                        ],
                        "op": "slt",
                        "out": [
                          "v72"
                        ]
                      },
                      {
                        "in": [
                          "v72"
                        ],
                        "op": "iszero",
                        "out": [
                          "v73"
                        ]
                      }
                    ],
                    "liveness": {
                      "in": [
                        "v0",
                        "v18",
                        "v40",
                        "v57"
                      ],
                      "out": [
                        "v0",
                        "v18",
                        "v63",
                        "v40"
                      ]
                    },
                    "type": "BuiltinCall"
                  },
                  {
                    "exit": {
                      "type": "Terminated"
                    },
                    "id": "Block26",
                    "instructions": [
                      {
                        "in": [
                          "0x00",
                          "0x00"
                        ],
                        "op": "revert",
                        "out": []
                      }
                    ],
                    "liveness": {
                      "in": [],
                      "out": []
                    },
                    "type": "BuiltinCall"
                  },
                  {
                    "exit": {
                      "cond": "v78",
                      "targets": [
                        "Block33",
                        "Block32"
                      ],
                      "type": "ConditionalJump"
                    },
                    "id": "Block30",
                    "instructions": [
                      {
                        "in": [
                          "0x24",
                          "v63"
                        ],
                        "op": "add",
                        "out": [
                          "v76"
                        ]
                      },
                      {
                        "in": [
                          "v76"
                        ],
                        "op": "calldataload",
                        "out": [
                          "v77"
                        ]
                      },
                      {
                        "in": [
                          "0xffffffffffffffff",
                          "v77"
                        ],
                        "op": "gt",
                        "out": [
                          "v78"
                        ]
                      }
                    ],
                    "liveness": {
                      "in": [
                        "v0",
                        "v18",
                        "v63",
                        "v40"
                      ],
                      "out": [
                        "v0",
                        "v18",
                        "v77",
                        "v63",
                        "v40"
                      ]
                    },
                    "type": "BuiltinCall"
                  },
                  {
                    "exit": {
                      "type": "Terminated"
                    },
                    "id": "Block29",
                    "instructions": [
                      {
                        "in": [
                          "0x00",
                          "0x00"
                        ],
                        "op": "revert",
                        "out": []
                      }
                    ],
                    "liveness": {
                      "in": [],
                      "out": []
                    },
                    "type": "BuiltinCall"
                  },
                  {
                    "exit": {
                      "cond": "v115",
                      "targets": [
                        "Block36",
                        "Block35"
                      ],
                      "type": "ConditionalJump"
                    },
                    "id": "Block33",
                    "instructions": [
                      {
                        "in": [
                          "0x1f"
                        ],
                        "op": "not",
                        "out": [
                          "v83"
                        ]
                      },
                      {
                        "in": [
                          "0x1f"
                        ],
                        "op": "not",
                        "out": [
                          "v85"
                        ]
                      },
                      {
                        "in": [
                          "0x1f",
                          "v77"
                        ],
                        "op": "add",
                        "out": [
                          "v88"
                        ]
                      },
                      {
                        "in": [
                          "v85",
                          "v88"
                        ],
                        "op": "and",
                        "out": [
                          "v89"
                        ]
                      },
                      {
                        "in": [
                          "0x3f",
                          "v89"
                        ],
                        "op": "add",
                        "out": [
                          "v90"
                        ]
                      },
                      {
                        "in": [
                          "v83",
                          "v90"
                        ],
                        "op": "and",
                        "out": [
                          "v91"
                        ]
                      },
                      {
                        "in": [
                          "v91",
                          "v0"
                        ],
                        "op": "add",
                        "out": [
                          "v112"
                        ]
                      },
                      {
                        "in": [
                          "v0",
                          "v112"
                        ],
                        "op": "lt",
                        "out": [
                          "v113"
                        ]
                      },
                      {
                        "in": [
                          "0xffffffffffffffff",
                          "v112"
                        ],
                        "op": "gt",
                        "out": [
                          "v114"
                        ]
                      },
                      {
                        "in": [
                          "v113",
                          "v114"
                        ],
                        "op": "or",
                        "out": [
                          "v115"
                        ]
                      }
                    ],
                    "liveness": {
                      "in": [
                        "v0",
                        "v18",
                        "v77",
                        "v63",
                        "v40"
                      ],
                      "out": [
                        "v0",
                        "v18",
                        "v77",
                        "v63",
                        "v40",
                        "v112"
                      ]
                    },
                    "type": "BuiltinCall"
                  },
                  {
                    "exit": {
                      "type": "Terminated"
                    },
                    "id": "Block32",
                    "instructions": [
                      {
                        "in": [
                          "0x4e487b71",
                          "0xe0"
                        ],
                        "op": "shl",
                        "out": [
                          "v80"
                        ]
                      },
                      {
                        "in": [
                          "v80",
                          "0x00"
                        ],
                        "op": "mstore",
                        "out": []
                      },
                      {
                        "in": [
                          "0x41",
                          "0x04"
                        ],
                        "op": "mstore",
                        "out": []
                      },
                      {
                        "in": [
                          "0x24",
                          "0x00"
                        ],
                        "op": "revert",
                        "out": []
                      }
                    ],
                    "liveness": {
                      "in": [],
                      "out": []
                    },
                    "type": "BuiltinCall"
                  },
                  {
                    "exit": {
                      "cond": "v137",
                      "targets": [
                        "Block39",
                        "Block38"
                      ],
                      "type": "ConditionalJump"
                    },
                    "id": "Block36",
                    "instructions": [
                      {
                        "in": [
                          "v112",
                          "0x40"
                        ],
                        "op": "mstore",
                        "out": []
                      },
                      {
                        "in": [
                          "v77",
                          "v0"
                        ],
                        "op": "mstore",
                        "out": []
                      },
                      {
                        "in": [
                          "0x20",
                          "v0"
                        ],
                        "op": "add",
                        "out": [
                          "v123"
                        ]
                      },
                      {
                        "in": [
                          "v77",
                          "v63"
                        ],
                        "op": "add",
                        "out": [
                          "v134"
                        ]
                      },
                      {
                        "in": [
                          "0x24",
                          "v134"
                        ],
                        "op": "add",
                        "out": [
                          "v135"
                        ]
                      },
                      {
                        "in": [
                          "0x20",
                          "v135"
                        ],
                        "op": "add",
                        "out": [
                          "v136"
                        ]
                      },
                      {
                        "in": [
                          "v40",
                          "v136"
                        ],
                        "op": "gt",
                        "out": [
                          "v137"
                        ]
                      }
                    ],
                    "liveness": {
                      "in": [
                        "v0",
                        "v18",
                        "v77",
                        "v63",
                        "v40",
                        "v112"
                      ],
                      "out": [
                        "v123",
                        "v0",
                        "v18",
                        "v77",
                        "v63"
                      ]
                    },
                    "type": "BuiltinCall"
                  },
                  {
                    "exit": {
                      "type": "Terminated"
                    },
                    "id": "Block35",
                    "instructions": [
                      {
                        "in": [
                          "0x4e487b71",
                          "0xe0"
                        ],
                        "op": "shl",
                        "out": [
                          "v116"
                        ]
                      },
                      {
                        "in": [
                          "v116",
                          "0x00"
                        ],
                        "op": "mstore",
                        "out": []
                      },
                      {
                        "in": [
                          "0x41",
                          "0x04"
                        ],
                        "op": "mstore",
                        "out": []
                      },
                      {
                        "in": [
                          "0x24",
                          "0x00"
                        ],
                        "op": "revert",
                        "out": []
                      }
                    ],
                    "liveness": {
                      "in": [],
                      "out": []
                    },
                    "type": "BuiltinCall"
                  },
                  {
                    "exit": {
                      "type": "Terminated"
                    },
                    "id": "Block39",
                    "instructions": [
                      {
                        "in": [
                          "0x44",
                          "v63"
                        ],
                        "op": "add",
                        "out": [
                          "v142"
                        ]
                      },
                      {
                        "in": [
                          "v77",
                          "v142",
                          "v123"
                        ],
                        "op": "calldatacopy",
                        "out": []
                      },
                      {
                        "in": [
                          "v77",
                          "v0"
                        ],
                        "op": "add",
                        "out": [
                          "v147"
                        ]
                      },
                      {
                        "in": [
                          "0x20",
                          "v147"
                        ],
                        "op": "add",
                        "out": [
                          "v148"
                        ]
                      },
                      {
                        "in": [
                          "0x00",
                          "v148"
                        ],
                        "op": "mstore",
                        "out": []
                      },
                      {
                        "in": [
                          "0x40"
                        ],
                        "op": "mload",
                        "out": [
                          "v149"
                        ]
                      },
                      {
                        "in": [
                          "0x24",
                          "v18"
                        ],
                        "op": "add",
                        "out": [
                          "v158"
                        ]
                      },
                      {
                        "in": [
                          "v158"
                        ],
                        "op": "calldataload",
                        "out": [
                          "v159"
                        ]
                      },
                      {
                        "in": [
                          "v159",
                          "v149"
                        ],
                        "op": "mstore",
                        "out": []
                      },
                      {
                        "in": [
                          "0x20",
                          "v149"
                        ],
                        "op": "add",
                        "out": [
                          "v160"
                        ]
                      },
                      {
                        "in": [
                          "0x40",
                          "v160"
                        ],
                        "op": "mstore",
                        "out": []
                      },
                      {
                        "in": [
                          "v0"
                        ],
                        "op": "mload",
                        "out": [
                          "v161"
                        ]
                      },
                      {
                        "in": [
                          "0x40",
                          "v149"
                        ],
                        "op": "add",
                        "out": [
                          "v162"
                        ]
                      },
                      {
                        "in": [
                          "v161",
                          "v162"
                        ],
                        "op": "mstore",
                        "out": []
                      },
                      {
                        "in": [
                          "0x60",
                          "v149"
                        ],
                        "op": "add",
                        "out": [
                          "v164"
                        ]
                      },
                      {
                        "in": [
                          "v161",
                          "v123",
                          "v164"
                        ],
                        "op": "mcopy",
                        "out": []
                      },
                      {
                        "in": [
                          "v161",
                          "v149"
                        ],
                        "op": "add",
                        "out": [
                          "v165"
                        ]
                      },
                      {
                        "in": [
                          "0x60",
                          "v165"
                        ],
                        "op": "add",
                        "out": [
                          "v166"
                        ]
                      },
                      {
                        "in": [
                          "0x00",
                          "v166"
                        ],
                        "op": "mstore",
                        "out": []
                      },
                      {
                        "in": [
                          "0x1f"
                        ],
                        "op": "not",
                        "out": [
                          "v167"
                        ]
                      },
                      {
                        "in": [
                          "0x1f",
                          "v161"
                        ],
                        "op": "add",
                        "out": [
                          "v168"
                        ]
                      },
                      {
                        "in": [
                          "v167",
                          "v168"
                        ],
                        "op": "and",
                        "out": [
                          "v169"
                        ]
                      },
                      {
                        "in": [
                          "v169",
                          "v149"
                        ],
                        "op": "add",
                        "out": [
                          "v170"
                        ]
                      },
                      {
                        "in": [
                          "v149",
                          "v170"
                        ],
                        "op": "sub",
                        "out": [
                          "v171"
                        ]
                      },
                      {
                        "in": [
                          "0x60",
                          "v171"
                        ],
                        "op": "add",
                        "out": [
                          "v172"
                        ]
                      },
                      {
                        "in": [
                          "v172",
                          "v149"
                        ],
                        "op": "return",
                        "out": []
                      }
                    ],
                    "liveness": {
                      "in": [
                        "v123",
                        "v0",
                        "v18",
                        "v77",
                        "v63"
                      ],
                      "out": []
                    },
                    "type": "BuiltinCall"
                  },
                  {
                    "exit": {
                      "type": "Terminated"
                    },
                    "id": "Block38",
                    "instructions": [
                      {
                        "in": [
                          "0x00",
                          "0x00"
                        ],
                        "op": "revert",
                        "out": []
                      }
                    ],
                    "liveness": {
                      "in": [],
                      "out": []
                    },
                    "type": "BuiltinCall"
                  }
                ],
                "functions": {},
                "subObjects": {}
              },
              "type": "subObject"
            }
          },
          "type": "Object"
        }
      }
    }
  },
  "errors": [
    {
      "component": "general",
      "errorCode": "3805",
      "formattedMessage": "Warning: This is a pre-release compiler version, please do not use it in production.\n\n",
      "message": "This is a pre-release compiler version, please do not use it in production.",
      "severity": "warning",
      "type": "Warning"
    },
    {
      "component": "general",
      "errorCode": "1878",
      "formattedMessage": "Warning: SPDX license identifier not provided in source file. Before publishing, consider adding a comment containing \"SPDX-License-Identifier: <SPDX-License>\" to each source file. Use \"SPDX-License-Identifier: UNLICENSED\" for non-open-source code. Please see https://spdx.org for more information.\n--> abi_decode_calldata.sol\n\n",
      "message": "SPDX license identifier not provided in source file. Before publishing, consider adding a comment containing \"SPDX-License-Identifier: <SPDX-License>\" to each source file. Use \"SPDX-License-Identifier: UNLICENSED\" for non-open-source code. Please see https://spdx.org for more information.",
      "severity": "warning",
      "sourceLocation": {
        "end": -1,
        "file": "abi_decode_calldata.sol",
        "start": -1
      },
      "type": "Warning"
    },
    {
      "component": "general",
      "errorCode": "3420",
      "formattedMessage": "Warning: Source file does not specify required compiler version!\n--> abi_decode_calldata.sol\n\n",
      "message": "Source file does not specify required compiler version!",
      "severity": "warning",
      "sourceLocation": {
        "end": -1,
        "file": "abi_decode_calldata.sol",
        "start": -1
      },
      "type": "Warning"
    }
  ],
  "sources": {
    "abi_decode_calldata.sol": {
      "id": 0
    }
  }
}
