{"language": "Solidity", "sources": {"abi_decode_calldata.sol": {"content": "contract C {\n    function f(bytes calldata data)\n        external\n        pure\n        returns (uint256, bytes memory r)\n    {\n        return abi.decode(data, (uint256, bytes));\n    }\n}\n// ----\n// f(bytes): 0x20, 0x80, 0x21, 0x40, 0x7, \"abcdefg\" -> 0x21, 0x40, 0x7, \"abcdefg\"\n"}}, "settings": {"optimizer": {"enabled": true, "runs": 200}, "outputSelection": {"*": {"*": ["yulCFGJson"]}}, "metadata": {"appendCBOR": false}, "viaIR": true}}