{"language": "Solidity", "sources": {"bytes_memory_index_access.sol": {"content": "contract Test {\n    function set(bytes memory _data, uint256 i)\n        public\n        returns (uint256 l, bytes1 c)\n    {\n        l = _data.length;\n        c = _data[i];\n    }\n}\n// ----\n// set(bytes,uint256): 0x40, 0x03, 0x08, \"abcdefgh\" -> 0x08, \"d\"\n"}}, "settings": {"optimizer": {"enabled": true, "runs": 200}, "outputSelection": {"*": {"*": ["abi", "metadata", "evm.bytecode", "evm.deployedBytecode", "evm.methodIdentifiers", "evm.legacyAssembly", "evm.bytecode.opcodes", "yulCFGJson"]}}, "metadata": {"appendCBOR": false}, "viaIR": true}}