{"language": "Solidity", "sources": {"abi_encode_rational_v2.sol": {"content": "// Tests that rational numbers (even negative ones) are encoded properly.\npragma abicoder               v2;\n\n\ncontract C {\n    function f() public pure returns (bytes memory) {\n        return abi.encode(1, -2);\n    }\n}\n// ----\n// f() -> 0x20, 0x40, 0x1, -2\n"}}, "settings": {"optimizer": {"enabled": true, "runs": 200}, "outputSelection": {"*": {"*": ["abi", "metadata", "evm.bytecode", "evm.deployedBytecode", "evm.methodIdentifiers", "evm.legacyAssembly", "evm.bytecode.opcodes", "yulCFGJson"]}}, "metadata": {"appendCBOR": false}, "viaIR": true}}