{"language": "Solidity", "sources": {"blockhash_shadow_resolution.sol": {"content": "contract C {\n    function blockhash(uint256 blockNumber) public returns(bytes32) { bytes32 x; return x; }\n    function f() public returns(bytes32) { return blockhash(3); }\n}\n// ----\n// f() -> 0\n"}}, "settings": {"optimizer": {"enabled": true, "runs": 200}, "outputSelection": {"*": {"*": ["abi", "metadata", "evm.bytecode", "evm.deployedBytecode", "evm.methodIdentifiers", "evm.legacyAssembly", "evm.bytecode.opcodes", "yulCFGJson"]}}, "metadata": {"appendCBOR": false}, "viaIR": true}}