{"language": "Solidity", "sources": {"array_storage_index_access.sol": {"content": "contract C {\n    uint[] storageArray;\n    function test_indices(uint256 len) public\n    {\n        while (storageArray.length < len)\n            storageArray.push();\n        while (storageArray.length > len)\n            storageArray.pop();\n        for (uint i = 0; i < len; i++)\n            storageArray[i] = i + 1;\n\n        for (uint i = 0; i < len; i++)\n            require(storageArray[i] == i + 1);\n    }\n}\n// ----\n// test_indices(uint256): 1 ->\n// test_indices(uint256): 129 ->\n// gas irOptimized: 3017687\n// gas legacy: 3038668\n// gas legacyOptimized: 2995964\n// test_indices(uint256): 5 ->\n// gas irOptimized: 579670\n// gas legacy: 573821\n// gas legacyOptimized: 571847\n// test_indices(uint256): 10 ->\n// gas irOptimized: 157953\n// gas legacy: 160122\n// gas legacyOptimized: 156996\n// test_indices(uint256): 15 ->\n// gas irOptimized: 172733\n// gas legacy: 175987\n// gas legacyOptimized: 171596\n// test_indices(uint256): 0xFF ->\n// gas irOptimized: 5673823\n// gas legacy: 5715762\n// gas legacyOptimized: 5632556\n// test_indices(uint256): 1000 ->\n// gas irOptimized: 18173005\n// gas legacy: 18347824\n// gas legacyOptimized: 18037248\n// test_indices(uint256): 129 ->\n// gas irOptimized: 4166279\n// gas legacy: 4140124\n// gas legacyOptimized: 4108272\n// test_indices(uint256): 128 ->\n// gas irOptimized: 405522\n// gas legacy: 433512\n// gas legacyOptimized: 400909\n// test_indices(uint256): 1 ->\n// gas irOptimized: 583437\n// gas legacy: 576726\n// gas legacyOptimized: 575542\n"}}, "settings": {"optimizer": {"enabled": true, "runs": 200}, "outputSelection": {"*": {"*": ["abi", "metadata", "evm.bytecode", "evm.deployedBytecode", "evm.methodIdentifiers", "evm.legacyAssembly", "evm.bytecode.opcodes", "yulCFGJson"]}}, "metadata": {"appendCBOR": false}, "viaIR": true}}