{"language": "Solidity", "sources": {"store_function_in_constructor_packed.sol": {"content": "contract C {\n    uint16 public result_in_constructor;\n    function(uint16) returns (uint16) internal x;\n    uint16 public other = 0x1fff;\n\n    constructor() {\n        x = doubleInv;\n        result_in_constructor = use(2);\n    }\n\n    function doubleInv(uint16 _arg) public returns (uint16 _ret) {\n        _ret = ~(_arg * 2);\n    }\n\n    function use(uint16 _arg) public returns (uint16) {\n        return x(_arg);\n    }\n}\n// ====\n// bytecodeFormat: legacy,>=EOFv1\n// ----\n// use(uint16): 3 -> 0xfff9\n// result_in_constructor() -> 0xfffb\n// other() -> 0x1fff\n"}}, "settings": {"optimizer": {"enabled": true, "runs": 200}, "outputSelection": {"*": {"*": ["abi", "metadata", "evm.bytecode", "evm.deployedBytecode", "evm.methodIdentifiers", "evm.legacyAssembly", "evm.bytecode.opcodes", "yulCFGJson"]}}, "metadata": {"appendCBOR": false}, "viaIR": true}}