{"language": "Solidity", "sources": {"minmax.sol": {"content": "contract test {\n\tenum MinMax { A, B, C, D }\n\n\tfunction min() public returns(uint) { return uint(type(MinMax).min); }\n\tfunction max() public returns(uint) { return uint(type(MinMax).max); }\n}\n// ----\n// min() -> 0\n// max() -> 3\n"}}, "settings": {"optimizer": {"enabled": true, "runs": 200}, "outputSelection": {"*": {"*": ["abi", "metadata", "evm.bytecode", "evm.deployedBytecode", "evm.methodIdentifiers", "evm.legacyAssembly", "evm.bytecode.opcodes", "yulCFGJson"]}}, "metadata": {"appendCBOR": false}, "viaIR": true}}