{"language": "Solidity", "sources": {"storage_memory_nested_struct.sol": {"content": "contract C {\n    struct T { uint8 x; uint8 y; uint[] z; }\n    T[3][] a;\n\n    function f() public returns (uint8, uint8, uint, uint8, uint8, uint) {\n        a.push();\n        a.push();\n        a[0][1].x = 11;\n        a[0][1].y = 12;\n        a[0][1].z.push(1);\n        a[0][1].z.push(2);\n        a[0][1].z.push(3);\n        a[1][2].x = 21;\n        a[1][2].y = 22;\n        a[1][2].z.push(4);\n        a[1][2].z.push(5);\n        a[1][2].z.push(6);\n        T[3][] memory m = a;\n        return (\n            m[0][1].x, m[0][1].y, m[0][1].z[0],\n            m[1][2].x, m[1][2].y, m[1][2].z[0]\n        );\n    }\n}\n// ----\n// f() -> 11, 0x0c, 1, 0x15, 22, 4\n// gas irOptimized: 291212\n// gas legacy: 293398\n// gas legacyOptimized: 290218\n"}}, "settings": {"optimizer": {"enabled": true, "runs": 200}, "outputSelection": {"*": {"*": ["abi", "metadata", "evm.bytecode", "evm.deployedBytecode", "evm.methodIdentifiers", "evm.legacyAssembly", "evm.bytecode.opcodes", "yulCFGJson"]}}, "metadata": {"appendCBOR": false}, "viaIR": true}}