{"language": "Solidity", "sources": {"calldata_to_storage_different_base.sol": {"content": "pragma abicoder v2;\n\ncontract C {\n    bytes10[] s;\n    function f(bytes8[] calldata c) external returns (uint256, bytes10, bytes10, bytes10) {\n        s = c;\n        return (s.length, s[0], s[1], s[2]);\n    }\n}\n// ----\n// f(bytes8[]): 0x20, 3, \"abcd\", \"bcde\", \"cdef\" -> 3, \"abcd\", \"bcde\", \"cdef\"\n"}}, "settings": {"optimizer": {"enabled": true, "runs": 200}, "outputSelection": {"*": {"*": ["abi", "metadata", "evm.bytecode", "evm.deployedBytecode", "evm.methodIdentifiers", "evm.legacyAssembly", "evm.bytecode.opcodes", "yulCFGJson"]}}, "metadata": {"appendCBOR": false}, "viaIR": true}}