{"language": "Solidity", "settings": {"evmVersion": "paris", "libraries": {}, "metadata": {"appendCBOR": false}, "optimizer": {"enabled": true, "runs": 200}, "remappings": [], "viaIR": true, "outputSelection": {"*": {"*": ["abi", "metadata", "evm.bytecode", "evm.deployedBytecode", "evm.methodIdentifiers", "evm.legacyAssembly", "evm.bytecode.opcodes"]}}}, "sources": {"@openzeppelin/contracts/access/Ownable.sol": {"content": "// SPDX-License-Identifier: MIT\n// OpenZeppelin Contracts (last updated v4.9.0) (access/Ownable.sol)\n\npragma solidity ^0.8.30;\n\nimport \"../utils/Context.sol\";\n\n/**\n * @dev Contract module which provides a basic access control mechanism, where\n * there is an account (an owner) that can be granted exclusive access to\n * specific functions.\n *\n * By default, the owner account will be the one that deploys the contract. This\n * can later be changed with {transferOwnership}.\n *\n * This module is used through inheritance. It will make available the modifier\n * `onlyOwner`, which can be applied to your functions to restrict their use to\n * the owner.\n */\nabstract contract Ownable is Context {\n    address private _owner;\n\n    event OwnershipTransferred(address indexed previousOwner, address indexed newOwner);\n\n    /**\n     * @dev Initializes the contract setting the deployer as the initial owner.\n     */\n    constructor() {\n        _transferOwnership(_msgSender());\n    }\n\n    /**\n     * @dev Throws if called by any account other than the owner.\n     */\n    modifier onlyOwner() {\n        _checkOwner();\n        _;\n    }\n\n    /**\n     * @dev Returns the address of the current owner.\n     */\n    function owner() public view virtual returns (address) {\n        return _owner;\n    }\n\n    /**\n     * @dev Throws if the sender is not the owner.\n     */\n    function _checkOwner() internal view virtual {\n        require(owner() == _msgSender(), \"Ownable: caller is not the owner\");\n    }\n\n    /**\n     * @dev Leaves the contract without owner. It will not be possible to call\n     * `onlyOwner` functions. Can only be called by the current owner.\n     *\n     * NOTE: Renouncing ownership will leave the contract without an owner,\n     * thereby disabling any functionality that is only available to the owner.\n     */\n    function renounceOwnership() public virtual onlyOwner {\n        _transferOwnership(address(0));\n    }\n\n    /**\n     * @dev Transfers ownership of the contract to a new account (`newOwner`).\n     * Can only be called by the current owner.\n     */\n    function transferOwnership(address newOwner) public virtual onlyOwner {\n        require(newOwner != address(0), \"Ownable: new owner is the zero address\");\n        _transferOwnership(newOwner);\n    }\n\n    /**\n     * @dev Transfers ownership of the contract to a new account (`newOwner`).\n     * Internal function without access restriction.\n     */\n    function _transferOwnership(address newOwner) internal virtual {\n        address oldOwner = _owner;\n        _owner = newOwner;\n        emit OwnershipTransferred(oldOwner, newOwner);\n    }\n}\n"}, "@openzeppelin/contracts/utils/Context.sol": {"content": "// SPDX-License-Identifier: MIT\n// OpenZeppelin Contracts v4.4.1 (utils/Context.sol)\n\npragma solidity ^0.8.30;\n\n/**\n * @dev Provides information about the current execution context, including the\n * sender of the transaction and its data. While these are generally available\n * via msg.sender and msg.data, they should not be accessed in such a direct\n * manner, since when dealing with meta-transactions the account sending and\n * paying for execution may not be the actual sender (as far as an application\n * is concerned).\n *\n * This contract is only required for intermediate, library-like contracts.\n */\nabstract contract Context {\n    function _msgSender() internal view virtual returns (address) {\n        return msg.sender;\n    }\n\n    function _msgData() internal view virtual returns (bytes calldata) {\n        return msg.data;\n    }\n}\n"}, "@openzeppelin/contracts/utils/cryptography/MerkleProof.sol": {"content": "// SPDX-License-Identifier: MIT\n// OpenZeppelin Contracts (last updated v4.9.2) (utils/cryptography/MerkleProof.sol)\n\npragma solidity ^0.8.30;\n\n/**\n * @dev These functions deal with verification of Merkle Tree proofs.\n *\n * The tree and the proofs can be generated using our\n * https://github.com/OpenZeppelin/merkle-tree[JavaScript library].\n * You will find a quickstart guide in the readme.\n *\n * WARNING: You should avoid using leaf values that are 64 bytes long prior to\n * hashing, or use a hash function other than keccak256 for hashing leaves.\n * This is because the concatenation of a sorted pair of internal nodes in\n * the merkle tree could be reinterpreted as a leaf value.\n * OpenZeppelin's JavaScript library generates merkle trees that are safe\n * against this attack out of the box.\n */\nlibrary MerkleProof {\n    /**\n     * @dev Returns true if a `leaf` can be proved to be a part of a Merkle tree\n     * defined by `root`. For this, a `proof` must be provided, containing\n     * sibling hashes on the branch from the leaf to the root of the tree. Each\n     * pair of leaves and each pair of pre-images are assumed to be sorted.\n     */\n    function verify(bytes32[] memory proof, bytes32 root, bytes32 leaf) internal pure returns (bool) {\n        return processProof(proof, leaf) == root;\n    }\n\n    /**\n     * @dev Calldata version of {verify}\n     *\n     * _Available since v4.7._\n     */\n    function verifyCalldata(bytes32[] calldata proof, bytes32 root, bytes32 leaf) internal pure returns (bool) {\n        return processProofCalldata(proof, leaf) == root;\n    }\n\n    /**\n     * @dev Returns the rebuilt hash obtained by traversing a Merkle tree up\n     * from `leaf` using `proof`. A `proof` is valid if and only if the rebuilt\n     * hash matches the root of the tree. When processing the proof, the pairs\n     * of leafs & pre-images are assumed to be sorted.\n     *\n     * _Available since v4.4._\n     */\n    function processProof(bytes32[] memory proof, bytes32 leaf) internal pure returns (bytes32) {\n        bytes32 computedHash = leaf;\n        for (uint256 i = 0; i < proof.length; i++) {\n            computedHash = _hashPair(computedHash, proof[i]);\n        }\n        return computedHash;\n    }\n\n    /**\n     * @dev Calldata version of {processProof}\n     *\n     * _Available since v4.7._\n     */\n    function processProofCalldata(bytes32[] calldata proof, bytes32 leaf) internal pure returns (bytes32) {\n        bytes32 computedHash = leaf;\n        for (uint256 i = 0; i < proof.length; i++) {\n            computedHash = _hashPair(computedHash, proof[i]);\n        }\n        return computedHash;\n    }\n\n    /**\n     * @dev Returns true if the `leaves` can be simultaneously proven to be a part of a merkle tree defined by\n     * `root`, according to `proof` and `proofFlags` as described in {processMultiProof}.\n     *\n     * CAUTION: Not all merkle trees admit multiproofs. See {processMultiProof} for details.\n     *\n     * _Available since v4.7._\n     */\n    function multiProofVerify(\n        bytes32[] memory proof,\n        bool[] memory proofFlags,\n        bytes32 root,\n        bytes32[] memory leaves\n    ) internal pure returns (bool) {\n        return processMultiProof(proof, proofFlags, leaves) == root;\n    }\n\n    /**\n     * @dev Calldata version of {multiProofVerify}\n     *\n     * CAUTION: Not all merkle trees admit multiproofs. See {processMultiProof} for details.\n     *\n     * _Available since v4.7._\n     */\n    function multiProofVerifyCalldata(\n        bytes32[] calldata proof,\n        bool[] calldata proofFlags,\n        bytes32 root,\n        bytes32[] memory leaves\n    ) internal pure returns (bool) {\n        return processMultiProofCalldata(proof, proofFlags, leaves) == root;\n    }\n\n    /**\n     * @dev Returns the root of a tree reconstructed from `leaves` and sibling nodes in `proof`. The reconstruction\n     * proceeds by incrementally reconstructing all inner nodes by combining a leaf/inner node with either another\n     * leaf/inner node or a proof sibling node, depending on whether each `proofFlags` item is true or false\n     * respectively.\n     *\n     * CAUTION: Not all merkle trees admit multiproofs. To use multiproofs, it is sufficient to ensure that: 1) the tree\n     * is complete (but not necessarily perfect), 2) the leaves to be proven are in the opposite order they are in the\n     * tree (i.e., as seen from right to left starting at the deepest layer and continuing at the next layer).\n     *\n     * _Available since v4.7._\n     */\n    function processMultiProof(\n        bytes32[] memory proof,\n        bool[] memory proofFlags,\n        bytes32[] memory leaves\n    ) internal pure returns (bytes32 merkleRoot) {\n        // This function rebuilds the root hash by traversing the tree up from the leaves. The root is rebuilt by\n        // consuming and producing values on a queue. The queue starts with the `leaves` array, then goes onto the\n        // `hashes` array. At the end of the process, the last hash in the `hashes` array should contain the root of\n        // the merkle tree.\n        uint256 leavesLen = leaves.length;\n        uint256 proofLen = proof.length;\n        uint256 totalHashes = proofFlags.length;\n\n        // Check proof validity.\n        require(leavesLen + proofLen - 1 == totalHashes, \"MerkleProof: invalid multiproof\");\n\n        // The xxxPos values are \"pointers\" to the next value to consume in each array. All accesses are done using\n        // `xxx[xxxPos++]`, which return the current value and increment the pointer, thus mimicking a queue's \"pop\".\n        bytes32[] memory hashes = new bytes32[](totalHashes);\n        uint256 leafPos = 0;\n        uint256 hashPos = 0;\n        uint256 proofPos = 0;\n        // At each step, we compute the next hash using two values:\n        // - a value from the \"main queue\". If not all leaves have been consumed, we get the next leaf, otherwise we\n        //   get the next hash.\n        // - depending on the flag, either another value from the \"main queue\" (merging branches) or an element from the\n        //   `proof` array.\n        for (uint256 i = 0; i < totalHashes; i++) {\n            bytes32 a = leafPos < leavesLen ? leaves[leafPos++] : hashes[hashPos++];\n            bytes32 b = proofFlags[i]\n                ? (leafPos < leavesLen ? leaves[leafPos++] : hashes[hashPos++])\n                : proof[proofPos++];\n            hashes[i] = _hashPair(a, b);\n        }\n\n        if (totalHashes > 0) {\n            require(proofPos == proofLen, \"MerkleProof: invalid multiproof\");\n            unchecked {\n                return hashes[totalHashes - 1];\n            }\n        } else if (leavesLen > 0) {\n            return leaves[0];\n        } else {\n            return proof[0];\n        }\n    }\n\n    /**\n     * @dev Calldata version of {processMultiProof}.\n     *\n     * CAUTION: Not all merkle trees admit multiproofs. See {processMultiProof} for details.\n     *\n     * _Available since v4.7._\n     */\n    function processMultiProofCalldata(\n        bytes32[] calldata proof,\n        bool[] calldata proofFlags,\n        bytes32[] memory leaves\n    ) internal pure returns (bytes32 merkleRoot) {\n        // This function rebuilds the root hash by traversing the tree up from the leaves. The root is rebuilt by\n        // consuming and producing values on a queue. The queue starts with the `leaves` array, then goes onto the\n        // `hashes` array. At the end of the process, the last hash in the `hashes` array should contain the root of\n        // the merkle tree.\n        uint256 leavesLen = leaves.length;\n        uint256 proofLen = proof.length;\n        uint256 totalHashes = proofFlags.length;\n\n        // Check proof validity.\n        require(leavesLen + proofLen - 1 == totalHashes, \"MerkleProof: invalid multiproof\");\n\n        // The xxxPos values are \"pointers\" to the next value to consume in each array. All accesses are done using\n        // `xxx[xxxPos++]`, which return the current value and increment the pointer, thus mimicking a queue's \"pop\".\n        bytes32[] memory hashes = new bytes32[](totalHashes);\n        uint256 leafPos = 0;\n        uint256 hashPos = 0;\n        uint256 proofPos = 0;\n        // At each step, we compute the next hash using two values:\n        // - a value from the \"main queue\". If not all leaves have been consumed, we get the next leaf, otherwise we\n        //   get the next hash.\n        // - depending on the flag, either another value from the \"main queue\" (merging branches) or an element from the\n        //   `proof` array.\n        for (uint256 i = 0; i < totalHashes; i++) {\n            bytes32 a = leafPos < leavesLen ? leaves[leafPos++] : hashes[hashPos++];\n            bytes32 b = proofFlags[i]\n                ? (leafPos < leavesLen ? leaves[leafPos++] : hashes[hashPos++])\n                : proof[proofPos++];\n            hashes[i] = _hashPair(a, b);\n        }\n\n        if (totalHashes > 0) {\n            require(proofPos == proofLen, \"MerkleProof: invalid multiproof\");\n            unchecked {\n                return hashes[totalHashes - 1];\n            }\n        } else if (leavesLen > 0) {\n            return leaves[0];\n        } else {\n            return proof[0];\n        }\n    }\n\n    function _hashPair(bytes32 a, bytes32 b) private pure returns (bytes32) {\n        return a < b ? _efficientHash(a, b) : _efficientHash(b, a);\n    }\n\n    function _efficientHash(bytes32 a, bytes32 b) private pure returns (bytes32 value) {\n        /// @solidity memory-safe-assembly\n        assembly {\n            mstore(0x00, a)\n            mstore(0x20, b)\n            value := keccak256(0x00, 0x40)\n        }\n    }\n}\n"}, "@openzeppelin/contracts/utils/structs/BitMaps.sol": {"content": "// SPDX-License-Identifier: MIT\n// OpenZeppelin Contracts (last updated v4.9.0) (utils/structs/BitMaps.sol)\npragma solidity ^0.8.30;\n\n/**\n * @dev Library for managing uint256 to bool mapping in a compact and efficient way, providing the keys are sequential.\n * Largely inspired by Uniswap's https://github.com/Uniswap/merkle-distributor/blob/master/contracts/MerkleDistributor.sol[merkle-distributor].\n */\nlibrary BitMaps {\n    struct BitMap {\n        mapping(uint256 => uint256) _data;\n    }\n\n    /**\n     * @dev Returns whether the bit at `index` is set.\n     */\n    function get(BitMap storage bitmap, uint256 index) internal view returns (bool) {\n        uint256 bucket = index >> 8;\n        uint256 mask = 1 << (index & 0xff);\n        return bitmap._data[bucket] & mask != 0;\n    }\n\n    /**\n     * @dev Sets the bit at `index` to the boolean `value`.\n     */\n    function setTo(BitMap storage bitmap, uint256 index, bool value) internal {\n        if (value) {\n            set(bitmap, index);\n        } else {\n            unset(bitmap, index);\n        }\n    }\n\n    /**\n     * @dev Sets the bit at `index`.\n     */\n    function set(BitMap storage bitmap, uint256 index) internal {\n        uint256 bucket = index >> 8;\n        uint256 mask = 1 << (index & 0xff);\n        bitmap._data[bucket] |= mask;\n    }\n\n    /**\n     * @dev Unsets the bit at `index`.\n     */\n    function unset(BitMap storage bitmap, uint256 index) internal {\n        uint256 bucket = index >> 8;\n        uint256 mask = 1 << (index & 0xff);\n        bitmap._data[bucket] &= ~mask;\n    }\n}\n"}, "contracts/editions/EIP712Editions.sol": {"content": "// SPDX-License-Identifier: AGPL-3.0\npragma solidity ^0.8.30;\nimport \"../shared/EIP712Base.sol\";\n\nabstract contract EIP712Editions is EIP712Base {\n    struct MintOffer {\n        uint8 v;\n        bytes32 r;\n        bytes32 s;\n        address nftContract;\n        string uri;\n        uint256 cost;\n        uint256 startDate;\n        uint256 endDate;\n        uint256 maxToMint;\n        uint256 maxPerWallet;\n        bytes32 merkleRoot;\n        uint256 deadline;\n        uint256 counter;\n        uint256 nonce;\n    }\n\n    function _verifySellMintOffer(MintOffer calldata packet) internal virtual returns (address) {\n        return _verifySig(\n            abi.encode(\n                keccak256(\n                    \"SellOffer(address nftContract,string uri,uint256 cost,uint256 startDate,uint256 endDate,uint256 maxToMint,uint256 maxPerWallet,bytes32 merkleRoot,uint256 deadline,uint256 counter,uint256 nonce)\"\n                ),\n                packet.nftContract,\n                keccak256(abi.encodePacked(packet.uri)),\n                packet.cost,\n                packet.startDate,\n                packet.endDate,\n                packet.maxToMint,\n                packet.maxPerWallet,\n                packet.merkleRoot,\n                packet.deadline,\n                packet.counter,\n                packet.nonce\n            ),\n            packet.v,\n            packet.r,\n            packet.s\n        );\n    }\n\n    struct MintOfferAttestation {\n        uint8 v;\n        bytes32 r;\n        bytes32 s;\n        uint256 deadline;\n        bytes32 offerHash;\n    }\n\n    function _verifyAttestation(MintOfferAttestation calldata packet) internal virtual returns (address) {\n        return _verifySig(\n            abi.encode(\n                keccak256(\n                    \"MintOfferAttestation(uint256 deadline,bytes32 offerHash)\"\n                ),\n                packet.deadline,\n                packet.offerHash\n            ),\n            packet.v,\n            packet.r,\n            packet.s\n        );\n    }\n}\n"}, "contracts/editions/SealedEditions.sol": {"content": "pragma solidity ^0.8.30;\n\nimport \"./EIP712Editions.sol\";\nimport \"../shared/Nonces.sol\";\nimport \"@openzeppelin/contracts/access/Ownable.sol\";\nimport \"@openzeppelin/contracts/utils/cryptography/MerkleProof.sol\";\n\ninterface UserCollection {\n    function mintExtensionNew(address[] calldata to, uint256[] calldata amounts, string[] calldata uris) external returns (uint256[] memory);\n    function mintExtensionExisting(address[] calldata to, uint256[] calldata tokenIds, uint256[] calldata amounts) external;\n    function isAdmin(address admin) external view returns (bool);\n}\n\ninterface IDelegationRegistry {\n    function checkDelegateForContract(address to, address from, address contract_, bytes32 rights) external view returns (bool valid);\n}\n\ncontract SealedEditions is EIP712Editions, Ownable, Nonces {\n    mapping(bytes32 => uint256) public editionsMinted;\n    mapping(address => mapping(uint256 => uint256)) public nonceToNftId;\n    mapping(address => mapping(uint256 => mapping(address => uint256))) public nftsMintedByAddress;\n    address public sequencer; // Invariant: always different than address(0)\n    uint256 internal constant MIN_WITHOUT_FEE = 0.9e18; // 90%\n    uint256 public feeMultiplier = 0.98e18; // Invariant: between 90% and 100%\n\n    constructor(address _sequencer) {\n        require(_sequencer != address(0), \"0x0 sequencer not allowed\");\n        sequencer = _sequencer;\n    }\n\n    event AdminConfigChanged(address sequencer, uint feeMultiplier);\n\n    function changeAdminConfig(address _sequencer, uint _feeMultiplier) external onlyOwner {\n        require(_sequencer != address(0), \"0x0 sequencer not allowed\");\n        sequencer = _sequencer;\n        require(_feeMultiplier >= MIN_WITHOUT_FEE && _feeMultiplier <= 1e18, \">MAX_PROTOCOL_FEE\");\n        feeMultiplier = _feeMultiplier;\n        emit AdminConfigChanged(_sequencer, _feeMultiplier);\n    }\n\n    event FeesWithdrawn(address receiver);\n\n    function withdrawFees(address payable receiver) external onlyOwner {\n        _transferETH(receiver, address(this).balance);\n        emit FeesWithdrawn(receiver);\n    }\n\n    function _transferETH(address payable receiver, uint256 amount) internal {\n        (bool success,) = receiver.call{value: amount}(\"\");\n        require(success, \"eth send\"); // if it fails to send then reverting is ok since its seller thats causing it to fail\n    }\n\n    function _distributePrimarySale(uint256 cost, uint256 amount, address payable seller) internal {\n        if(cost > 0){\n            uint total = amount * cost;\n            require(msg.value == total, \"msg.value\");\n            uint256 amountWithoutFee = (total * feeMultiplier) / 1e18;\n            _transferETH(seller, amountWithoutFee);\n        }\n    }\n\n    function calculateEditionHash(address nftContract, uint nftId, uint cost, uint startDate, uint endDate, uint maxToMint, uint maxPerWallet, address seller, bytes32 merkleRoot) pure public returns (bytes32) {\n        return keccak256(abi.encode(nftContract, nftId, cost, startDate, endDate, maxToMint, maxPerWallet, seller, merkleRoot));\n    }\n\n    modifier nftAdmin(address nftContract) {\n        require(UserCollection(nftContract).isAdmin(msg.sender), \"Wallet is not an administrator for contract\");\n        _;\n    }\n\n    /*\n    We could add a function to reject a specific signature onchain by setting:\n        nonceToNftId[msg.sender][nonce] = 1;\n\n    However this would create a potential attack where:\n        1. Seller creates a mint for a bad NFT with nftId = 0\n        2. Seller lists another more appealing NFT through a signature\n        3. User sends a tx calling mintNew()\n        4. Seller finds the tx in mempool and frontruns it by calling cancelOffer() to set nonceToNftId to 1\n        5. User's tx is executed and mints nft with nftId = 0 instead of the new NFT\n\n    There's very little incentive for this attack, because seller is already selling an NFT and by doing this attack they'd be ruining their own reputation,\n    however it's still bad, so for that reason we didn't add this function.\n\n    Instead, on-chain rejections will be handled with increaseCounter(), but we expect most rejections to be handled off-chain through the sequencer.\n    */\n\n    event MintCreated(address nftContract, uint nftId, uint cost, uint startDate, uint endDate, uint maxToMint, uint maxPerWallet, address seller, bytes32 merkleRoot);\n    event Mint(address nftContract, uint tokenId, uint amount, uint price, address seller, address buyer);\n\n    function verifyNewMint(MintOffer calldata offer, MintOfferAttestation calldata attestation, uint amount, address seller, uint realCost) internal returns (uint nftId){\n        require(amount > 0, \"amount != 0\");\n        require(attestation.deadline > block.timestamp && offer.deadline > block.timestamp && offer.endDate > block.timestamp, \">deadline\");\n        nonceToNftId[seller][offer.nonce] = type(uint).max; // temporary value to avoid reentrancy\n        require(seller != address(0) && UserCollection(offer.nftContract).isAdmin(seller), \"!auth\");\n        require(offer.counter > accountCounter[seller], \"<counter\");\n        require(attestation.offerHash == keccak256(abi.encode(\n            msg.sender,\n            seller,\n            offer.nftContract,\n            offer.uri,\n            offer.cost,\n            offer.startDate,\n            offer.endDate,\n            offer.maxToMint,\n            offer.maxPerWallet,\n            offer.merkleRoot,\n            offer.deadline,\n            offer.counter,\n            offer.nonce\n        )), \"!offerHash\");\n        require(_verifyAttestation(attestation) == sequencer, \"!sequencer\"); // No need to check against address(0) because sequencer will never be 0x0\n\n        address[] memory to = new address[](1);\n        to[0] = msg.sender;\n        uint[] memory amounts = new uint[](1);\n        amounts[0] = amount;\n        string[] memory uris = new string[](1);\n        uris[0] = offer.uri;\n        uint[] memory nftIds = UserCollection(offer.nftContract).mintExtensionNew(to, amounts, uris); // if its an ipfs uri, separating prefix doesnt improve gas\n\n        nftId = nftIds[0];\n        nonceToNftId[seller][offer.nonce] = (nftId << 1) | 1; // assumes nftId will always be < 2**254\n        bytes32 editionHash = calculateEditionHash(offer.nftContract, nftId, offer.cost, offer.startDate, offer.endDate, offer.maxToMint, offer.maxPerWallet, seller, offer.merkleRoot);\n        editionsMinted[editionHash] += amount;\n        require(editionsMinted[editionHash] <= offer.maxToMint, \">maxToMint\");\n        _distributePrimarySale(realCost, amount, payable(seller));\n        emit MintCreated(offer.nftContract, nftId, offer.cost, offer.startDate, offer.endDate, offer.maxToMint, offer.maxPerWallet, seller, offer.merkleRoot);\n        emit Mint(offer.nftContract, nftId, amount, realCost, seller, msg.sender);\n    }\n\n    function checkMaxPerWallet(address nftContract, uint nftId, uint amount, uint maxPerWallet) internal {\n        if(maxPerWallet != 0){\n            uint newMinted = nftsMintedByAddress[nftContract][nftId][msg.sender] + amount;\n            nftsMintedByAddress[nftContract][nftId][msg.sender] = newMinted;\n            require(newMinted <= maxPerWallet, \">maxPerWallet\");\n        }\n    }\n\n    // IMPORTANT: All modifications to the same offer should reuse the same nonce\n    function mintNew(MintOffer calldata offer, MintOfferAttestation calldata attestation, uint amount) external payable {\n        require(offer.startDate < block.timestamp, \"startDate\");\n        address seller = _verifySellMintOffer(offer);\n        uint nftId = nonceToNftId[seller][offer.nonce];\n        if(nftId != 0){\n            mint(amount, offer.nftContract, nftId >> 1, offer.cost, offer.startDate, offer.endDate, offer.maxToMint, offer.maxPerWallet, seller, offer.merkleRoot);\n            return;\n        }\n        \n        uint mintedNftId = verifyNewMint(offer, attestation, amount, seller, offer.cost);\n        checkMaxPerWallet(offer.nftContract, mintedNftId, amount, offer.maxPerWallet);\n    }\n\n    function mintNewWithMerkle(MintOffer calldata offer, MintOfferAttestation calldata attestation, uint amount,\n            bytes32[] calldata merkleProof, MerkleLeaf calldata merkleLeaf) external payable {\n        require(merkleLeaf.startDate < block.timestamp, \"startDate\");\n        address seller = _verifySellMintOffer(offer);\n        uint nftId = nonceToNftId[seller][offer.nonce];\n        if(nftId != 0){\n            mintWithMerkle(amount, offer.nftContract, nftId >> 1, offer.cost, offer.startDate, offer.endDate, offer.maxToMint, offer.maxPerWallet, seller, offer.merkleRoot, \n                merkleProof, merkleLeaf);\n            return;\n        }\n        \n        uint mintedNftId = verifyNewMint(offer, attestation, amount, seller, merkleLeaf.cost);\n        checkMerkle(offer.nftContract, mintedNftId, amount, offer.merkleRoot, merkleProof, merkleLeaf);\n    }\n\n    function editMint(address nftContract, uint nftId, uint cost, uint startDate, uint endDate, uint maxToMint, uint maxPerWallet, address seller, bytes32 merkleRoot,\n            uint newCost, uint newStartDate, uint newEndDate, uint newMaxToMint, uint newMaxPerWallet, address newSeller, bytes32 newMerkleRoot) external nftAdmin(nftContract) {\n        bytes32 oldEditionHash = calculateEditionHash(nftContract, nftId, cost, startDate, endDate, maxToMint, maxPerWallet, seller, merkleRoot);\n        uint minted = editionsMinted[oldEditionHash];\n        require(minted > 0, \"0 minted\");\n\n        editionsMinted[oldEditionHash] = type(uint256).max;\n\n        // To disable mint just set newMaxToMint = 0\n        bytes32 editionHash = calculateEditionHash(nftContract, nftId, newCost, newStartDate, newEndDate, newMaxToMint, newMaxPerWallet, newSeller, newMerkleRoot);\n        editionsMinted[editionHash] = minted;\n        emit MintCreated(nftContract, nftId, newCost, newStartDate, newEndDate, newMaxToMint, newMaxPerWallet, newSeller, newMerkleRoot);\n    }\n\n    struct MerkleLeaf {\n        address mintFor;\n        uint startDate;\n        uint cost;\n        uint maxMint;\n    }\n\n    function checkMerkle(address nftContract, uint nftId, uint amount,\n            bytes32 merkleRoot, bytes32[] calldata merkleProof, MerkleLeaf calldata merkleLeaf) internal {\n        if (merkleLeaf.mintFor != msg.sender) {\n            IDelegationRegistry dr = IDelegationRegistry(0x00000000000000447e69651d841bD8D104Bed493);\n            require(dr.checkDelegateForContract(msg.sender, merkleLeaf.mintFor, address(this), \"\"), \"Invalid delegate\");\n        }\n        bytes32 leaf = keccak256(abi.encode(merkleLeaf));\n        require(MerkleProof.verifyCalldata(merkleProof, merkleRoot, leaf), \"bad merkle proof\");\n        uint minted = nftsMintedByAddress[nftContract][nftId][merkleLeaf.mintFor];\n        minted += amount;\n        nftsMintedByAddress[nftContract][nftId][merkleLeaf.mintFor] = minted;\n        require(minted <= merkleLeaf.maxMint, \">maxMint\");\n    }\n\n    function mintWithMerkle(uint amount, address nftContract, uint nftId, uint cost, uint startDate, uint endDate, uint maxToMint, uint maxPerWallet, address seller, bytes32 merkleRoot,\n            bytes32[] calldata merkleProof, MerkleLeaf calldata merkleLeaf) payable public {\n        bytes32 editionHash = calculateEditionHash(nftContract, nftId, cost, startDate, endDate, maxToMint, maxPerWallet, seller, merkleRoot);\n        mintExisting(editionHash, amount, nftContract, nftId, merkleLeaf.cost, merkleLeaf.startDate, endDate, maxToMint, seller);\n        checkMerkle(nftContract, nftId, amount, merkleRoot, merkleProof, merkleLeaf);\n    }\n\n    function mintExisting(bytes32 editionHash, uint amount, address nftContract, uint nftId, uint cost, uint startDate, uint endDate, uint maxToMint, address seller) internal {\n        uint minted = editionsMinted[editionHash];\n        uint newMinted = minted + amount;\n        require(newMinted <= maxToMint && minted > 0, \">maxToMint\"); // not doing require() after write to save gas for ppl that go over limit\n        require(block.timestamp > startDate, \"<startDate\");\n        require(block.timestamp <= endDate, \">endDate\");\n        editionsMinted[editionHash] = newMinted;\n        _distributePrimarySale(cost, amount, payable(seller));\n\n        address[] memory to = new address[](1);\n        to[0] = msg.sender;\n        uint[] memory tokenIds = new uint[](1);\n        tokenIds[0] = nftId;\n        uint[] memory amounts = new uint[](1);\n        amounts[0] = amount;\n        UserCollection(nftContract).mintExtensionExisting(to, tokenIds, amounts);\n        emit Mint(nftContract, nftId, amount, cost, seller, msg.sender);\n    }\n\n    function mint(uint amount, address nftContract, uint nftId, uint cost, uint startDate, uint endDate, uint maxToMint, uint maxPerWallet, address seller, bytes32 merkleRoot) payable public {\n        bytes32 editionHash = calculateEditionHash(nftContract, nftId, cost, startDate, endDate, maxToMint, maxPerWallet, seller, merkleRoot);\n        mintExisting(editionHash, amount, nftContract, nftId, cost, startDate, endDate, maxToMint, seller);\n        checkMaxPerWallet(nftContract, nftId, amount, maxPerWallet);\n    }\n    \n    event Airdropped(address nftContract, uint nftId, address seller, address[] recipients, uint256[] amounts);\n\n    function airdrop(address nftContract, uint nftId, uint cost, uint startDate, uint endDate, uint maxToMint, uint maxPerWallet, address seller, bytes32 merkleRoot,\n        address[] calldata recipients, uint256[] calldata amounts) external nftAdmin(nftContract) {\n        require(recipients.length == amounts.length, \"Unequal number of recipients and amounts provided\");\n\n        uint256 totalAmount;\n        for (uint256 i; i < amounts.length;) {\n            totalAmount += amounts[i];\n            unchecked{ ++i; }\n        }\n\n        bytes32 editionHash = calculateEditionHash(nftContract, nftId, cost, startDate, endDate, maxToMint, maxPerWallet, seller, merkleRoot);\n        uint minted = editionsMinted[editionHash];\n        uint newMinted = minted + totalAmount;\n        require(newMinted <= maxToMint && minted > 0, \">maxToMint\");\n        editionsMinted[editionHash] = newMinted;\n\n        uint256[] memory tokenIds = new uint256[](1);\n        tokenIds[0] = nftId;\n        UserCollection(nftContract).mintExtensionExisting(recipients, tokenIds, amounts);\n        emit Airdropped(nftContract, nftId, msg.sender, recipients, amounts);\n    }\n}"}, "contracts/shared/EIP712Base.sol": {"content": "// SPDX-License-Identifier: AGPL-3.0\npragma solidity ^0.8.30;\n\nabstract contract EIP712Base {\n    /// -----------------------------------------------------------------------\n    /// Structs\n    /// -----------------------------------------------------------------------\n\n    /// -----------------------------------------------------------------------\n    /// Immutable parameters\n    /// -----------------------------------------------------------------------\n\n    /// @notice The chain ID used by EIP-712\n    uint256 internal immutable INITIAL_CHAIN_ID;\n\n    /// @notice The domain separator used by EIP-712\n    bytes32 internal immutable INITIAL_DOMAIN_SEPARATOR;\n\n    /// -----------------------------------------------------------------------\n    /// Constructor\n    /// -----------------------------------------------------------------------\n\n    constructor() {\n        INITIAL_CHAIN_ID = block.chainid;\n        INITIAL_DOMAIN_SEPARATOR = _computeDomainSeparator();\n    }\n\n    /// -----------------------------------------------------------------------\n    /// Packet verification\n    /// -----------------------------------------------------------------------\n\n    function _verifySig(bytes memory data, uint8 v, bytes32 r, bytes32 s) internal virtual returns (address) {\n        // verify signature\n        address recoveredAddress =\n            ecrecover(keccak256(abi.encodePacked(\"\\x19\\x01\", DOMAIN_SEPARATOR(), keccak256(data))), v, r, s);\n        return recoveredAddress;\n    }\n\n    /// -----------------------------------------------------------------------\n    /// EIP-712 compliance\n    /// -----------------------------------------------------------------------\n\n    /// @notice The domain separator used by EIP-712\n    function DOMAIN_SEPARATOR() public view virtual returns (bytes32) {\n        return block.chainid == INITIAL_CHAIN_ID ? INITIAL_DOMAIN_SEPARATOR : _computeDomainSeparator();\n    }\n\n    /// @notice Computes the domain separator used by EIP-712\n    function _computeDomainSeparator() internal view virtual returns (bytes32) {\n        return keccak256(\n            abi.encode(\n                keccak256(\"EIP712Domain(string name,string version,uint256 chainId,address verifyingContract)\"),\n                keccak256(\"SealedArtMarket\"),\n                keccak256(\"1\"),\n                block.chainid,\n                address(this)\n            )\n        );\n    }\n}\n"}, "contracts/shared/Nonces.sol": {"content": "pragma solidity ^0.8.30;\n\nimport {BitMaps} from \"@openzeppelin/contracts/utils/structs/BitMaps.sol\";\n\nabstract contract Nonces {\n    mapping(address => uint256) public accountCounter;\n\n    event CounterIncreased(address account, uint256 newCounter);\n\n    function increaseCounter(uint256 newCounter) external {\n        require(newCounter > accountCounter[msg.sender], \"too low\");\n        accountCounter[msg.sender] = newCounter;\n        emit CounterIncreased(msg.sender, newCounter);\n    }\n}"}}}