{"language": "Solidity", "sources": {"inline_array_singleton.sol": {"content": "// This caused a failure since the type was not converted to its mobile type.\ncontract C {\n    function f() public returns (uint256) {\n        return [4][0];\n    }\n}\n// ----\n// f() -> 4\n"}}, "settings": {"optimizer": {"enabled": true, "runs": 200}, "outputSelection": {"*": {"*": ["abi", "metadata", "evm.bytecode", "evm.deployedBytecode", "evm.methodIdentifiers", "evm.legacyAssembly", "evm.bytecode.opcodes", "yulCFGJson"]}}, "metadata": {"appendCBOR": false}, "viaIR": true}}