{"language": "Solidity", "sources": {"asm_address_constant_regression.sol": {"content": "// Test for regression of https://github.com/ethereum/solidity/issues/8406\n\ncontract C {\n  address constant e = 0x1212121212121212121212121000002134593163;\n\n  function f() public returns (bytes1 z) {\n    assembly { z := e }\n  }\n}\n// ----\n// f() -> 0x00\n"}}, "settings": {"optimizer": {"enabled": true, "runs": 200}, "outputSelection": {"*": {"*": ["abi", "metadata", "evm.bytecode", "evm.deployedBytecode", "evm.methodIdentifiers", "evm.legacyAssembly", "evm.bytecode.opcodes", "yulCFGJson"]}}, "metadata": {"appendCBOR": false}, "viaIR": true}}