{"language": "Solidity", "sources": {"checked_add_v2.sol": {"content": "pragma abicoder v2;\ncontract C {\n    function f(uint16 a, uint16 b) public returns (uint16) {\n        return a + b;\n    }\n}\n// ----\n// f(uint16,uint16): 65534, 0 -> 0xfffe\n// f(uint16,uint16): 65536, 0 -> FAILURE\n// f(uint16,uint16): 65535, 0 -> 0xffff\n// f(uint16,uint16): 65535, 1 -> FAILURE, hex\"4e487b71\", 0x11\n"}}, "settings": {"optimizer": {"enabled": true, "runs": 200}, "outputSelection": {"*": {"*": ["abi", "metadata", "evm.bytecode", "evm.deployedBytecode", "evm.methodIdentifiers", "evm.legacyAssembly", "evm.bytecode.opcodes", "yulCFGJson"]}}, "metadata": {"appendCBOR": false}, "viaIR": true}}