{"language": "Solidity", "sources": {"constructor_arguments_internal.sol": {"content": "contract Helper {\n    bytes3 name;\n    bool flag;\n\n    constructor(bytes3 x, bool f) {\n        name = x;\n        flag = f;\n    }\n\n    function getName() public returns (bytes3 ret) {\n        return name;\n    }\n\n    function getFlag() public returns (bool ret) {\n        return flag;\n    }\n}\n\n\ncontract Main {\n    Helper h;\n\n    constructor() {\n        h = new Helper(\"abc\", true);\n    }\n\n    function getFlag() public returns (bool ret) {\n        return h.getFlag();\n    }\n\n    function getName() public returns (bytes3 ret) {\n        return h.getName();\n    }\n}\n// ====\n// bytecodeFormat: legacy,>=EOFv1\n// ----\n// getFlag() -> true\n// getName() -> \"abc\"\n"}}, "settings": {"optimizer": {"enabled": true, "runs": 200}, "outputSelection": {"*": {"*": ["abi", "metadata", "evm.bytecode", "evm.deployedBytecode", "evm.methodIdentifiers", "evm.legacyAssembly", "evm.bytecode.opcodes", "yulCFGJson"]}}, "metadata": {"appendCBOR": false}, "viaIR": true}}