{"language": "Solidity", "sources": {"abi_encode_call.sol": {"content": "contract C {\n    bool x;\n\n    function c(uint256 a, uint256[] memory b) public {\n        require(a == 5);\n        require(b.length == 2);\n        require(b[0] == 6);\n        require(b[1] == 7);\n        x = true;\n    }\n\n    function f() public returns (bool) {\n        uint256 a = 5;\n        uint256[] memory b = new uint256[](2);\n        b[0] = 6;\n        b[1] = 7;\n        (bool success, ) = address(this).call(\n            abi.encodeWithSignature(\"c(uint256,uint256[])\", a, b)\n        );\n        require(success);\n        return x;\n    }\n}\n// ----\n// f() -> true\n"}}, "settings": {"optimizer": {"enabled": true, "runs": 200}, "outputSelection": {"*": {"*": ["abi", "metadata", "evm.bytecode", "evm.deployedBytecode", "evm.methodIdentifiers", "evm.legacyAssembly", "evm.bytecode.opcodes", "yulCFGJson"]}}, "metadata": {"appendCBOR": false}, "viaIR": true}}