{"language": "Solidity", "sources": {"calldata_struct_internal.sol": {"content": "pragma abicoder               v2;\n\nstruct S {\n    uint x;\n    uint y;\n}\n\ncontract C {\n    function f(S calldata s) internal pure returns (uint, uint) {\n        return (s.x, s.y);\n    }\n    function f(uint, S calldata s, uint) external pure returns (uint, uint) {\n        return f(s);\n    }\n}\n// ----\n// f(uint256,(uint256,uint256),uint256): 7, 1, 2, 4 -> 1, 2\n"}}, "settings": {"optimizer": {"enabled": true, "runs": 200}, "outputSelection": {"*": {"*": ["abi", "metadata", "evm.bytecode", "evm.deployedBytecode", "evm.methodIdentifiers", "evm.legacyAssembly", "evm.bytecode.opcodes", "yulCFGJson"]}}, "metadata": {"appendCBOR": false}, "viaIR": true}}