{"language": "Solidity", "sources": {"keccak256_packed_complex_types.sol": {"content": "contract C {\n    uint120[3] x;\n    function f() public returns (bytes32 hash1, bytes32 hash2, bytes32 hash3) {\n        uint120[] memory y = new uint120[](3);\n        x[0] = y[0] = uint120(type(uint).max - 1);\n        x[1] = y[1] = uint120(type(uint).max - 2);\n        x[2] = y[2] = uint120(type(uint).max - 3);\n        hash1 = keccak256(abi.encodePacked(x));\n        hash2 = keccak256(abi.encodePacked(y));\n        hash3 = keccak256(abi.encodePacked(C(address(0x1234))));\n    }\n}\n// ----\n// f() -> 0xba4f20407251e4607cd66b90bfea19ec6971699c03e4a4f3ea737d5818ac27ae, 0xba4f20407251e4607cd66b90bfea19ec6971699c03e4a4f3ea737d5818ac27ae, 0xe7490fade3a8e31113ecb6c0d2635e28a6f5ca8359a57afe914827f41ddf0848\n"}}, "settings": {"optimizer": {"enabled": true, "runs": 200}, "outputSelection": {"*": {"*": ["abi", "metadata", "evm.bytecode", "evm.deployedBytecode", "evm.methodIdentifiers", "evm.legacyAssembly", "evm.bytecode.opcodes", "yulCFGJson"]}}, "metadata": {"appendCBOR": false}, "viaIR": true}}