{"language": "Solidity", "sources": {"checked_modifier_called_by_unchecked.sol": {"content": "contract C {\n    modifier add(uint16 a, uint16 b) {\n        unchecked { a + b; }\n        _;\n    }\n\n    function f(uint16 a, uint16 b, uint16 c) public add(a, b) returns (uint16) {\n        return b + c;\n    }\n}\n// ----\n// f(uint16,uint16,uint16): 0xe000, 0xe500, 2 -> 58626\n// f(uint16,uint16,uint16): 0x1000, 0xe500, 0xe000 -> FAILURE, hex\"4e487b71\", 0x11\n"}}, "settings": {"optimizer": {"enabled": true, "runs": 200}, "outputSelection": {"*": {"*": ["abi", "metadata", "evm.bytecode", "evm.deployedBytecode", "evm.methodIdentifiers", "evm.legacyAssembly", "evm.bytecode.opcodes", "yulCFGJson"]}}, "metadata": {"appendCBOR": false}, "viaIR": true}}