{"language": "Solidity", "sources": {"push_no_args_1d.sol": {"content": "contract C {\n\tuint[] array;\n\n\tfunction f() public returns (uint) {\n\t\tuint y = array.push();\n\t\treturn y;\n\t}\n\n\tfunction lv(uint value) public {\n\t\tarray.push() = value;\n\t}\n\n\tfunction a(uint index) public view returns (uint) {\n\t\treturn array[index];\n\t}\n\n\tfunction l() public view returns (uint) {\n\t\treturn array.length;\n\t}\n\n}\n// ----\n// l() -> 0\n// lv(uint256): 42 ->\n// l() -> 1\n// a(uint256): 0 -> 42\n// f() -> 0\n// l() -> 2\n// a(uint256): 1 -> 0\n// lv(uint256): 111 ->\n// l() -> 3\n// a(uint256): 2 -> 111\n"}}, "settings": {"optimizer": {"enabled": true, "runs": 200}, "outputSelection": {"*": {"*": ["abi", "metadata", "evm.bytecode", "evm.deployedBytecode", "evm.methodIdentifiers", "evm.legacyAssembly", "evm.bytecode.opcodes", "yulCFGJson"]}}, "metadata": {"appendCBOR": false}, "viaIR": true}}