{"language": "Solidity", "sources": {"using_inherited_enum.sol": {"content": "contract base {\n    enum Choice {A, B, C}\n}\n\n\ncontract test is base {\n    function answer() public returns (Choice _ret) {\n        _ret = Choice.B;\n    }\n}\n// ----\n// answer() -> 1\n"}}, "settings": {"optimizer": {"enabled": true, "runs": 200}, "outputSelection": {"*": {"*": ["abi", "metadata", "evm.bytecode", "evm.deployedBytecode", "evm.methodIdentifiers", "evm.legacyAssembly", "evm.bytecode.opcodes", "yulCFGJson"]}}, "metadata": {"appendCBOR": false}, "viaIR": true}}