{"language": "Solidity", "sources": {"string_literal_assign_to_storage_bytes.sol": {"content": "contract C {\n    bytes public s = \"abc\";\n    bytes public s1 = \"abcd\";\n    function f() public {\n        s = \"abcd\";\n        s1 = \"abc\";\n    }\n    function g() public {\n        (s, s1) = (\"abc\", \"abcd\");\n    }\n}\n// ----\n// s() -> 0x20, 3, \"abc\"\n// s1() -> 0x20, 4, \"abcd\"\n// f() ->\n// s() -> 0x20, 4, \"abcd\"\n// s1() -> 0x20, 3, \"abc\"\n// g() ->\n// s() -> 0x20, 3, \"abc\"\n// s1() -> 0x20, 4, \"abcd\"\n"}}, "settings": {"optimizer": {"enabled": true, "runs": 200}, "outputSelection": {"*": {"*": ["abi", "metadata", "evm.bytecode", "evm.deployedBytecode", "evm.methodIdentifiers", "evm.legacyAssembly", "evm.bytecode.opcodes", "yulCFGJson"]}}, "metadata": {"appendCBOR": false}, "viaIR": true}}