{"language": "Solidity", "sources": {"calldata_array_two_dynamic.sol": {"content": "pragma abicoder               v2;\n\ncontract C {\n    function f(uint256[] calldata s1, uint256[] calldata s2, bool which) external pure returns (bytes memory) {\n        if (which)\n            return abi.encode(s1);\n        else\n            return abi.encode(s2);\n    }\n    function g(uint256[] calldata s1, uint256[] calldata s2, bool which) external view returns (bytes memory) {\n        return this.f(s1, s2, which);\n    }\n}\n// ====\n// EVMVersion: >homestead\n// ----\n// f(uint256[],uint256[],bool): 0x60, 0xE0, true, 3, 23, 42, 87, 2, 51, 72 -> 32, 160, 0x20, 3, 23, 42, 87\n// f(uint256[],uint256[],bool): 0x60, 0xE0, false, 3, 23, 42, 87, 2, 51, 72 -> 32, 128, 0x20, 2, 51, 72\n// g(uint256[],uint256[],bool): 0x60, 0xE0, true, 3, 23, 42, 87, 2, 51, 72 -> 32, 160, 0x20, 3, 23, 42, 87\n// g(uint256[],uint256[],bool): 0x60, 0xE0, false, 3, 23, 42, 87, 2, 51, 72 -> 32, 128, 0x20, 2, 51, 72\n"}}, "settings": {"optimizer": {"enabled": true, "runs": 200}, "outputSelection": {"*": {"*": ["abi", "metadata", "evm.bytecode", "evm.deployedBytecode", "evm.methodIdentifiers", "evm.legacyAssembly", "evm.bytecode.opcodes", "yulCFGJson"]}}, "metadata": {"appendCBOR": false}, "viaIR": true}}