{"language": "Solidity", "sources": {"abi_encode_empty_string.sol": {"content": "pragma abicoder v1;\ncontract C {\n    function f1() public returns (bytes memory) {\n        return abi.encode(\"\");\n    }\n    function f2(string calldata msg) public returns (bytes memory) {\n        return abi.encode(msg);\n    }\n    function g1() public returns (bytes memory) {\n        return abi.encodePacked(\"\");\n    }\n    function g2(string calldata msg) public returns (bytes memory) {\n        return abi.encodePacked(msg);\n    }\n    function h1() public returns (bytes memory) {\n        return abi.encodeWithSelector(0x00000001, \"\");\n    }\n    function h2(string calldata msg) public returns (bytes memory) {\n        return abi.encodeWithSelector(0x00000001, msg);\n    }\n}\n// ====\n// ABIEncoderV1Only: true\n// compileViaYul: false\n// ----\n// f1() -> 0x20, 0x40, 0x20, 0\n// f2(string): 0x20, 0 -> 0x20, 0x40, 0x20, 0\n// f2(string): 0x20, 0, 0 -> 0x20, 0x40, 0x20, 0\n// g1() -> 32, 0\n// g2(string): 0x20, 0 -> 0x20, 0\n// g2(string): 0x20, 0, 0 -> 0x20, 0\n// h1() -> 0x20, 0x44, 26959946667150639794667015087019630673637144422540572481103610249216, 862718293348820473429344482784628181556388621521298319395315527974912, 0\n// h2(string): 0x20, 0 -> 0x20, 0x44, 26959946667150639794667015087019630673637144422540572481103610249216, 862718293348820473429344482784628181556388621521298319395315527974912, 0\n// h2(string): 0x20, 0, 0 -> 0x20, 0x44, 26959946667150639794667015087019630673637144422540572481103610249216, 862718293348820473429344482784628181556388621521298319395315527974912, 0\n"}}, "settings": {"optimizer": {"enabled": true, "runs": 200}, "outputSelection": {"*": {"*": ["abi", "metadata", "evm.bytecode", "evm.deployedBytecode", "evm.methodIdentifiers", "evm.legacyAssembly", "evm.bytecode.opcodes", "yulCFGJson"]}}, "metadata": {"appendCBOR": false}, "viaIR": true}}