{"language": "Solidity", "sources": {"arrays_complex_from_and_to_storage.sol": {"content": "contract Test {\n    uint24[3][] public data;\n\n    function set(uint24[3][] memory _data) public returns (uint256) {\n        data = _data;\n        return data.length;\n    }\n\n    function get() public returns (uint24[3][] memory) {\n        return data;\n    }\n}\n// ----\n// set(uint24[3][]): 0x20, 0x06, 0x01, 0x02, 0x03, 0x04, 0x05, 0x06, 0x07, 0x08, 0x09, 0x0a, 0x0b, 0x0c, 0x0d, 0x0e, 0x0f, 0x10, 0x11, 0x12 -> 0x06\n// gas irOptimized: 185216\n// gas legacy: 211054\n// gas legacyOptimized: 206077\n// data(uint256,uint256): 0x02, 0x02 -> 0x09\n// data(uint256,uint256): 0x05, 0x01 -> 0x11\n// data(uint256,uint256): 0x06, 0x00 -> FAILURE\n// get() -> 0x20, 0x06, 0x01, 0x02, 0x03, 0x04, 0x05, 0x06, 0x07, 0x08, 0x09, 0x0a, 0x0b, 0x0c, 0x0d, 0x0e, 0x0f, 0x10, 0x11, 0x12\n"}}, "settings": {"optimizer": {"enabled": true, "runs": 200}, "outputSelection": {"*": {"*": ["abi", "metadata", "evm.bytecode", "evm.deployedBytecode", "evm.methodIdentifiers", "evm.legacyAssembly", "evm.bytecode.opcodes", "yulCFGJson"]}}, "metadata": {"appendCBOR": false}, "viaIR": true}}