{"language": "Solidity", "sources": {"delete_bytes_array.sol": {"content": "contract C {\n    bytes data;\n\n    function f() public returns (uint ret) {\n        data.push(\"a\");\n        data.push(\"b\");\n        delete data;\n        assembly {\n            ret := sload(data.slot)\n        }\n    }\n\n    function g() public returns (uint ret) {\n        assembly {\n            sstore(data.slot, 67)\n        }\n        data.push(\"a\");\n        data.push(\"b\");\n        assert(data.length == 35);\n        delete data;\n        assert(data.length == 0);\n\n        uint size = 999;\n        assembly {\n            size := sload(data.slot)\n            mstore(0, data.slot)\n            ret := sload(keccak256(0, 32))\n        }\n        assert(size == 0);\n    }\n}\n// ----\n// f() -> 0\n// g() -> 0\n"}}, "settings": {"optimizer": {"enabled": true, "runs": 200}, "outputSelection": {"*": {"*": ["abi", "metadata", "evm.bytecode", "evm.deployedBytecode", "evm.methodIdentifiers", "evm.legacyAssembly", "evm.bytecode.opcodes", "yulCFGJson"]}}, "metadata": {"appendCBOR": false}, "viaIR": true}}