{"language": "Solidity", "sources": {"calldata_array_of_struct_to_memory.sol": {"content": "pragma abicoder               v2;\n\n\ncontract C {\n    struct S {\n        uint256 a;\n        uint256 b;\n    }\n\n    function f(S[] calldata s)\n        external\n        pure\n        returns (uint256 l, uint256 a, uint256 b, uint256 c, uint256 d)\n    {\n        S[] memory m = s;\n        l = m.length;\n        a = m[0].a;\n        b = m[0].b;\n        c = m[1].a;\n        d = m[1].b;\n    }\n}\n// ----\n// f((uint256,uint256)[]): 0x20, 0x2, 0x1, 0x2, 0x3, 0x4 -> 2, 1, 2, 3, 4\n"}}, "settings": {"optimizer": {"enabled": true, "runs": 200}, "outputSelection": {"*": {"*": ["abi", "metadata", "evm.bytecode", "evm.deployedBytecode", "evm.methodIdentifiers", "evm.legacyAssembly", "evm.bytecode.opcodes", "yulCFGJson"]}}, "metadata": {"appendCBOR": false}, "viaIR": true}}