{"language": "Solidity", "sources": {"array_push_struct.sol": {"content": "contract c {\n    struct S {\n        uint16 a;\n        uint16 b;\n        uint16[3] c;\n        uint16[] d;\n    }\n    S[] data;\n\n    function test() public returns (uint16, uint16, uint16, uint16) {\n        S memory s;\n        s.a = 2;\n        s.b = 3;\n        s.c[2] = 4;\n        s.d = new uint16[](4);\n        s.d[2] = 5;\n        data.push(s);\n        return (data[0].a, data[0].b, data[0].c[2], data[0].d[2]);\n    }\n}\n// ----\n// test() -> 2, 3, 4, 5\n// gas irOptimized: 135329\n// gas legacy: 147437\n// gas legacyOptimized: 146429\n"}}, "settings": {"optimizer": {"enabled": true, "runs": 200}, "outputSelection": {"*": {"*": ["abi", "metadata", "evm.bytecode", "evm.deployedBytecode", "evm.methodIdentifiers", "evm.legacyAssembly", "evm.bytecode.opcodes", "yulCFGJson"]}}, "metadata": {"appendCBOR": false}, "viaIR": true}}