{"language": "Solidity", "sources": {"array_copy_storage_storage_dyn_dyn.sol": {"content": "\ncontract c {\n    uint[] data1;\n    uint[] data2;\n    function setData1(uint length, uint index, uint value) public {\n        data1 = new uint[](length);\n        if (index < length)\n            data1[index] = value;\n    }\n    function copyStorageStorage() public { data2 = data1; }\n    function getData2(uint index) public returns (uint len, uint val) {\n        len = data2.length; if (index < len) val = data2[index];\n    }\n}\n// ----\n// setData1(uint256,uint256,uint256): 10, 5, 4 ->\n// copyStorageStorage() ->\n// gas irOptimized: 111350\n// gas legacy: 109272\n// gas legacyOptimized: 109262\n// getData2(uint256): 5 -> 10, 4\n// setData1(uint256,uint256,uint256): 0, 0, 0 ->\n// copyStorageStorage() ->\n// getData2(uint256): 0 -> 0, 0\n// storageEmpty -> 1\n"}}, "settings": {"optimizer": {"enabled": true, "runs": 200}, "outputSelection": {"*": {"*": ["abi", "metadata", "evm.bytecode", "evm.deployedBytecode", "evm.methodIdentifiers", "evm.legacyAssembly", "evm.bytecode.opcodes", "yulCFGJson"]}}, "metadata": {"appendCBOR": false}, "viaIR": true}}