{"language": "Solidity", "sources": {"keccak256_multiple_arguments.sol": {"content": "contract c {\n    function foo(uint256 a, uint256 b, uint256 c) public returns (bytes32 d) {\n        d = keccak256(abi.encodePacked(a, b, c));\n    }\n}\n// ----\n// foo(uint256,uint256,uint256): 0xa, 0xc, 0xd -> 0xbc740a98aae5923e8f04c9aa798c9ee82f69e319997699f2782c40828db9fd81\n"}}, "settings": {"optimizer": {"enabled": true, "runs": 200}, "outputSelection": {"*": {"*": ["abi", "metadata", "evm.bytecode", "evm.deployedBytecode", "evm.methodIdentifiers", "evm.legacyAssembly", "evm.bytecode.opcodes", "yulCFGJson"]}}, "metadata": {"appendCBOR": false}, "viaIR": true}}