{"language": "Solidity", "sources": {"byte_array_pop_copy_long.sol": {"content": "contract c {\n    bytes data;\n\n    function test() public returns (bytes memory) {\n        for (uint256 i = 0; i < 33; i++) data.push(0x03);\n        for (uint256 j = 0; j < 4; j++) data.pop();\n        return data;\n    }\n}\n// ----\n// test() -> 0x20, 29, 0x0303030303030303030303030303030303030303030303030303030303000000\n// gas irOptimized: 109310\n// gas legacy: 101220\n// gas legacyOptimized: 123422\n"}}, "settings": {"optimizer": {"enabled": true, "runs": 200}, "outputSelection": {"*": {"*": ["abi", "metadata", "evm.bytecode", "evm.deployedBytecode", "evm.methodIdentifiers", "evm.legacyAssembly", "evm.bytecode.opcodes", "yulCFGJson"]}}, "metadata": {"appendCBOR": false}, "viaIR": true}}