{"language": "Solidity", "sources": {"indexed_log_topic_during_explicit_downcast_during_emissions.sol": {"content": "contract C {\n    event ev0(bytes1 indexed);\n    constructor() {\n        emit ev0(bytes1(bytes16(0x31313131313131313131313131313131)));\n    }\n    function j() external {\n        bytes1 x;\n        assembly { x := 0x3131313131313131313131313131313131313131313131313131313131313131 }\n        emit ev0(x);\n    }\n}\n// ----\n// constructor() ->\n// ~ emit ev0(bytes1): #\"1\"\n// gas legacy: 168735\n// j() ->\n// ~ emit ev0(bytes1): #\"1\"\n"}}, "settings": {"optimizer": {"enabled": true, "runs": 200}, "outputSelection": {"*": {"*": ["abi", "metadata", "evm.bytecode", "evm.deployedBytecode", "evm.methodIdentifiers", "evm.legacyAssembly", "evm.bytecode.opcodes", "yulCFGJson"]}}, "metadata": {"appendCBOR": false}, "viaIR": true}}