{"language": "Solidity", "sources": {"array_storage_pop_zero_length.sol": {"content": "contract C {\n    uint[] storageArray;\n    function popEmpty() public {\n        storageArray.pop();\n    }\n}\n// ====\n// EVMVersion: >=petersburg\n// ----\n// popEmpty() -> FAILURE, hex\"4e487b71\", 0x31\n"}}, "settings": {"optimizer": {"enabled": true, "runs": 200}, "outputSelection": {"*": {"*": ["abi", "metadata", "evm.bytecode", "evm.deployedBytecode", "evm.methodIdentifiers", "evm.legacyAssembly", "evm.bytecode.opcodes", "yulCFGJson"]}}, "metadata": {"appendCBOR": false}, "viaIR": true}}