{"language": "Solidity", "sources": {"calldata_array.sol": {"content": "pragma abicoder               v2;\n\ncontract C {\n    function g(uint256[] calldata) external pure returns (bytes memory) {\n        return msg.data;\n    }\n    function f(uint256[][1] calldata s) external view returns (bool) {\n        bytes memory a = this.g(s[0]);\n        uint256[] memory m = s[0];\n        bytes memory b = this.g(m);\n        assert(a.length == b.length);\n        for (uint i = 0; i < a.length; i++)\n            assert(a[i] == b[i]);\n        return true;\n    }\n}\n// ====\n// EVMVersion: >homestead\n// ----\n// f(uint256[][1]): 32, 32, 0 -> true\n// f(uint256[][1]): 32, 32, 1, 42 -> true\n// f(uint256[][1]): 32, 32, 8, 421, 422, 423, 424, 425, 426, 427, 428 -> true\n// gas irOptimized: 120978\n// gas legacy: 101568\n// gas legacyOptimized: 119092\n"}}, "settings": {"optimizer": {"enabled": true, "runs": 200}, "outputSelection": {"*": {"*": ["abi", "metadata", "evm.bytecode", "evm.deployedBytecode", "evm.methodIdentifiers", "evm.legacyAssembly", "evm.bytecode.opcodes", "yulCFGJson"]}}, "metadata": {"appendCBOR": false}, "viaIR": true}}