{"language": "Solidity", "sources": {"cleanup_bytes_types_shortening_OldCodeGen.sol": {"content": "contract C {\n    function f() public pure returns (bytes32 r) {\n        bytes4 x = 0xffffffff;\n        bytes2 y = bytes2(x);\n        assembly {\n            r := y\n        }\n        // At this point, r and y both store four bytes, but\n        // y is properly cleaned before the equality check\n        require(y == bytes2(0xffff));\n    }\n}\n// ====\n// compileViaYul: false\n// ----\n// f() -> 0xffffffff00000000000000000000000000000000000000000000000000000000\n"}}, "settings": {"optimizer": {"enabled": true, "runs": 200}, "outputSelection": {"*": {"*": ["abi", "metadata", "evm.bytecode", "evm.deployedBytecode", "evm.methodIdentifiers", "evm.legacyAssembly", "evm.bytecode.opcodes", "yulCFGJson"]}}, "metadata": {"appendCBOR": false}, "viaIR": true}}