{"language": "Solidity", "sources": {"function_unreferenced.sol": {"content": "contract B {\n    function g() public {}\n}\ncontract C is B {\n    bytes4 constant s2 = B.g.selector;\n    function f() external pure returns (bytes4) { return s2; }\n}\n// ----\n// f() -> 0xe2179b8e00000000000000000000000000000000000000000000000000000000\n"}}, "settings": {"optimizer": {"enabled": true, "runs": 200}, "outputSelection": {"*": {"*": ["abi", "metadata", "evm.bytecode", "evm.deployedBytecode", "evm.methodIdentifiers", "evm.legacyAssembly", "evm.bytecode.opcodes", "yulCFGJson"]}}, "metadata": {"appendCBOR": false}, "viaIR": true}}