{"language": "Solidity", "sources": {"signed_mod.sol": {"content": "contract C {\n    function f(int a, int b) public pure returns (int) {\n        return a % b;\n    }\n    function g(bool _check) public pure returns (int) {\n        int x = type(int).min;\n        if (_check) {\n            return x / -1;\n        } else {\n            unchecked { return x / -1; }\n        }\n    }\n}\n// ----\n// f(int256,int256): 7, 5 -> 2\n// f(int256,int256): 7, -5 -> 2\n// f(int256,int256): -7, 5 -> -2\n// f(int256,int256): -7, 5 -> -2\n// f(int256,int256): -5, -5 -> 0\n// g(bool): true -> FAILURE, hex\"4e487b71\", 0x11\n// g(bool): false -> -57896044618658097711785492504343953926634992332820282019728792003956564819968\n"}}, "settings": {"optimizer": {"enabled": true, "runs": 200}, "outputSelection": {"*": {"*": ["abi", "metadata", "evm.bytecode", "evm.deployedBytecode", "evm.methodIdentifiers", "evm.legacyAssembly", "evm.bytecode.opcodes", "yulCFGJson"]}}, "metadata": {"appendCBOR": false}, "viaIR": true}}