{"language": "Solidity", "sources": {"calldata_bytes_external.sol": {"content": "contract CalldataTest {\n    function test(bytes calldata x) public returns (bytes calldata) {\n        return x;\n    }\n    function tester(bytes calldata x) public returns (bytes1) {\n        return this.test(x)[2];\n    }\n}\n// ====\n// EVMVersion: >=byzantium\n// ----\n// tester(bytes): 0x20, 0x08, \"abcdefgh\" -> \"c\"\n"}}, "settings": {"optimizer": {"enabled": true, "runs": 200}, "outputSelection": {"*": {"*": ["abi", "metadata", "evm.bytecode", "evm.deployedBytecode", "evm.methodIdentifiers", "evm.legacyAssembly", "evm.bytecode.opcodes", "yulCFGJson"]}}, "metadata": {"appendCBOR": false}, "viaIR": true}}