{"language": "Solidity", "sources": {"calldata_array_dynamic.sol": {"content": "pragma abicoder               v2;\n\ncontract C {\n    function f(uint256[] calldata s) external pure returns (bytes memory) {\n        return abi.encode(s);\n    }\n    function g(uint256[] calldata s) external view returns (bytes memory) {\n        return this.f(s);\n    }\n    function h(uint8[] calldata s) external pure returns (bytes memory) {\n        return abi.encode(s);\n    }\n    function i(uint8[] calldata s) external view returns (bytes memory) {\n        return this.h(s);\n    }\n    function j(bytes calldata s) external pure returns (bytes memory) {\n        return abi.encode(s);\n    }\n    function k(bytes calldata s) external view returns (bytes memory) {\n        return this.j(s);\n    }\n}\n// ====\n// EVMVersion: >homestead\n// ----\n// f(uint256[]): 32, 3, 23, 42, 87 -> 32, 160, 32, 3, 23, 42, 87\n// g(uint256[]): 32, 3, 23, 42, 87 -> 32, 160, 32, 3, 23, 42, 87\n// h(uint8[]): 32, 3, 23, 42, 87 -> 32, 160, 32, 3, 23, 42, 87\n// i(uint8[]): 32, 3, 23, 42, 87 -> 32, 160, 32, 3, 23, 42, 87\n// h(uint8[]): 32, 3, 0xFF23, 0x1242, 0xAB87 -> FAILURE\n// i(uint8[]): 32, 3, 0xAB23, 0x1242, 0xFF87 -> FAILURE\n// j(bytes): 32, 3, hex\"123456\" -> 32, 96, 32, 3, left(0x123456)\n// k(bytes): 32, 3, hex\"AB33FF\" -> 32, 96, 32, 3, left(0xAB33FF)\n"}}, "settings": {"optimizer": {"enabled": true, "runs": 200}, "outputSelection": {"*": {"*": ["abi", "metadata", "evm.bytecode", "evm.deployedBytecode", "evm.methodIdentifiers", "evm.legacyAssembly", "evm.bytecode.opcodes", "yulCFGJson"]}}, "metadata": {"appendCBOR": false}, "viaIR": true}}