{"language": "Solidity", "sources": {"using_contract_enums_with_explicit_contract_name.sol": {"content": "contract test {\n    enum Choice {A, B, C}\n\n    function answer() public returns (test.Choice _ret) {\n        _ret = test.Choice.B;\n    }\n}\n// ----\n// answer() -> 1\n"}}, "settings": {"optimizer": {"enabled": true, "runs": 200}, "outputSelection": {"*": {"*": ["abi", "metadata", "evm.bytecode", "evm.deployedBytecode", "evm.methodIdentifiers", "evm.legacyAssembly", "evm.bytecode.opcodes", "yulCFGJson"]}}, "metadata": {"appendCBOR": false}, "viaIR": true}}