{"language": "Solidity", "sources": {"string_allocation_bug.sol": {"content": "contract Sample {\n    struct s {\n        uint16 x;\n        uint16 y;\n        string a;\n        string b;\n    }\n    s[2] public p;\n\n    constructor() {\n        s memory m;\n        m.x = 0xbbbb;\n        m.y = 0xcccc;\n        m.a = \"hello\";\n        m.b = \"world\";\n        p[0] = m;\n    }\n}\n// ----\n// p(uint256): 0x0 -> 0xbbbb, 0xcccc, 0x80, 0xc0, 0x05, \"hello\", 0x05, \"world\"\n"}}, "settings": {"optimizer": {"enabled": true, "runs": 200}, "outputSelection": {"*": {"*": ["abi", "metadata", "evm.bytecode", "evm.deployedBytecode", "evm.methodIdentifiers", "evm.legacyAssembly", "evm.bytecode.opcodes", "yulCFGJson"]}}, "metadata": {"appendCBOR": false}, "viaIR": true}}