{"language": "Solidity", "sources": {"fixed_arrays_in_constructors.sol": {"content": "contract Creator {\n    uint256 public r;\n    address public ch;\n\n    constructor(address[3] memory s, uint256 x) {\n        r = x;\n        ch = s[2];\n    }\n}\n// ----\n// constructor(): 1, 2, 3, 4 ->\n// gas irOptimized: 104102\n// gas irOptimized code: 22400\n// gas legacy: 115185\n// gas legacy code: 59000\n// gas legacyOptimized: 104908\n// gas legacyOptimized code: 23800\n// r() -> 4\n// ch() -> 3\n"}}, "settings": {"optimizer": {"enabled": true, "runs": 200}, "outputSelection": {"*": {"*": ["abi", "metadata", "evm.bytecode", "evm.deployedBytecode", "evm.methodIdentifiers", "evm.legacyAssembly", "evm.bytecode.opcodes", "yulCFGJson"]}}, "metadata": {"appendCBOR": false}, "viaIR": true}}