{"language": "Solidity", "sources": {"memory_dynamic_array_and_calldata_bytes.sol": {"content": "pragma abicoder v1;\n\ncontract C {\n    function f(uint256[] memory a, bytes calldata b) public returns (bytes memory) {\n        return abi.encode(a, b);\n    }\n\n    function g(uint256[] memory a, bytes calldata b) external returns (bytes memory) {\n        return f(a, b);\n    }\n}\n// ====\n// EVMVersion: >homestead\n// ----\n// f(uint256[],bytes): 0x40, 0x80, 1, 0xFF, 6, \"123456\" -> 0x20, 0xc0, 0x40, 0x80, 1, 0xff, 6, \"123456\"\n// g(uint256[],bytes): 0x40, 0x80, 1, 0xffff, 8, \"12345678\" -> 0x20, 0xc0, 0x40, 0x80, 1, 0xffff, 8, \"12345678\"\n"}}, "settings": {"optimizer": {"enabled": true, "runs": 200}, "outputSelection": {"*": {"*": ["abi", "metadata", "evm.bytecode", "evm.deployedBytecode", "evm.methodIdentifiers", "evm.legacyAssembly", "evm.bytecode.opcodes", "yulCFGJson"]}}, "metadata": {"appendCBOR": false}, "viaIR": true}}