{"language": "Solidity", "sources": {"calldata_nested_array_copy_to_memory.sol": {"content": "pragma abicoder v2;\n\ncontract Test {\n    struct shouldBug {\n        uint256[][2] deadly;\n    }\n    function killer(uint256[][2] calldata weapon) pure external returns (shouldBug memory) {\n        return shouldBug(weapon);\n    }\n}\n// ----\n// killer(uint256[][2]): 0x20, 0x40, 0x40, 2, 1, 2 -> 0x20, 0x20, 0x40, 0xa0, 2, 1, 2, 2, 1, 2\n"}}, "settings": {"optimizer": {"enabled": true, "runs": 200}, "outputSelection": {"*": {"*": ["abi", "metadata", "evm.bytecode", "evm.deployedBytecode", "evm.methodIdentifiers", "evm.legacyAssembly", "evm.bytecode.opcodes", "yulCFGJson"]}}, "metadata": {"appendCBOR": false}, "viaIR": true}}