{"language": "Solidity", "sources": {"copy_function_internal_storage_array.sol": {"content": "contract C {\n    function() internal returns (uint)[] x;\n    function() internal returns (uint)[] y;\n\n    function test() public returns (uint256) {\n        x = new function() internal returns (uint)[](10);\n        x[9] = a;\n        y = x;\n        return y[9]();\n    }\n\n    function a() public returns (uint256) {\n        return 7;\n    }\n}\n// ----\n// test() -> 7\n// gas irOptimized: 122459\n// gas legacy: 205176\n// gas legacyOptimized: 204971\n"}}, "settings": {"optimizer": {"enabled": true, "runs": 200}, "outputSelection": {"*": {"*": ["abi", "metadata", "evm.bytecode", "evm.deployedBytecode", "evm.methodIdentifiers", "evm.legacyAssembly", "evm.bytecode.opcodes", "yulCFGJson"]}}, "metadata": {"appendCBOR": false}, "viaIR": true}}