{"language": "Solidity", "sources": {"cleanup_address_types_v2.sol": {"content": "pragma abicoder               v2;\n\n\n// Checks that address types are properly cleaned before they are compared.\ncontract C {\n    function f(address a) public returns (uint256) {\n        if (a != 0x1234567890123456789012345678901234567890) return 1;\n        return 0;\n    }\n\n    function g(address payable a) public returns (uint256) {\n        if (a != 0x1234567890123456789012345678901234567890) return 1;\n        return 0;\n    }\n}\n// ----\n// f(address): 0xffff1234567890123456789012345678901234567890 -> FAILURE # We input longer data on purpose.#\n// g(address): 0xffff1234567890123456789012345678901234567890 -> FAILURE\n"}}, "settings": {"optimizer": {"enabled": true, "runs": 200}, "outputSelection": {"*": {"*": ["abi", "metadata", "evm.bytecode", "evm.deployedBytecode", "evm.methodIdentifiers", "evm.legacyAssembly", "evm.bytecode.opcodes", "yulCFGJson"]}}, "metadata": {"appendCBOR": false}, "viaIR": true}}