{"language": "Solidity", "sources": {"string_calldata_to_bytes_calldata.sol": {"content": "contract C {\n    function f(string calldata s) public returns (bytes calldata m) {\n        return bytes(s);\n    }\n}\n// ----\n// f(string): 0x20, 3, \"abc\" -> 0x20, 3, \"abc\"\n"}}, "settings": {"optimizer": {"enabled": true, "runs": 200}, "outputSelection": {"*": {"*": ["abi", "metadata", "evm.bytecode", "evm.deployedBytecode", "evm.methodIdentifiers", "evm.legacyAssembly", "evm.bytecode.opcodes", "yulCFGJson"]}}, "metadata": {"appendCBOR": false}, "viaIR": true}}