{"language": "Solidity", "sources": {"abi_encode_decode_simple.sol": {"content": "contract C {\n    function f() public pure returns (uint256, bytes memory) {\n        bytes memory arg = \"abcdefg\";\n        return abi.decode(abi.encode(uint256(33), arg), (uint256, bytes));\n    }\n}\n// ----\n// f() -> 0x21, 0x40, 0x7, \"abcdefg\"\n"}}, "settings": {"optimizer": {"enabled": true, "runs": 200}, "outputSelection": {"*": {"*": ["abi", "metadata", "evm.bytecode", "evm.deployedBytecode", "evm.methodIdentifiers", "evm.legacyAssembly", "evm.bytecode.opcodes", "yulCFGJson"]}}, "metadata": {"appendCBOR": false}, "viaIR": true}}