{"language": "Solidity", "sources": {"copy_removes_bytes_data.sol": {"content": "\ncontract c {\n    function set() public returns (bool) { data1 = msg.data; return true; }\n    function reset() public returns (bool) { data1 = data2; return true; }\n    bytes data1;\n    bytes data2;\n}\n// ----\n// set(): 1, 2, 3, 4, 5 -> true\n// gas irOptimized: 177344\n// gas legacy: 177953\n// gas legacyOptimized: 177550\n// storageEmpty -> 0\n// reset() -> true\n// storageEmpty -> 1\n"}}, "settings": {"optimizer": {"enabled": true, "runs": 200}, "outputSelection": {"*": {"*": ["abi", "metadata", "evm.bytecode", "evm.deployedBytecode", "evm.methodIdentifiers", "evm.legacyAssembly", "evm.bytecode.opcodes", "yulCFGJson"]}}, "metadata": {"appendCBOR": false}, "viaIR": true}}