{"language": "Solidity", "sources": {"array_pop_array_transition.sol": {"content": "contract c {\n    uint256 a;\n    uint256 b;\n    uint256 c;\n    uint16[] inner = [1, 2, 3, 4, 5, 6, 7, 8, 9, 10, 11, 12, 13, 14, 15, 16];\n    uint16[][] data;\n    function test() public returns (uint x, uint y, uint z) {\n        for (uint i = 1; i <= 48; i++)\n            data.push(inner);\n        for (uint j = 1; j <= 10; j++)\n            data.pop();\n        x = data[data.length - 1][0];\n        for (uint k = 1; k <= 10; k++)\n            data.pop();\n        y = data[data.length - 1][1];\n        for (uint l = 1; l <= 10; l++)\n            data.pop();\n        z = data[data.length - 1][2];\n        for (uint m = 1; m <= 18; m++)\n            data.pop();\n        delete inner;\n    }\n}\n// ----\n// test() -> 1, 2, 3\n// gas irOptimized: 1828226\n// gas legacy: 1822464\n// gas legacyOptimized: 1813404\n// storageEmpty -> 1\n"}}, "settings": {"optimizer": {"enabled": true, "runs": 200}, "outputSelection": {"*": {"*": ["abi", "metadata", "evm.bytecode", "evm.deployedBytecode", "evm.methodIdentifiers", "evm.legacyAssembly", "evm.bytecode.opcodes", "yulCFGJson"]}}, "metadata": {"appendCBOR": false}, "viaIR": true}}