{"language": "Solidity", "sources": {"abi_encode_empty_string_v2.sol": {"content": "// Tests that this will not end up using a \"bytes0\" type\n// (which would assert)\npragma abicoder               v2;\n\n\ncontract C {\n    function f() public pure returns (bytes memory, bytes memory) {\n        return (abi.encode(\"\"), abi.encodePacked(\"\"));\n    }\n}\n// ----\n// f() -> 0x40, 0xa0, 0x40, 0x20, 0x0, 0x0\n"}}, "settings": {"optimizer": {"enabled": true, "runs": 200}, "outputSelection": {"*": {"*": ["abi", "metadata", "evm.bytecode", "evm.deployedBytecode", "evm.methodIdentifiers", "evm.legacyAssembly", "evm.bytecode.opcodes", "yulCFGJson"]}}, "metadata": {"appendCBOR": false}, "viaIR": true}}