{"language": "Solidity", "sources": {"contract_array_v2.sol": {"content": "pragma abicoder               v2;\ncontract C {\n  function f(bytes calldata x) public returns (C[] memory) {\n    return abi.decode(x, (C[]));\n  }\n  function g() public returns (bytes memory) {\n    C[] memory c = new C[](3);\n    c[0] = C(address(0x42));\n    c[1] = C(address(0x21));\n    c[2] = C(address(0x23));\n    return abi.encode(c);\n  }\n}\n// ----\n// f(bytes): 0x20, 0xA0, 0x20, 3, 0x01, 0x02, 0x03 -> 0x20, 3, 0x01, 0x02, 0x03\n// f(bytes): 0x20, 0x60, 0x20, 1, 0x0102030405060708090a0b0c0d0e0f1011121314 -> 0x20, 1, 0x0102030405060708090a0b0c0d0e0f1011121314\n// f(bytes): 0x20, 0x60, 0x20, 1, 0x0102030405060708090a0b0c0d0e0f101112131415 -> FAILURE\n// g() -> 0x20, 0xa0, 0x20, 3, 0x42, 0x21, 0x23\n"}}, "settings": {"optimizer": {"enabled": true, "runs": 200}, "outputSelection": {"*": {"*": ["abi", "metadata", "evm.bytecode", "evm.deployedBytecode", "evm.methodIdentifiers", "evm.legacyAssembly", "evm.bytecode.opcodes", "yulCFGJson"]}}, "metadata": {"appendCBOR": false}, "viaIR": true}}