{"language": "Solidity", "sources": {"calldata_bytes_to_memory_encode.sol": {"content": "contract C {\n  function f(bytes calldata data) external returns (bytes memory) {\n    return abi.encode(bytes(data));\n  }\n}\n// ----\n// f(bytes): 0x20, 0x08, \"abcdefgh\" -> 0x20, 0x60, 0x20, 8, 44048183304486788309563647967830685498285570828042699209880294173606615711744\n"}}, "settings": {"optimizer": {"enabled": true, "runs": 200}, "outputSelection": {"*": {"*": ["abi", "metadata", "evm.bytecode", "evm.deployedBytecode", "evm.methodIdentifiers", "evm.legacyAssembly", "evm.bytecode.opcodes", "yulCFGJson"]}}, "metadata": {"appendCBOR": false}, "viaIR": true}}