{"language": "Solidity", "sources": {"calldata_arrays_too_large.sol": {"content": "contract C {\n    function f(uint a, uint[] calldata b, uint c) external pure returns (uint) {\n        return 7;\n    }\n}\n// ----\n// f(uint256,uint256[],uint256): 6, 0x60, 9, 0x8000000000000000000000000000000000000000000000000000000000000002, 1, 2 -> FAILURE\n"}}, "settings": {"optimizer": {"enabled": true, "runs": 200}, "outputSelection": {"*": {"*": ["abi", "metadata", "evm.bytecode", "evm.deployedBytecode", "evm.methodIdentifiers", "evm.legacyAssembly", "evm.bytecode.opcodes", "yulCFGJson"]}}, "metadata": {"appendCBOR": false}, "viaIR": true}}