{"language": "Solidity", "sources": {"abi_decode_static_array.sol": {"content": "contract C {\n    function f(bytes calldata data)\n        external\n        pure\n        returns (uint256[2][3] memory)\n    {\n        return abi.decode(data, (uint256[2][3]));\n    }\n}\n// ----\n// f(bytes): 0x20, 0xc0, 0x1, 0x2, 0x3, 0x4, 0x5, 0x6 -> 1, 2, 3, 4, 5, 6\n"}}, "settings": {"optimizer": {"enabled": true, "runs": 200}, "outputSelection": {"*": {"*": ["abi", "metadata", "evm.bytecode", "evm.deployedBytecode", "evm.methodIdentifiers", "evm.legacyAssembly", "evm.bytecode.opcodes", "yulCFGJson"]}}, "metadata": {"appendCBOR": false}, "viaIR": true}}