{"language": "Solidity", "sources": {"constant_string_at_file_level.sol": {"content": "bytes constant a = \"\\x03\\x01\\x02\";\nbytes constant b = hex\"030102\";\nstring constant c = \"hello\";\nuint256 constant x = 56;\nenum ActionChoices {GoLeft, GoRight, GoStraight, Sit}\nActionChoices constant choices = ActionChoices.GoRight;\nbytes32 constant st = \"abc\\x00\\xff__\";\n\ncontract C {\n    function f() public returns (bytes memory) {\n        return a;\n    }\n\n    function g() public returns (bytes memory) {\n        return b;\n    }\n\n    function h() public returns (bytes memory) {\n        return bytes(c);\n    }\n\n    function i() public returns (uint, ActionChoices, bytes32) {\n        return (x, choices, st);\n    }\n}\n// ----\n// f() -> 0x20, 3, \"\\x03\\x01\\x02\"\n// g() -> 0x20, 3, \"\\x03\\x01\\x02\"\n// h() -> 0x20, 5, \"hello\"\n// i() -> 0x38, 1, 0x61626300ff5f5f00000000000000000000000000000000000000000000000000\n"}}, "settings": {"optimizer": {"enabled": true, "runs": 200}, "outputSelection": {"*": {"*": ["abi", "metadata", "evm.bytecode", "evm.deployedBytecode", "evm.methodIdentifiers", "evm.legacyAssembly", "evm.bytecode.opcodes", "yulCFGJson"]}}, "metadata": {"appendCBOR": false}, "viaIR": true}}