{"language": "Solidity", "sources": {"error_static_calldata_uint_array_and_dynamic_array.sol": {"content": "contract C {\n    error E(uint[], uint[1]);\n\n    // This case used to be affected by the buggy cleanup due to ABIEncoderV2HeadOverflowWithStaticArrayCleanup bug.\n    function f(uint[] memory a, uint[1] calldata b) public {\n        revert E(a, b);\n    }\n}\n// ----\n// f(uint256[],uint256[1]): 0x40, 0xff, 1, 0xffff -> FAILURE, hex\"f42f106d\", 0x40, 0xff, 1, 0xffff\n"}}, "settings": {"optimizer": {"enabled": true, "runs": 200}, "outputSelection": {"*": {"*": ["abi", "metadata", "evm.bytecode", "evm.deployedBytecode", "evm.methodIdentifiers", "evm.legacyAssembly", "evm.bytecode.opcodes", "yulCFGJson"]}}, "metadata": {"appendCBOR": false}, "viaIR": true}}